869,Haikyuu!!,Anime *a* Manga,0,1
629,Haikyuu!!,Anime *a* Manga,1,2
795,Haikyuu!!,Anime *a* Manga,2,3
671,Haikyuu!!,Anime *a* Manga,3,4
793,Haikyuu!!,Anime *a* Manga,4,5
970,Haikyuu!!,Anime *a* Manga,5,6
947,Haikyuu!!,Anime *a* Manga,6,7
955,Haikyuu!!,Anime *a* Manga,7,8
923,Haikyuu!!,Anime *a* Manga,8,9
904,Haikyuu!!,Anime *a* Manga,9,10
883,Haikyuu!!,Anime *a* Manga,10,11
1124,Haikyuu!!,Anime *a* Manga,11,12
1225,Haikyuu!!,Anime *a* Manga,12,13
1039,Haikyuu!!,Anime *a* Manga,13,14
1063,Haikyuu!!,Anime *a* Manga,14,15
801,Haikyuu!!,Anime *a* Manga,15,16
1059,Haikyuu!!,Anime *a* Manga,16,17
1427,Haikyuu!!,Anime *a* Manga,17,18
1373,Haikyuu!!,Anime *a* Manga,18,19
1178,Haikyuu!!,Anime *a* Manga,19,20
1292,Haikyuu!!,Anime *a* Manga,20,21
1399,Haikyuu!!,Anime *a* Manga,21,22
1179,Haikyuu!!,Anime *a* Manga,22,23
1088,Haikyuu!!,Anime *a* Manga,23,24
1230,Haikyuu!!,Anime *a* Manga,24,25
758,Haikyuu!!,Anime *a* Manga,25,26
708,Haikyuu!!,Anime *a* Manga,26,27
594,Haikyuu!!,Anime *a* Manga,27,28
676,Haikyuu!!,Anime *a* Manga,28,29
725,Haikyuu!!,Anime *a* Manga,29,30
721,Haikyuu!!,Anime *a* Manga,30,31
443,Haikyuu!!,Anime *a* Manga,31,32
548,Haikyuu!!,Anime *a* Manga,32,33
654,Haikyuu!!,Anime *a* Manga,33,34
490,Haikyuu!!,Anime *a* Manga,34,35
390,Haikyuu!!,Anime *a* Manga,35,36
448,Shingeki no Kyojin | Attack on Titan,Anime *a* Manga,0,1
230,Shingeki no Kyojin | Attack on Titan,Anime *a* Manga,1,2
283,Shingeki no Kyojin | Attack on Titan,Anime *a* Manga,2,3
258,Shingeki no Kyojin | Attack on Titan,Anime *a* Manga,3,4
363,Shingeki no Kyojin | Attack on Titan,Anime *a* Manga,4,5
418,Shingeki no Kyojin | Attack on Titan,Anime *a* Manga,5,6
427,Shingeki no Kyojin | Attack on Titan,Anime *a* Manga,6,7
334,Shingeki no Kyojin | Attack on Titan,Anime *a* Manga,7,8
341,Shingeki no Kyojin | Attack on Titan,Anime *a* Manga,8,9
220,Shingeki no Kyojin | Attack on Titan,Anime *a* Manga,9,10
279,Shingeki no Kyojin | Attack on Titan,Anime *a* Manga,10,11
262,Shingeki no Kyojin | Attack on Titan,Anime *a* Manga,11,12
425,Shingeki no Kyojin | Attack on Titan,Anime *a* Manga,12,13
238,Shingeki no Kyojin | Attack on Titan,Anime *a* Manga,13,14
357,Shingeki no Kyojin | Attack on Titan,Anime *a* Manga,14,15
332,Shingeki no Kyojin | Attack on Titan,Anime *a* Manga,15,16
365,Shingeki no Kyojin | Attack on Titan,Anime *a* Manga,16,17
366,Shingeki no Kyojin | Attack on Titan,Anime *a* Manga,17,18
367,Shingeki no Kyojin | Attack on Titan,Anime *a* Manga,18,19
462,Shingeki no Kyojin | Attack on Titan,Anime *a* Manga,19,20
395,Shingeki no Kyojin | Attack on Titan,Anime *a* Manga,20,21
429,Shingeki no Kyojin | Attack on Titan,Anime *a* Manga,21,22
487,Shingeki no Kyojin | Attack on Titan,Anime *a* Manga,22,23
495,Shingeki no Kyojin | Attack on Titan,Anime *a* Manga,23,24
653,Shingeki no Kyojin | Attack on Titan,Anime *a* Manga,24,25
430,Shingeki no Kyojin | Attack on Titan,Anime *a* Manga,25,26
470,Shingeki no Kyojin | Attack on Titan,Anime *a* Manga,26,27
462,Shingeki no Kyojin | Attack on Titan,Anime *a* Manga,27,28
638,Shingeki no Kyojin | Attack on Titan,Anime *a* Manga,28,29
523,Shingeki no Kyojin | Attack on Titan,Anime *a* Manga,29,30
706,Shingeki no Kyojin | Attack on Titan,Anime *a* Manga,30,31
535,Shingeki no Kyojin | Attack on Titan,Anime *a* Manga,31,32
600,Shingeki no Kyojin | Attack on Titan,Anime *a* Manga,32,33
575,Shingeki no Kyojin | Attack on Titan,Anime *a* Manga,33,34
529,Shingeki no Kyojin | Attack on Titan,Anime *a* Manga,34,35
543,Shingeki no Kyojin | Attack on Titan,Anime *a* Manga,35,36
497,Naruto,Anime *a* Manga,0,1
439,Naruto,Anime *a* Manga,1,2
474,Naruto,Anime *a* Manga,2,3
421,Naruto,Anime *a* Manga,3,4
459,Naruto,Anime *a* Manga,4,5
472,Naruto,Anime *a* Manga,5,6
466,Naruto,Anime *a* Manga,6,7
379,Naruto,Anime *a* Manga,7,8
319,Naruto,Anime *a* Manga,8,9
372,Naruto,Anime *a* Manga,9,10
412,Naruto,Anime *a* Manga,10,11
331,Naruto,Anime *a* Manga,11,12
381,Naruto,Anime *a* Manga,12,13
289,Naruto,Anime *a* Manga,13,14
469,Naruto,Anime *a* Manga,14,15
386,Naruto,Anime *a* Manga,15,16
368,Naruto,Anime *a* Manga,16,17
348,Naruto,Anime *a* Manga,17,18
304,Naruto,Anime *a* Manga,18,19
296,Naruto,Anime *a* Manga,19,20
256,Naruto,Anime *a* Manga,20,21
352,Naruto,Anime *a* Manga,21,22
312,Naruto,Anime *a* Manga,22,23
286,Naruto,Anime *a* Manga,23,24
349,Naruto,Anime *a* Manga,24,25
246,Naruto,Anime *a* Manga,25,26
255,Naruto,Anime *a* Manga,26,27
250,Naruto,Anime *a* Manga,27,28
326,Naruto,Anime *a* Manga,28,29
306,Naruto,Anime *a* Manga,29,30
277,Naruto,Anime *a* Manga,30,31
242,Naruto,Anime *a* Manga,31,32
256,Naruto,Anime *a* Manga,32,33
314,Naruto,Anime *a* Manga,33,34
265,Naruto,Anime *a* Manga,34,35
201,Naruto,Anime *a* Manga,35,36
429,Hetalia: Axis Powers,Anime *a* Manga,0,1
267,Hetalia: Axis Powers,Anime *a* Manga,1,2
365,Hetalia: Axis Powers,Anime *a* Manga,2,3
363,Hetalia: Axis Powers,Anime *a* Manga,3,4
360,Hetalia: Axis Powers,Anime *a* Manga,4,5
363,Hetalia: Axis Powers,Anime *a* Manga,5,6
360,Hetalia: Axis Powers,Anime *a* Manga,6,7
302,Hetalia: Axis Powers,Anime *a* Manga,7,8
247,Hetalia: Axis Powers,Anime *a* Manga,8,9
241,Hetalia: Axis Powers,Anime *a* Manga,9,10
280,Hetalia: Axis Powers,Anime *a* Manga,10,11
334,Hetalia: Axis Powers,Anime *a* Manga,11,12
407,Hetalia: Axis Powers,Anime *a* Manga,12,13
262,Hetalia: Axis Powers,Anime *a* Manga,13,14
269,Hetalia: Axis Powers,Anime *a* Manga,14,15
254,Hetalia: Axis Powers,Anime *a* Manga,15,16
336,Hetalia: Axis Powers,Anime *a* Manga,16,17
404,Hetalia: Axis Powers,Anime *a* Manga,17,18
331,Hetalia: Axis Powers,Anime *a* Manga,18,19
350,Hetalia: Axis Powers,Anime *a* Manga,19,20
310,Hetalia: Axis Powers,Anime *a* Manga,20,21
293,Hetalia: Axis Powers,Anime *a* Manga,21,22
344,Hetalia: Axis Powers,Anime *a* Manga,22,23
384,Hetalia: Axis Powers,Anime *a* Manga,23,24
380,Hetalia: Axis Powers,Anime *a* Manga,24,25
285,Hetalia: Axis Powers,Anime *a* Manga,25,26
306,Hetalia: Axis Powers,Anime *a* Manga,26,27
342,Hetalia: Axis Powers,Anime *a* Manga,27,28
432,Hetalia: Axis Powers,Anime *a* Manga,28,29
409,Hetalia: Axis Powers,Anime *a* Manga,29,30
414,Hetalia: Axis Powers,Anime *a* Manga,30,31
399,Hetalia: Axis Powers,Anime *a* Manga,31,32
336,Hetalia: Axis Powers,Anime *a* Manga,32,33
319,Hetalia: Axis Powers,Anime *a* Manga,33,34
424,Hetalia: Axis Powers,Anime *a* Manga,34,35
376,Hetalia: Axis Powers,Anime *a* Manga,35,36
923,Yuri!!! on Ice (Anime),Anime *a* Manga,0,1
689,Yuri!!! on Ice (Anime),Anime *a* Manga,1,2
905,Yuri!!! on Ice (Anime),Anime *a* Manga,2,3
895,Yuri!!! on Ice (Anime),Anime *a* Manga,3,4
1058,Yuri!!! on Ice (Anime),Anime *a* Manga,4,5
1343,Yuri!!! on Ice (Anime),Anime *a* Manga,5,6
1286,Yuri!!! on Ice (Anime),Anime *a* Manga,6,7
1257,Yuri!!! on Ice (Anime),Anime *a* Manga,7,8
1355,Yuri!!! on Ice (Anime),Anime *a* Manga,8,9
1431,Yuri!!! on Ice (Anime),Anime *a* Manga,9,10
1898,Yuri!!! on Ice (Anime),Anime *a* Manga,10,11
2230,Yuri!!! on Ice (Anime),Anime *a* Manga,11,12
2587,Yuri!!! on Ice (Anime),Anime *a* Manga,12,13
1245,Yuri!!! on Ice (Anime),Anime *a* Manga,13,14
437,Yuri!!! on Ice (Anime),Anime *a* Manga,14,15
4,Yuri!!! on Ice (Anime),Anime *a* Manga,15,16
1,Yuri!!! on Ice (Anime),Anime *a* Manga,16,17
0,Yuri!!! on Ice (Anime),Anime *a* Manga,17,18
0,Yuri!!! on Ice (Anime),Anime *a* Manga,18,19
0,Yuri!!! on Ice (Anime),Anime *a* Manga,19,20
0,Yuri!!! on Ice (Anime),Anime *a* Manga,20,21
0,Yuri!!! on Ice (Anime),Anime *a* Manga,21,22
0,Yuri!!! on Ice (Anime),Anime *a* Manga,22,23
0,Yuri!!! on Ice (Anime),Anime *a* Manga,23,24
0,Yuri!!! on Ice (Anime),Anime *a* Manga,24,25
0,Yuri!!! on Ice (Anime),Anime *a* Manga,25,26
0,Yuri!!! on Ice (Anime),Anime *a* Manga,26,27
0,Yuri!!! on Ice (Anime),Anime *a* Manga,27,28
0,Yuri!!! on Ice (Anime),Anime *a* Manga,28,29
0,Yuri!!! on Ice (Anime),Anime *a* Manga,29,30
0,Yuri!!! on Ice (Anime),Anime *a* Manga,30,31
0,Yuri!!! on Ice (Anime),Anime *a* Manga,31,32
0,Yuri!!! on Ice (Anime),Anime *a* Manga,32,33
0,Yuri!!! on Ice (Anime),Anime *a* Manga,33,34
0,Yuri!!! on Ice (Anime),Anime *a* Manga,34,35
0,Yuri!!! on Ice (Anime),Anime *a* Manga,35,36
130,Kuroko no Basuke | Kuroko's Basketball,Anime *a* Manga,0,1
104,Kuroko no Basuke | Kuroko's Basketball,Anime *a* Manga,1,2
169,Kuroko no Basuke | Kuroko's Basketball,Anime *a* Manga,2,3
128,Kuroko no Basuke | Kuroko's Basketball,Anime *a* Manga,3,4
196,Kuroko no Basuke | Kuroko's Basketball,Anime *a* Manga,4,5
171,Kuroko no Basuke | Kuroko's Basketball,Anime *a* Manga,5,6
195,Kuroko no Basuke | Kuroko's Basketball,Anime *a* Manga,6,7
162,Kuroko no Basuke | Kuroko's Basketball,Anime *a* Manga,7,8
236,Kuroko no Basuke | Kuroko's Basketball,Anime *a* Manga,8,9
170,Kuroko no Basuke | Kuroko's Basketball,Anime *a* Manga,9,10
179,Kuroko no Basuke | Kuroko's Basketball,Anime *a* Manga,10,11
173,Kuroko no Basuke | Kuroko's Basketball,Anime *a* Manga,11,12
172,Kuroko no Basuke | Kuroko's Basketball,Anime *a* Manga,12,13
154,Kuroko no Basuke | Kuroko's Basketball,Anime *a* Manga,13,14
174,Kuroko no Basuke | Kuroko's Basketball,Anime *a* Manga,14,15
149,Kuroko no Basuke | Kuroko's Basketball,Anime *a* Manga,15,16
278,Kuroko no Basuke | Kuroko's Basketball,Anime *a* Manga,16,17
235,Kuroko no Basuke | Kuroko's Basketball,Anime *a* Manga,17,18
303,Kuroko no Basuke | Kuroko's Basketball,Anime *a* Manga,18,19
243,Kuroko no Basuke | Kuroko's Basketball,Anime *a* Manga,19,20
251,Kuroko no Basuke | Kuroko's Basketball,Anime *a* Manga,20,21
285,Kuroko no Basuke | Kuroko's Basketball,Anime *a* Manga,21,22
282,Kuroko no Basuke | Kuroko's Basketball,Anime *a* Manga,22,23
350,Kuroko no Basuke | Kuroko's Basketball,Anime *a* Manga,23,24
379,Kuroko no Basuke | Kuroko's Basketball,Anime *a* Manga,24,25
344,Kuroko no Basuke | Kuroko's Basketball,Anime *a* Manga,25,26
378,Kuroko no Basuke | Kuroko's Basketball,Anime *a* Manga,26,27
358,Kuroko no Basuke | Kuroko's Basketball,Anime *a* Manga,27,28
410,Kuroko no Basuke | Kuroko's Basketball,Anime *a* Manga,28,29
477,Kuroko no Basuke | Kuroko's Basketball,Anime *a* Manga,29,30
379,Kuroko no Basuke | Kuroko's Basketball,Anime *a* Manga,30,31
430,Kuroko no Basuke | Kuroko's Basketball,Anime *a* Manga,31,32
543,Kuroko no Basuke | Kuroko's Basketball,Anime *a* Manga,32,33
351,Kuroko no Basuke | Kuroko's Basketball,Anime *a* Manga,33,34
372,Kuroko no Basuke | Kuroko's Basketball,Anime *a* Manga,34,35
253,Kuroko no Basuke | Kuroko's Basketball,Anime *a* Manga,35,36
96,Free!,Anime *a* Manga,0,1
59,Free!,Anime *a* Manga,1,2
54,Free!,Anime *a* Manga,2,3
52,Free!,Anime *a* Manga,3,4
62,Free!,Anime *a* Manga,4,5
102,Free!,Anime *a* Manga,5,6
80,Free!,Anime *a* Manga,6,7
70,Free!,Anime *a* Manga,7,8
104,Free!,Anime *a* Manga,8,9
78,Free!,Anime *a* Manga,9,10
111,Free!,Anime *a* Manga,10,11
102,Free!,Anime *a* Manga,11,12
165,Free!,Anime *a* Manga,12,13
135,Free!,Anime *a* Manga,13,14
109,Free!,Anime *a* Manga,14,15
183,Free!,Anime *a* Manga,15,16
160,Free!,Anime *a* Manga,16,17
158,Free!,Anime *a* Manga,17,18
191,Free!,Anime *a* Manga,18,19
160,Free!,Anime *a* Manga,19,20
126,Free!,Anime *a* Manga,20,21
300,Free!,Anime *a* Manga,21,22
264,Free!,Anime *a* Manga,22,23
255,Free!,Anime *a* Manga,23,24
384,Free!,Anime *a* Manga,24,25
351,Free!,Anime *a* Manga,25,26
270,Free!,Anime *a* Manga,26,27
280,Free!,Anime *a* Manga,27,28
297,Free!,Anime *a* Manga,28,29
295,Free!,Anime *a* Manga,29,30
276,Free!,Anime *a* Manga,30,31
229,Free!,Anime *a* Manga,31,32
229,Free!,Anime *a* Manga,32,33
376,Free!,Anime *a* Manga,33,34
308,Free!,Anime *a* Manga,34,35
389,Free!,Anime *a* Manga,35,36
470,Miraculous Ladybug,Anime *a* Manga,0,1
269,Miraculous Ladybug,Anime *a* Manga,1,2
253,Miraculous Ladybug,Anime *a* Manga,2,3
190,Miraculous Ladybug,Anime *a* Manga,3,4
364,Miraculous Ladybug,Anime *a* Manga,4,5
261,Miraculous Ladybug,Anime *a* Manga,5,6
351,Miraculous Ladybug,Anime *a* Manga,6,7
309,Miraculous Ladybug,Anime *a* Manga,7,8
262,Miraculous Ladybug,Anime *a* Manga,8,9
283,Miraculous Ladybug,Anime *a* Manga,9,10
218,Miraculous Ladybug,Anime *a* Manga,10,11
247,Miraculous Ladybug,Anime *a* Manga,11,12
415,Miraculous Ladybug,Anime *a* Manga,12,13
248,Miraculous Ladybug,Anime *a* Manga,13,14
227,Miraculous Ladybug,Anime *a* Manga,14,15
256,Miraculous Ladybug,Anime *a* Manga,15,16
287,Miraculous Ladybug,Anime *a* Manga,16,17
235,Miraculous Ladybug,Anime *a* Manga,17,18
302,Miraculous Ladybug,Anime *a* Manga,18,19
503,Miraculous Ladybug,Anime *a* Manga,19,20
476,Miraculous Ladybug,Anime *a* Manga,20,21
589,Miraculous Ladybug,Anime *a* Manga,21,22
452,Miraculous Ladybug,Anime *a* Manga,22,23
314,Miraculous Ladybug,Anime *a* Manga,23,24
283,Miraculous Ladybug,Anime *a* Manga,24,25
202,Miraculous Ladybug,Anime *a* Manga,25,26
55,Miraculous Ladybug,Anime *a* Manga,26,27
16,Miraculous Ladybug,Anime *a* Manga,27,28
3,Miraculous Ladybug,Anime *a* Manga,28,29
4,Miraculous Ladybug,Anime *a* Manga,29,30
0,Miraculous Ladybug,Anime *a* Manga,30,31
0,Miraculous Ladybug,Anime *a* Manga,31,32
0,Miraculous Ladybug,Anime *a* Manga,32,33
0,Miraculous Ladybug,Anime *a* Manga,33,34
0,Miraculous Ladybug,Anime *a* Manga,34,35
0,Miraculous Ladybug,Anime *a* Manga,35,36
142,Fullmetal Alchemist - All Media Types,Anime *a* Manga,0,1
76,Fullmetal Alchemist - All Media Types,Anime *a* Manga,1,2
107,Fullmetal Alchemist - All Media Types,Anime *a* Manga,2,3
79,Fullmetal Alchemist - All Media Types,Anime *a* Manga,3,4
157,Fullmetal Alchemist - All Media Types,Anime *a* Manga,4,5
117,Fullmetal Alchemist - All Media Types,Anime *a* Manga,5,6
161,Fullmetal Alchemist - All Media Types,Anime *a* Manga,6,7
123,Fullmetal Alchemist - All Media Types,Anime *a* Manga,7,8
108,Fullmetal Alchemist - All Media Types,Anime *a* Manga,8,9
215,Fullmetal Alchemist - All Media Types,Anime *a* Manga,9,10
104,Fullmetal Alchemist - All Media Types,Anime *a* Manga,10,11
116,Fullmetal Alchemist - All Media Types,Anime *a* Manga,11,12
174,Fullmetal Alchemist - All Media Types,Anime *a* Manga,12,13
113,Fullmetal Alchemist - All Media Types,Anime *a* Manga,13,14
156,Fullmetal Alchemist - All Media Types,Anime *a* Manga,14,15
185,Fullmetal Alchemist - All Media Types,Anime *a* Manga,15,16
129,Fullmetal Alchemist - All Media Types,Anime *a* Manga,16,17
135,Fullmetal Alchemist - All Media Types,Anime *a* Manga,17,18
146,Fullmetal Alchemist - All Media Types,Anime *a* Manga,18,19
143,Fullmetal Alchemist - All Media Types,Anime *a* Manga,19,20
108,Fullmetal Alchemist - All Media Types,Anime *a* Manga,20,21
105,Fullmetal Alchemist - All Media Types,Anime *a* Manga,21,22
160,Fullmetal Alchemist - All Media Types,Anime *a* Manga,22,23
175,Fullmetal Alchemist - All Media Types,Anime *a* Manga,23,24
115,Fullmetal Alchemist - All Media Types,Anime *a* Manga,24,25
83,Fullmetal Alchemist - All Media Types,Anime *a* Manga,25,26
124,Fullmetal Alchemist - All Media Types,Anime *a* Manga,26,27
63,Fullmetal Alchemist - All Media Types,Anime *a* Manga,27,28
80,Fullmetal Alchemist - All Media Types,Anime *a* Manga,28,29
87,Fullmetal Alchemist - All Media Types,Anime *a* Manga,29,30
104,Fullmetal Alchemist - All Media Types,Anime *a* Manga,30,31
52,Fullmetal Alchemist - All Media Types,Anime *a* Manga,31,32
74,Fullmetal Alchemist - All Media Types,Anime *a* Manga,32,33
89,Fullmetal Alchemist - All Media Types,Anime *a* Manga,33,34
66,Fullmetal Alchemist - All Media Types,Anime *a* Manga,34,35
74,Fullmetal Alchemist - All Media Types,Anime *a* Manga,35,36
1089,僕のヒーローアカデミア | Boku no Hero Academia | My Hero Academia,Anime *a* Manga,0,1
823,僕のヒーローアカデミア | Boku no Hero Academia | My Hero Academia,Anime *a* Manga,1,2
1045,僕のヒーローアカデミア | Boku no Hero Academia | My Hero Academia,Anime *a* Manga,2,3
914,僕のヒーローアカデミア | Boku no Hero Academia | My Hero Academia,Anime *a* Manga,3,4
789,僕のヒーローアカデミア | Boku no Hero Academia | My Hero Academia,Anime *a* Manga,4,5
949,僕のヒーローアカデミア | Boku no Hero Academia | My Hero Academia,Anime *a* Manga,5,6
466,僕のヒーローアカデミア | Boku no Hero Academia | My Hero Academia,Anime *a* Manga,6,7
224,僕のヒーローアカデミア | Boku no Hero Academia | My Hero Academia,Anime *a* Manga,7,8
160,僕のヒーローアカデミア | Boku no Hero Academia | My Hero Academia,Anime *a* Manga,8,9
105,僕のヒーローアカデミア | Boku no Hero Academia | My Hero Academia,Anime *a* Manga,9,10
67,僕のヒーローアカデミア | Boku no Hero Academia | My Hero Academia,Anime *a* Manga,10,11
97,僕のヒーローアカデミア | Boku no Hero Academia | My Hero Academia,Anime *a* Manga,11,12
166,僕のヒーローアカデミア | Boku no Hero Academia | My Hero Academia,Anime *a* Manga,12,13
102,僕のヒーローアカデミア | Boku no Hero Academia | My Hero Academia,Anime *a* Manga,13,14
103,僕のヒーローアカデミア | Boku no Hero Academia | My Hero Academia,Anime *a* Manga,14,15
129,僕のヒーローアカデミア | Boku no Hero Academia | My Hero Academia,Anime *a* Manga,15,16
163,僕のヒーローアカデミア | Boku no Hero Academia | My Hero Academia,Anime *a* Manga,16,17
208,僕のヒーローアカデミア | Boku no Hero Academia | My Hero Academia,Anime *a* Manga,17,18
156,僕のヒーローアカデミア | Boku no Hero Academia | My Hero Academia,Anime *a* Manga,18,19
125,僕のヒーローアカデミア | Boku no Hero Academia | My Hero Academia,Anime *a* Manga,19,20
38,僕のヒーローアカデミア | Boku no Hero Academia | My Hero Academia,Anime *a* Manga,20,21
13,僕のヒーローアカデミア | Boku no Hero Academia | My Hero Academia,Anime *a* Manga,21,22
6,僕のヒーローアカデミア | Boku no Hero Academia | My Hero Academia,Anime *a* Manga,22,23
7,僕のヒーローアカデミア | Boku no Hero Academia | My Hero Academia,Anime *a* Manga,23,24
10,僕のヒーローアカデミア | Boku no Hero Academia | My Hero Academia,Anime *a* Manga,24,25
5,僕のヒーローアカデミア | Boku no Hero Academia | My Hero Academia,Anime *a* Manga,25,26
5,僕のヒーローアカデミア | Boku no Hero Academia | My Hero Academia,Anime *a* Manga,26,27
5,僕のヒーローアカデミア | Boku no Hero Academia | My Hero Academia,Anime *a* Manga,27,28
3,僕のヒーローアカデミア | Boku no Hero Academia | My Hero Academia,Anime *a* Manga,28,29
8,僕のヒーローアカデミア | Boku no Hero Academia | My Hero Academia,Anime *a* Manga,29,30
5,僕のヒーローアカデミア | Boku no Hero Academia | My Hero Academia,Anime *a* Manga,30,31
9,僕のヒーローアカデミア | Boku no Hero Academia | My Hero Academia,Anime *a* Manga,31,32
6,僕のヒーローアカデミア | Boku no Hero Academia | My Hero Academia,Anime *a* Manga,32,33
5,僕のヒーローアカデミア | Boku no Hero Academia | My Hero Academia,Anime *a* Manga,33,34
1,僕のヒーローアカデミア | Boku no Hero Academia | My Hero Academia,Anime *a* Manga,34,35
2,僕のヒーローアカデミア | Boku no Hero Academia | My Hero Academia,Anime *a* Manga,35,36
222,One Piece,Anime *a* Manga,0,1
198,One Piece,Anime *a* Manga,1,2
184,One Piece,Anime *a* Manga,2,3
161,One Piece,Anime *a* Manga,3,4
171,One Piece,Anime *a* Manga,4,5
247,One Piece,Anime *a* Manga,5,6
201,One Piece,Anime *a* Manga,6,7
165,One Piece,Anime *a* Manga,7,8
116,One Piece,Anime *a* Manga,8,9
152,One Piece,Anime *a* Manga,9,10
103,One Piece,Anime *a* Manga,10,11
141,One Piece,Anime *a* Manga,11,12
188,One Piece,Anime *a* Manga,12,13
173,One Piece,Anime *a* Manga,13,14
150,One Piece,Anime *a* Manga,14,15
135,One Piece,Anime *a* Manga,15,16
133,One Piece,Anime *a* Manga,16,17
169,One Piece,Anime *a* Manga,17,18
177,One Piece,Anime *a* Manga,18,19
200,One Piece,Anime *a* Manga,19,20
164,One Piece,Anime *a* Manga,20,21
159,One Piece,Anime *a* Manga,21,22
123,One Piece,Anime *a* Manga,22,23
137,One Piece,Anime *a* Manga,23,24
147,One Piece,Anime *a* Manga,24,25
126,One Piece,Anime *a* Manga,25,26
108,One Piece,Anime *a* Manga,26,27
127,One Piece,Anime *a* Manga,27,28
193,One Piece,Anime *a* Manga,28,29
159,One Piece,Anime *a* Manga,29,30
136,One Piece,Anime *a* Manga,30,31
136,One Piece,Anime *a* Manga,31,32
133,One Piece,Anime *a* Manga,32,33
152,One Piece,Anime *a* Manga,33,34
130,One Piece,Anime *a* Manga,34,35
125,One Piece,Anime *a* Manga,35,36
210,Pocket Monsters | Pokemon - All Media Types,Anime *a* Manga,0,1
186,Pocket Monsters | Pokemon - All Media Types,Anime *a* Manga,1,2
155,Pocket Monsters | Pokemon - All Media Types,Anime *a* Manga,2,3
154,Pocket Monsters | Pokemon - All Media Types,Anime *a* Manga,3,4
176,Pocket Monsters | Pokemon - All Media Types,Anime *a* Manga,4,5
168,Pocket Monsters | Pokemon - All Media Types,Anime *a* Manga,5,6
175,Pocket Monsters | Pokemon - All Media Types,Anime *a* Manga,6,7
173,Pocket Monsters | Pokemon - All Media Types,Anime *a* Manga,7,8
181,Pocket Monsters | Pokemon - All Media Types,Anime *a* Manga,8,9
176,Pocket Monsters | Pokemon - All Media Types,Anime *a* Manga,9,10
207,Pocket Monsters | Pokemon - All Media Types,Anime *a* Manga,10,11
250,Pocket Monsters | Pokemon - All Media Types,Anime *a* Manga,11,12
365,Pocket Monsters | Pokemon - All Media Types,Anime *a* Manga,12,13
267,Pocket Monsters | Pokemon - All Media Types,Anime *a* Manga,13,14
226,Pocket Monsters | Pokemon - All Media Types,Anime *a* Manga,14,15
163,Pocket Monsters | Pokemon - All Media Types,Anime *a* Manga,15,16
152,Pocket Monsters | Pokemon - All Media Types,Anime *a* Manga,16,17
174,Pocket Monsters | Pokemon - All Media Types,Anime *a* Manga,17,18
73,Pocket Monsters | Pokemon - All Media Types,Anime *a* Manga,18,19
84,Pocket Monsters | Pokemon - All Media Types,Anime *a* Manga,19,20
97,Pocket Monsters | Pokemon - All Media Types,Anime *a* Manga,20,21
124,Pocket Monsters | Pokemon - All Media Types,Anime *a* Manga,21,22
92,Pocket Monsters | Pokemon - All Media Types,Anime *a* Manga,22,23
72,Pocket Monsters | Pokemon - All Media Types,Anime *a* Manga,23,24
101,Pocket Monsters | Pokemon - All Media Types,Anime *a* Manga,24,25
92,Pocket Monsters | Pokemon - All Media Types,Anime *a* Manga,25,26
85,Pocket Monsters | Pokemon - All Media Types,Anime *a* Manga,26,27
99,Pocket Monsters | Pokemon - All Media Types,Anime *a* Manga,27,28
81,Pocket Monsters | Pokemon - All Media Types,Anime *a* Manga,28,29
82,Pocket Monsters | Pokemon - All Media Types,Anime *a* Manga,29,30
62,Pocket Monsters | Pokemon - All Media Types,Anime *a* Manga,30,31
75,Pocket Monsters | Pokemon - All Media Types,Anime *a* Manga,31,32
75,Pocket Monsters | Pokemon - All Media Types,Anime *a* Manga,32,33
101,Pocket Monsters | Pokemon - All Media Types,Anime *a* Manga,33,34
102,Pocket Monsters | Pokemon - All Media Types,Anime *a* Manga,34,35
95,Pocket Monsters | Pokemon - All Media Types,Anime *a* Manga,35,36
56,Bleach,Anime *a* Manga,0,1
64,Bleach,Anime *a* Manga,1,2
79,Bleach,Anime *a* Manga,2,3
69,Bleach,Anime *a* Manga,3,4
101,Bleach,Anime *a* Manga,4,5
47,Bleach,Anime *a* Manga,5,6
59,Bleach,Anime *a* Manga,6,7
112,Bleach,Anime *a* Manga,7,8
92,Bleach,Anime *a* Manga,8,9
72,Bleach,Anime *a* Manga,9,10
82,Bleach,Anime *a* Manga,10,11
52,Bleach,Anime *a* Manga,11,12
59,Bleach,Anime *a* Manga,12,13
82,Bleach,Anime *a* Manga,13,14
71,Bleach,Anime *a* Manga,14,15
99,Bleach,Anime *a* Manga,15,16
128,Bleach,Anime *a* Manga,16,17
90,Bleach,Anime *a* Manga,17,18
107,Bleach,Anime *a* Manga,18,19
50,Bleach,Anime *a* Manga,19,20
108,Bleach,Anime *a* Manga,20,21
94,Bleach,Anime *a* Manga,21,22
64,Bleach,Anime *a* Manga,22,23
85,Bleach,Anime *a* Manga,23,24
102,Bleach,Anime *a* Manga,24,25
79,Bleach,Anime *a* Manga,25,26
40,Bleach,Anime *a* Manga,26,27
73,Bleach,Anime *a* Manga,27,28
67,Bleach,Anime *a* Manga,28,29
82,Bleach,Anime *a* Manga,29,30
90,Bleach,Anime *a* Manga,30,31
83,Bleach,Anime *a* Manga,31,32
78,Bleach,Anime *a* Manga,32,33
101,Bleach,Anime *a* Manga,33,34
159,Bleach,Anime *a* Manga,34,35
58,Bleach,Anime *a* Manga,35,36
450,Dangan Ronpa - All Media Types,Anime *a* Manga,0,1
316,Dangan Ronpa - All Media Types,Anime *a* Manga,1,2
371,Dangan Ronpa - All Media Types,Anime *a* Manga,2,3
188,Dangan Ronpa - All Media Types,Anime *a* Manga,3,4
218,Dangan Ronpa - All Media Types,Anime *a* Manga,4,5
263,Dangan Ronpa - All Media Types,Anime *a* Manga,5,6
204,Dangan Ronpa - All Media Types,Anime *a* Manga,6,7
204,Dangan Ronpa - All Media Types,Anime *a* Manga,7,8
237,Dangan Ronpa - All Media Types,Anime *a* Manga,8,9
265,Dangan Ronpa - All Media Types,Anime *a* Manga,9,10
258,Dangan Ronpa - All Media Types,Anime *a* Manga,10,11
251,Dangan Ronpa - All Media Types,Anime *a* Manga,11,12
226,Dangan Ronpa - All Media Types,Anime *a* Manga,12,13
170,Dangan Ronpa - All Media Types,Anime *a* Manga,13,14
231,Dangan Ronpa - All Media Types,Anime *a* Manga,14,15
282,Dangan Ronpa - All Media Types,Anime *a* Manga,15,16
204,Dangan Ronpa - All Media Types,Anime *a* Manga,16,17
193,Dangan Ronpa - All Media Types,Anime *a* Manga,17,18
84,Dangan Ronpa - All Media Types,Anime *a* Manga,18,19
68,Dangan Ronpa - All Media Types,Anime *a* Manga,19,20
77,Dangan Ronpa - All Media Types,Anime *a* Manga,20,21
64,Dangan Ronpa - All Media Types,Anime *a* Manga,21,22
76,Dangan Ronpa - All Media Types,Anime *a* Manga,22,23
54,Dangan Ronpa - All Media Types,Anime *a* Manga,23,24
64,Dangan Ronpa - All Media Types,Anime *a* Manga,24,25
37,Dangan Ronpa - All Media Types,Anime *a* Manga,25,26
44,Dangan Ronpa - All Media Types,Anime *a* Manga,26,27
61,Dangan Ronpa - All Media Types,Anime *a* Manga,27,28
95,Dangan Ronpa - All Media Types,Anime *a* Manga,28,29
80,Dangan Ronpa - All Media Types,Anime *a* Manga,29,30
46,Dangan Ronpa - All Media Types,Anime *a* Manga,30,31
53,Dangan Ronpa - All Media Types,Anime *a* Manga,31,32
66,Dangan Ronpa - All Media Types,Anime *a* Manga,32,33
115,Dangan Ronpa - All Media Types,Anime *a* Manga,33,34
84,Dangan Ronpa - All Media Types,Anime *a* Manga,34,35
67,Dangan Ronpa - All Media Types,Anime *a* Manga,35,36
194,Yu-Gi-Oh! Series,Anime *a* Manga,0,1
143,Yu-Gi-Oh! Series,Anime *a* Manga,1,2
134,Yu-Gi-Oh! Series,Anime *a* Manga,2,3
152,Yu-Gi-Oh! Series,Anime *a* Manga,3,4
185,Yu-Gi-Oh! Series,Anime *a* Manga,4,5
208,Yu-Gi-Oh! Series,Anime *a* Manga,5,6
169,Yu-Gi-Oh! Series,Anime *a* Manga,6,7
159,Yu-Gi-Oh! Series,Anime *a* Manga,7,8
143,Yu-Gi-Oh! Series,Anime *a* Manga,8,9
202,Yu-Gi-Oh! Series,Anime *a* Manga,9,10
156,Yu-Gi-Oh! Series,Anime *a* Manga,10,11
173,Yu-Gi-Oh! Series,Anime *a* Manga,11,12
173,Yu-Gi-Oh! Series,Anime *a* Manga,12,13
155,Yu-Gi-Oh! Series,Anime *a* Manga,13,14
163,Yu-Gi-Oh! Series,Anime *a* Manga,14,15
150,Yu-Gi-Oh! Series,Anime *a* Manga,15,16
151,Yu-Gi-Oh! Series,Anime *a* Manga,16,17
149,Yu-Gi-Oh! Series,Anime *a* Manga,17,18
118,Yu-Gi-Oh! Series,Anime *a* Manga,18,19
112,Yu-Gi-Oh! Series,Anime *a* Manga,19,20
100,Yu-Gi-Oh! Series,Anime *a* Manga,20,21
87,Yu-Gi-Oh! Series,Anime *a* Manga,21,22
115,Yu-Gi-Oh! Series,Anime *a* Manga,22,23
113,Yu-Gi-Oh! Series,Anime *a* Manga,23,24
137,Yu-Gi-Oh! Series,Anime *a* Manga,24,25
74,Yu-Gi-Oh! Series,Anime *a* Manga,25,26
149,Yu-Gi-Oh! Series,Anime *a* Manga,26,27
107,Yu-Gi-Oh! Series,Anime *a* Manga,27,28
110,Yu-Gi-Oh! Series,Anime *a* Manga,28,29
109,Yu-Gi-Oh! Series,Anime *a* Manga,29,30
99,Yu-Gi-Oh! Series,Anime *a* Manga,30,31
103,Yu-Gi-Oh! Series,Anime *a* Manga,31,32
152,Yu-Gi-Oh! Series,Anime *a* Manga,32,33
103,Yu-Gi-Oh! Series,Anime *a* Manga,33,34
137,Yu-Gi-Oh! Series,Anime *a* Manga,34,35
69,Yu-Gi-Oh! Series,Anime *a* Manga,35,36
124,Katekyou Hitman Reborn!,Anime *a* Manga,0,1
76,Katekyou Hitman Reborn!,Anime *a* Manga,1,2
83,Katekyou Hitman Reborn!,Anime *a* Manga,2,3
73,Katekyou Hitman Reborn!,Anime *a* Manga,3,4
71,Katekyou Hitman Reborn!,Anime *a* Manga,4,5
89,Katekyou Hitman Reborn!,Anime *a* Manga,5,6
56,Katekyou Hitman Reborn!,Anime *a* Manga,6,7
107,Katekyou Hitman Reborn!,Anime *a* Manga,7,8
72,Katekyou Hitman Reborn!,Anime *a* Manga,8,9
76,Katekyou Hitman Reborn!,Anime *a* Manga,9,10
55,Katekyou Hitman Reborn!,Anime *a* Manga,10,11
42,Katekyou Hitman Reborn!,Anime *a* Manga,11,12
55,Katekyou Hitman Reborn!,Anime *a* Manga,12,13
38,Katekyou Hitman Reborn!,Anime *a* Manga,13,14
75,Katekyou Hitman Reborn!,Anime *a* Manga,14,15
66,Katekyou Hitman Reborn!,Anime *a* Manga,15,16
72,Katekyou Hitman Reborn!,Anime *a* Manga,16,17
78,Katekyou Hitman Reborn!,Anime *a* Manga,17,18
75,Katekyou Hitman Reborn!,Anime *a* Manga,18,19
88,Katekyou Hitman Reborn!,Anime *a* Manga,19,20
56,Katekyou Hitman Reborn!,Anime *a* Manga,20,21
58,Katekyou Hitman Reborn!,Anime *a* Manga,21,22
53,Katekyou Hitman Reborn!,Anime *a* Manga,22,23
136,Katekyou Hitman Reborn!,Anime *a* Manga,23,24
71,Katekyou Hitman Reborn!,Anime *a* Manga,24,25
55,Katekyou Hitman Reborn!,Anime *a* Manga,25,26
61,Katekyou Hitman Reborn!,Anime *a* Manga,26,27
40,Katekyou Hitman Reborn!,Anime *a* Manga,27,28
87,Katekyou Hitman Reborn!,Anime *a* Manga,28,29
71,Katekyou Hitman Reborn!,Anime *a* Manga,29,30
76,Katekyou Hitman Reborn!,Anime *a* Manga,30,31
96,Katekyou Hitman Reborn!,Anime *a* Manga,31,32
90,Katekyou Hitman Reborn!,Anime *a* Manga,32,33
93,Katekyou Hitman Reborn!,Anime *a* Manga,33,34
109,Katekyou Hitman Reborn!,Anime *a* Manga,34,35
41,Katekyou Hitman Reborn!,Anime *a* Manga,35,36
220,ジョジョの奇妙な冒険 | JoJo no Kimyou na Bouken | JoJo's Bizarre Adventure,Anime *a* Manga,0,1
143,ジョジョの奇妙な冒険 | JoJo no Kimyou na Bouken | JoJo's Bizarre Adventure,Anime *a* Manga,1,2
137,ジョジョの奇妙な冒険 | JoJo no Kimyou na Bouken | JoJo's Bizarre Adventure,Anime *a* Manga,2,3
172,ジョジョの奇妙な冒険 | JoJo no Kimyou na Bouken | JoJo's Bizarre Adventure,Anime *a* Manga,3,4
207,ジョジョの奇妙な冒険 | JoJo no Kimyou na Bouken | JoJo's Bizarre Adventure,Anime *a* Manga,4,5
202,ジョジョの奇妙な冒険 | JoJo no Kimyou na Bouken | JoJo's Bizarre Adventure,Anime *a* Manga,5,6
126,ジョジョの奇妙な冒険 | JoJo no Kimyou na Bouken | JoJo's Bizarre Adventure,Anime *a* Manga,6,7
168,ジョジョの奇妙な冒険 | JoJo no Kimyou na Bouken | JoJo's Bizarre Adventure,Anime *a* Manga,7,8
190,ジョジョの奇妙な冒険 | JoJo no Kimyou na Bouken | JoJo's Bizarre Adventure,Anime *a* Manga,8,9
193,ジョジョの奇妙な冒険 | JoJo no Kimyou na Bouken | JoJo's Bizarre Adventure,Anime *a* Manga,9,10
180,ジョジョの奇妙な冒険 | JoJo no Kimyou na Bouken | JoJo's Bizarre Adventure,Anime *a* Manga,10,11
237,ジョジョの奇妙な冒険 | JoJo no Kimyou na Bouken | JoJo's Bizarre Adventure,Anime *a* Manga,11,12
223,ジョジョの奇妙な冒険 | JoJo no Kimyou na Bouken | JoJo's Bizarre Adventure,Anime *a* Manga,12,13
154,ジョジョの奇妙な冒険 | JoJo no Kimyou na Bouken | JoJo's Bizarre Adventure,Anime *a* Manga,13,14
206,ジョジョの奇妙な冒険 | JoJo no Kimyou na Bouken | JoJo's Bizarre Adventure,Anime *a* Manga,14,15
175,ジョジョの奇妙な冒険 | JoJo no Kimyou na Bouken | JoJo's Bizarre Adventure,Anime *a* Manga,15,16
161,ジョジョの奇妙な冒険 | JoJo no Kimyou na Bouken | JoJo's Bizarre Adventure,Anime *a* Manga,16,17
160,ジョジョの奇妙な冒険 | JoJo no Kimyou na Bouken | JoJo's Bizarre Adventure,Anime *a* Manga,17,18
164,ジョジョの奇妙な冒険 | JoJo no Kimyou na Bouken | JoJo's Bizarre Adventure,Anime *a* Manga,18,19
149,ジョジョの奇妙な冒険 | JoJo no Kimyou na Bouken | JoJo's Bizarre Adventure,Anime *a* Manga,19,20
136,ジョジョの奇妙な冒険 | JoJo no Kimyou na Bouken | JoJo's Bizarre Adventure,Anime *a* Manga,20,21
80,ジョジョの奇妙な冒険 | JoJo no Kimyou na Bouken | JoJo's Bizarre Adventure,Anime *a* Manga,21,22
116,ジョジョの奇妙な冒険 | JoJo no Kimyou na Bouken | JoJo's Bizarre Adventure,Anime *a* Manga,22,23
146,ジョジョの奇妙な冒険 | JoJo no Kimyou na Bouken | JoJo's Bizarre Adventure,Anime *a* Manga,23,24
127,ジョジョの奇妙な冒険 | JoJo no Kimyou na Bouken | JoJo's Bizarre Adventure,Anime *a* Manga,24,25
88,ジョジョの奇妙な冒険 | JoJo no Kimyou na Bouken | JoJo's Bizarre Adventure,Anime *a* Manga,25,26
111,ジョジョの奇妙な冒険 | JoJo no Kimyou na Bouken | JoJo's Bizarre Adventure,Anime *a* Manga,26,27
88,ジョジョの奇妙な冒険 | JoJo no Kimyou na Bouken | JoJo's Bizarre Adventure,Anime *a* Manga,27,28
89,ジョジョの奇妙な冒険 | JoJo no Kimyou na Bouken | JoJo's Bizarre Adventure,Anime *a* Manga,28,29
98,ジョジョの奇妙な冒険 | JoJo no Kimyou na Bouken | JoJo's Bizarre Adventure,Anime *a* Manga,29,30
77,ジョジョの奇妙な冒険 | JoJo no Kimyou na Bouken | JoJo's Bizarre Adventure,Anime *a* Manga,30,31
89,ジョジョの奇妙な冒険 | JoJo no Kimyou na Bouken | JoJo's Bizarre Adventure,Anime *a* Manga,31,32
103,ジョジョの奇妙な冒険 | JoJo no Kimyou na Bouken | JoJo's Bizarre Adventure,Anime *a* Manga,32,33
88,ジョジョの奇妙な冒険 | JoJo no Kimyou na Bouken | JoJo's Bizarre Adventure,Anime *a* Manga,33,34
79,ジョジョの奇妙な冒険 | JoJo no Kimyou na Bouken | JoJo's Bizarre Adventure,Anime *a* Manga,34,35
83,ジョジョの奇妙な冒険 | JoJo no Kimyou na Bouken | JoJo's Bizarre Adventure,Anime *a* Manga,35,36
118,Fairy Tail,Anime *a* Manga,0,1
81,Fairy Tail,Anime *a* Manga,1,2
88,Fairy Tail,Anime *a* Manga,2,3
97,Fairy Tail,Anime *a* Manga,3,4
110,Fairy Tail,Anime *a* Manga,4,5
183,Fairy Tail,Anime *a* Manga,5,6
104,Fairy Tail,Anime *a* Manga,6,7
116,Fairy Tail,Anime *a* Manga,7,8
150,Fairy Tail,Anime *a* Manga,8,9
129,Fairy Tail,Anime *a* Manga,9,10
89,Fairy Tail,Anime *a* Manga,10,11
91,Fairy Tail,Anime *a* Manga,11,12
121,Fairy Tail,Anime *a* Manga,12,13
106,Fairy Tail,Anime *a* Manga,13,14
110,Fairy Tail,Anime *a* Manga,14,15
149,Fairy Tail,Anime *a* Manga,15,16
125,Fairy Tail,Anime *a* Manga,16,17
136,Fairy Tail,Anime *a* Manga,17,18
151,Fairy Tail,Anime *a* Manga,18,19
134,Fairy Tail,Anime *a* Manga,19,20
211,Fairy Tail,Anime *a* Manga,20,21
164,Fairy Tail,Anime *a* Manga,21,22
170,Fairy Tail,Anime *a* Manga,22,23
124,Fairy Tail,Anime *a* Manga,23,24
120,Fairy Tail,Anime *a* Manga,24,25
81,Fairy Tail,Anime *a* Manga,25,26
95,Fairy Tail,Anime *a* Manga,26,27
119,Fairy Tail,Anime *a* Manga,27,28
141,Fairy Tail,Anime *a* Manga,28,29
95,Fairy Tail,Anime *a* Manga,29,30
76,Fairy Tail,Anime *a* Manga,30,31
96,Fairy Tail,Anime *a* Manga,31,32
93,Fairy Tail,Anime *a* Manga,32,33
88,Fairy Tail,Anime *a* Manga,33,34
87,Fairy Tail,Anime *a* Manga,34,35
66,Fairy Tail,Anime *a* Manga,35,36
94,Kuroshitsuji | Black Butler,Anime *a* Manga,0,1
78,Kuroshitsuji | Black Butler,Anime *a* Manga,1,2
123,Kuroshitsuji | Black Butler,Anime *a* Manga,2,3
76,Kuroshitsuji | Black Butler,Anime *a* Manga,3,4
81,Kuroshitsuji | Black Butler,Anime *a* Manga,4,5
81,Kuroshitsuji | Black Butler,Anime *a* Manga,5,6
62,Kuroshitsuji | Black Butler,Anime *a* Manga,6,7
83,Kuroshitsuji | Black Butler,Anime *a* Manga,7,8
72,Kuroshitsuji | Black Butler,Anime *a* Manga,8,9
65,Kuroshitsuji | Black Butler,Anime *a* Manga,9,10
75,Kuroshitsuji | Black Butler,Anime *a* Manga,10,11
87,Kuroshitsuji | Black Butler,Anime *a* Manga,11,12
105,Kuroshitsuji | Black Butler,Anime *a* Manga,12,13
78,Kuroshitsuji | Black Butler,Anime *a* Manga,13,14
92,Kuroshitsuji | Black Butler,Anime *a* Manga,14,15
80,Kuroshitsuji | Black Butler,Anime *a* Manga,15,16
109,Kuroshitsuji | Black Butler,Anime *a* Manga,16,17
99,Kuroshitsuji | Black Butler,Anime *a* Manga,17,18
110,Kuroshitsuji | Black Butler,Anime *a* Manga,18,19
82,Kuroshitsuji | Black Butler,Anime *a* Manga,19,20
67,Kuroshitsuji | Black Butler,Anime *a* Manga,20,21
92,Kuroshitsuji | Black Butler,Anime *a* Manga,21,22
95,Kuroshitsuji | Black Butler,Anime *a* Manga,22,23
103,Kuroshitsuji | Black Butler,Anime *a* Manga,23,24
113,Kuroshitsuji | Black Butler,Anime *a* Manga,24,25
104,Kuroshitsuji | Black Butler,Anime *a* Manga,25,26
100,Kuroshitsuji | Black Butler,Anime *a* Manga,26,27
98,Kuroshitsuji | Black Butler,Anime *a* Manga,27,28
115,Kuroshitsuji | Black Butler,Anime *a* Manga,28,29
92,Kuroshitsuji | Black Butler,Anime *a* Manga,29,30
81,Kuroshitsuji | Black Butler,Anime *a* Manga,30,31
72,Kuroshitsuji | Black Butler,Anime *a* Manga,31,32
88,Kuroshitsuji | Black Butler,Anime *a* Manga,32,33
73,Kuroshitsuji | Black Butler,Anime *a* Manga,33,34
57,Kuroshitsuji | Black Butler,Anime *a* Manga,34,35
57,Kuroshitsuji | Black Butler,Anime *a* Manga,35,36
69,Tokyo Ghoul,Anime *a* Manga,0,1
60,Tokyo Ghoul,Anime *a* Manga,1,2
57,Tokyo Ghoul,Anime *a* Manga,2,3
70,Tokyo Ghoul,Anime *a* Manga,3,4
90,Tokyo Ghoul,Anime *a* Manga,4,5
68,Tokyo Ghoul,Anime *a* Manga,5,6
60,Tokyo Ghoul,Anime *a* Manga,6,7
60,Tokyo Ghoul,Anime *a* Manga,7,8
63,Tokyo Ghoul,Anime *a* Manga,8,9
66,Tokyo Ghoul,Anime *a* Manga,9,10
80,Tokyo Ghoul,Anime *a* Manga,10,11
46,Tokyo Ghoul,Anime *a* Manga,11,12
59,Tokyo Ghoul,Anime *a* Manga,12,13
50,Tokyo Ghoul,Anime *a* Manga,13,14
66,Tokyo Ghoul,Anime *a* Manga,14,15
86,Tokyo Ghoul,Anime *a* Manga,15,16
95,Tokyo Ghoul,Anime *a* Manga,16,17
98,Tokyo Ghoul,Anime *a* Manga,17,18
95,Tokyo Ghoul,Anime *a* Manga,18,19
73,Tokyo Ghoul,Anime *a* Manga,19,20
155,Tokyo Ghoul,Anime *a* Manga,20,21
112,Tokyo Ghoul,Anime *a* Manga,21,22
111,Tokyo Ghoul,Anime *a* Manga,22,23
122,Tokyo Ghoul,Anime *a* Manga,23,24
239,Tokyo Ghoul,Anime *a* Manga,24,25
108,Tokyo Ghoul,Anime *a* Manga,25,26
118,Tokyo Ghoul,Anime *a* Manga,26,27
121,Tokyo Ghoul,Anime *a* Manga,27,28
166,Tokyo Ghoul,Anime *a* Manga,28,29
157,Tokyo Ghoul,Anime *a* Manga,29,30
200,Tokyo Ghoul,Anime *a* Manga,30,31
197,Tokyo Ghoul,Anime *a* Manga,31,32
194,Tokyo Ghoul,Anime *a* Manga,32,33
196,Tokyo Ghoul,Anime *a* Manga,33,34
196,Tokyo Ghoul,Anime *a* Manga,34,35
94,Tokyo Ghoul,Anime *a* Manga,35,36
106,Gundam & Related Fandoms,Anime *a* Manga,0,1
57,Gundam & Related Fandoms,Anime *a* Manga,1,2
74,Gundam & Related Fandoms,Anime *a* Manga,2,3
63,Gundam & Related Fandoms,Anime *a* Manga,3,4
42,Gundam & Related Fandoms,Anime *a* Manga,4,5
56,Gundam & Related Fandoms,Anime *a* Manga,5,6
72,Gundam & Related Fandoms,Anime *a* Manga,6,7
58,Gundam & Related Fandoms,Anime *a* Manga,7,8
77,Gundam & Related Fandoms,Anime *a* Manga,8,9
55,Gundam & Related Fandoms,Anime *a* Manga,9,10
39,Gundam & Related Fandoms,Anime *a* Manga,10,11
33,Gundam & Related Fandoms,Anime *a* Manga,11,12
80,Gundam & Related Fandoms,Anime *a* Manga,12,13
41,Gundam & Related Fandoms,Anime *a* Manga,13,14
120,Gundam & Related Fandoms,Anime *a* Manga,14,15
40,Gundam & Related Fandoms,Anime *a* Manga,15,16
62,Gundam & Related Fandoms,Anime *a* Manga,16,17
33,Gundam & Related Fandoms,Anime *a* Manga,17,18
54,Gundam & Related Fandoms,Anime *a* Manga,18,19
90,Gundam & Related Fandoms,Anime *a* Manga,19,20
66,Gundam & Related Fandoms,Anime *a* Manga,20,21
112,Gundam & Related Fandoms,Anime *a* Manga,21,22
65,Gundam & Related Fandoms,Anime *a* Manga,22,23
68,Gundam & Related Fandoms,Anime *a* Manga,23,24
62,Gundam & Related Fandoms,Anime *a* Manga,24,25
24,Gundam & Related Fandoms,Anime *a* Manga,25,26
97,Gundam & Related Fandoms,Anime *a* Manga,26,27
37,Gundam & Related Fandoms,Anime *a* Manga,27,28
39,Gundam & Related Fandoms,Anime *a* Manga,28,29
45,Gundam & Related Fandoms,Anime *a* Manga,29,30
23,Gundam & Related Fandoms,Anime *a* Manga,30,31
32,Gundam & Related Fandoms,Anime *a* Manga,31,32
30,Gundam & Related Fandoms,Anime *a* Manga,32,33
48,Gundam & Related Fandoms,Anime *a* Manga,33,34
43,Gundam & Related Fandoms,Anime *a* Manga,34,35
24,Gundam & Related Fandoms,Anime *a* Manga,35,36
120,Yu-Gi-Oh!,Anime *a* Manga,0,1
71,Yu-Gi-Oh!,Anime *a* Manga,1,2
76,Yu-Gi-Oh!,Anime *a* Manga,2,3
72,Yu-Gi-Oh!,Anime *a* Manga,3,4
93,Yu-Gi-Oh!,Anime *a* Manga,4,5
77,Yu-Gi-Oh!,Anime *a* Manga,5,6
71,Yu-Gi-Oh!,Anime *a* Manga,6,7
73,Yu-Gi-Oh!,Anime *a* Manga,7,8
67,Yu-Gi-Oh!,Anime *a* Manga,8,9
113,Yu-Gi-Oh!,Anime *a* Manga,9,10
102,Yu-Gi-Oh!,Anime *a* Manga,10,11
68,Yu-Gi-Oh!,Anime *a* Manga,11,12
68,Yu-Gi-Oh!,Anime *a* Manga,12,13
68,Yu-Gi-Oh!,Anime *a* Manga,13,14
92,Yu-Gi-Oh!,Anime *a* Manga,14,15
72,Yu-Gi-Oh!,Anime *a* Manga,15,16
54,Yu-Gi-Oh!,Anime *a* Manga,16,17
67,Yu-Gi-Oh!,Anime *a* Manga,17,18
51,Yu-Gi-Oh!,Anime *a* Manga,18,19
42,Yu-Gi-Oh!,Anime *a* Manga,19,20
52,Yu-Gi-Oh!,Anime *a* Manga,20,21
45,Yu-Gi-Oh!,Anime *a* Manga,21,22
68,Yu-Gi-Oh!,Anime *a* Manga,22,23
64,Yu-Gi-Oh!,Anime *a* Manga,23,24
66,Yu-Gi-Oh!,Anime *a* Manga,24,25
37,Yu-Gi-Oh!,Anime *a* Manga,25,26
92,Yu-Gi-Oh!,Anime *a* Manga,26,27
69,Yu-Gi-Oh!,Anime *a* Manga,27,28
52,Yu-Gi-Oh!,Anime *a* Manga,28,29
55,Yu-Gi-Oh!,Anime *a* Manga,29,30
31,Yu-Gi-Oh!,Anime *a* Manga,30,31
36,Yu-Gi-Oh!,Anime *a* Manga,31,32
31,Yu-Gi-Oh!,Anime *a* Manga,32,33
51,Yu-Gi-Oh!,Anime *a* Manga,33,34
61,Yu-Gi-Oh!,Anime *a* Manga,34,35
44,Yu-Gi-Oh!,Anime *a* Manga,35,36
211,文豪ストレイドッグス | Bungou Stray Dogs,Anime *a* Manga,0,1
190,文豪ストレイドッグス | Bungou Stray Dogs,Anime *a* Manga,1,2
222,文豪ストレイドッグス | Bungou Stray Dogs,Anime *a* Manga,2,3
155,文豪ストレイドッグス | Bungou Stray Dogs,Anime *a* Manga,3,4
192,文豪ストレイドッグス | Bungou Stray Dogs,Anime *a* Manga,4,5
275,文豪ストレイドッグス | Bungou Stray Dogs,Anime *a* Manga,5,6
344,文豪ストレイドッグス | Bungou Stray Dogs,Anime *a* Manga,6,7
235,文豪ストレイドッグス | Bungou Stray Dogs,Anime *a* Manga,7,8
268,文豪ストレイドッグス | Bungou Stray Dogs,Anime *a* Manga,8,9
388,文豪ストレイドッグス | Bungou Stray Dogs,Anime *a* Manga,9,10
260,文豪ストレイドッグス | Bungou Stray Dogs,Anime *a* Manga,10,11
263,文豪ストレイドッグス | Bungou Stray Dogs,Anime *a* Manga,11,12
284,文豪ストレイドッグス | Bungou Stray Dogs,Anime *a* Manga,12,13
239,文豪ストレイドッグス | Bungou Stray Dogs,Anime *a* Manga,13,14
159,文豪ストレイドッグス | Bungou Stray Dogs,Anime *a* Manga,14,15
63,文豪ストレイドッグス | Bungou Stray Dogs,Anime *a* Manga,15,16
103,文豪ストレイドッグス | Bungou Stray Dogs,Anime *a* Manga,16,17
135,文豪ストレイドッグス | Bungou Stray Dogs,Anime *a* Manga,17,18
168,文豪ストレイドッグス | Bungou Stray Dogs,Anime *a* Manga,18,19
118,文豪ストレイドッグス | Bungou Stray Dogs,Anime *a* Manga,19,20
70,文豪ストレイドッグス | Bungou Stray Dogs,Anime *a* Manga,20,21
1,文豪ストレイドッグス | Bungou Stray Dogs,Anime *a* Manga,21,22
0,文豪ストレイドッグス | Bungou Stray Dogs,Anime *a* Manga,22,23
0,文豪ストレイドッグス | Bungou Stray Dogs,Anime *a* Manga,23,24
0,文豪ストレイドッグス | Bungou Stray Dogs,Anime *a* Manga,24,25
0,文豪ストレイドッグス | Bungou Stray Dogs,Anime *a* Manga,25,26
1,文豪ストレイドッグス | Bungou Stray Dogs,Anime *a* Manga,26,27
0,文豪ストレイドッグス | Bungou Stray Dogs,Anime *a* Manga,27,28
0,文豪ストレイドッグス | Bungou Stray Dogs,Anime *a* Manga,28,29
1,文豪ストレイドッグス | Bungou Stray Dogs,Anime *a* Manga,29,30
1,文豪ストレイドッグス | Bungou Stray Dogs,Anime *a* Manga,30,31
0,文豪ストレイドッグス | Bungou Stray Dogs,Anime *a* Manga,31,32
1,文豪ストレイドッグス | Bungou Stray Dogs,Anime *a* Manga,32,33
1,文豪ストレイドッグス | Bungou Stray Dogs,Anime *a* Manga,33,34
0,文豪ストレイドッグス | Bungou Stray Dogs,Anime *a* Manga,34,35
0,文豪ストレイドッグス | Bungou Stray Dogs,Anime *a* Manga,35,36
60,Dangan Ronpa: Trigger Happy Havoc,Anime *a* Manga,0,1
54,Dangan Ronpa: Trigger Happy Havoc,Anime *a* Manga,1,2
55,Dangan Ronpa: Trigger Happy Havoc,Anime *a* Manga,2,3
37,Dangan Ronpa: Trigger Happy Havoc,Anime *a* Manga,3,4
52,Dangan Ronpa: Trigger Happy Havoc,Anime *a* Manga,4,5
61,Dangan Ronpa: Trigger Happy Havoc,Anime *a* Manga,5,6
43,Dangan Ronpa: Trigger Happy Havoc,Anime *a* Manga,6,7
48,Dangan Ronpa: Trigger Happy Havoc,Anime *a* Manga,7,8
66,Dangan Ronpa: Trigger Happy Havoc,Anime *a* Manga,8,9
87,Dangan Ronpa: Trigger Happy Havoc,Anime *a* Manga,9,10
132,Dangan Ronpa: Trigger Happy Havoc,Anime *a* Manga,10,11
113,Dangan Ronpa: Trigger Happy Havoc,Anime *a* Manga,11,12
143,Dangan Ronpa: Trigger Happy Havoc,Anime *a* Manga,12,13
85,Dangan Ronpa: Trigger Happy Havoc,Anime *a* Manga,13,14
115,Dangan Ronpa: Trigger Happy Havoc,Anime *a* Manga,14,15
153,Dangan Ronpa: Trigger Happy Havoc,Anime *a* Manga,15,16
90,Dangan Ronpa: Trigger Happy Havoc,Anime *a* Manga,16,17
97,Dangan Ronpa: Trigger Happy Havoc,Anime *a* Manga,17,18
36,Dangan Ronpa: Trigger Happy Havoc,Anime *a* Manga,18,19
46,Dangan Ronpa: Trigger Happy Havoc,Anime *a* Manga,19,20
46,Dangan Ronpa: Trigger Happy Havoc,Anime *a* Manga,20,21
37,Dangan Ronpa: Trigger Happy Havoc,Anime *a* Manga,21,22
44,Dangan Ronpa: Trigger Happy Havoc,Anime *a* Manga,22,23
38,Dangan Ronpa: Trigger Happy Havoc,Anime *a* Manga,23,24
44,Dangan Ronpa: Trigger Happy Havoc,Anime *a* Manga,24,25
21,Dangan Ronpa: Trigger Happy Havoc,Anime *a* Manga,25,26
31,Dangan Ronpa: Trigger Happy Havoc,Anime *a* Manga,26,27
40,Dangan Ronpa: Trigger Happy Havoc,Anime *a* Manga,27,28
56,Dangan Ronpa: Trigger Happy Havoc,Anime *a* Manga,28,29
58,Dangan Ronpa: Trigger Happy Havoc,Anime *a* Manga,29,30
23,Dangan Ronpa: Trigger Happy Havoc,Anime *a* Manga,30,31
28,Dangan Ronpa: Trigger Happy Havoc,Anime *a* Manga,31,32
28,Dangan Ronpa: Trigger Happy Havoc,Anime *a* Manga,32,33
75,Dangan Ronpa: Trigger Happy Havoc,Anime *a* Manga,33,34
55,Dangan Ronpa: Trigger Happy Havoc,Anime *a* Manga,34,35
40,Dangan Ronpa: Trigger Happy Havoc,Anime *a* Manga,35,36
156,おそ松さん | Osomatsu-san (Anime),Anime *a* Manga,0,1
119,おそ松さん | Osomatsu-san (Anime),Anime *a* Manga,1,2
147,おそ松さん | Osomatsu-san (Anime),Anime *a* Manga,2,3
94,おそ松さん | Osomatsu-san (Anime),Anime *a* Manga,3,4
105,おそ松さん | Osomatsu-san (Anime),Anime *a* Manga,4,5
91,おそ松さん | Osomatsu-san (Anime),Anime *a* Manga,5,6
105,おそ松さん | Osomatsu-san (Anime),Anime *a* Manga,6,7
89,おそ松さん | Osomatsu-san (Anime),Anime *a* Manga,7,8
128,おそ松さん | Osomatsu-san (Anime),Anime *a* Manga,8,9
92,おそ松さん | Osomatsu-san (Anime),Anime *a* Manga,9,10
129,おそ松さん | Osomatsu-san (Anime),Anime *a* Manga,10,11
104,おそ松さん | Osomatsu-san (Anime),Anime *a* Manga,11,12
115,おそ松さん | Osomatsu-san (Anime),Anime *a* Manga,12,13
106,おそ松さん | Osomatsu-san (Anime),Anime *a* Manga,13,14
110,おそ松さん | Osomatsu-san (Anime),Anime *a* Manga,14,15
117,おそ松さん | Osomatsu-san (Anime),Anime *a* Manga,15,16
192,おそ松さん | Osomatsu-san (Anime),Anime *a* Manga,16,17
188,おそ松さん | Osomatsu-san (Anime),Anime *a* Manga,17,18
195,おそ松さん | Osomatsu-san (Anime),Anime *a* Manga,18,19
248,おそ松さん | Osomatsu-san (Anime),Anime *a* Manga,19,20
276,おそ松さん | Osomatsu-san (Anime),Anime *a* Manga,20,21
247,おそ松さん | Osomatsu-san (Anime),Anime *a* Manga,21,22
175,おそ松さん | Osomatsu-san (Anime),Anime *a* Manga,22,23
123,おそ松さん | Osomatsu-san (Anime),Anime *a* Manga,23,24
41,おそ松さん | Osomatsu-san (Anime),Anime *a* Manga,24,25
11,おそ松さん | Osomatsu-san (Anime),Anime *a* Manga,25,26
0,おそ松さん | Osomatsu-san (Anime),Anime *a* Manga,26,27
0,おそ松さん | Osomatsu-san (Anime),Anime *a* Manga,27,28
0,おそ松さん | Osomatsu-san (Anime),Anime *a* Manga,28,29
0,おそ松さん | Osomatsu-san (Anime),Anime *a* Manga,29,30
0,おそ松さん | Osomatsu-san (Anime),Anime *a* Manga,30,31
0,おそ松さん | Osomatsu-san (Anime),Anime *a* Manga,31,32
0,おそ松さん | Osomatsu-san (Anime),Anime *a* Manga,32,33
0,おそ松さん | Osomatsu-san (Anime),Anime *a* Manga,33,34
0,おそ松さん | Osomatsu-san (Anime),Anime *a* Manga,34,35
0,おそ松さん | Osomatsu-san (Anime),Anime *a* Manga,35,36
154,The Legend of Zelda & Related Fandoms,Anime *a* Manga,0,1
75,The Legend of Zelda & Related Fandoms,Anime *a* Manga,1,2
102,The Legend of Zelda & Related Fandoms,Anime *a* Manga,2,3
71,The Legend of Zelda & Related Fandoms,Anime *a* Manga,3,4
110,The Legend of Zelda & Related Fandoms,Anime *a* Manga,4,5
153,The Legend of Zelda & Related Fandoms,Anime *a* Manga,5,6
131,The Legend of Zelda & Related Fandoms,Anime *a* Manga,6,7
174,The Legend of Zelda & Related Fandoms,Anime *a* Manga,7,8
200,The Legend of Zelda & Related Fandoms,Anime *a* Manga,8,9
152,The Legend of Zelda & Related Fandoms,Anime *a* Manga,9,10
48,The Legend of Zelda & Related Fandoms,Anime *a* Manga,10,11
49,The Legend of Zelda & Related Fandoms,Anime *a* Manga,11,12
52,The Legend of Zelda & Related Fandoms,Anime *a* Manga,12,13
33,The Legend of Zelda & Related Fandoms,Anime *a* Manga,13,14
42,The Legend of Zelda & Related Fandoms,Anime *a* Manga,14,15
42,The Legend of Zelda & Related Fandoms,Anime *a* Manga,15,16
51,The Legend of Zelda & Related Fandoms,Anime *a* Manga,16,17
43,The Legend of Zelda & Related Fandoms,Anime *a* Manga,17,18
45,The Legend of Zelda & Related Fandoms,Anime *a* Manga,18,19
53,The Legend of Zelda & Related Fandoms,Anime *a* Manga,19,20
47,The Legend of Zelda & Related Fandoms,Anime *a* Manga,20,21
56,The Legend of Zelda & Related Fandoms,Anime *a* Manga,21,22
48,The Legend of Zelda & Related Fandoms,Anime *a* Manga,22,23
40,The Legend of Zelda & Related Fandoms,Anime *a* Manga,23,24
47,The Legend of Zelda & Related Fandoms,Anime *a* Manga,24,25
47,The Legend of Zelda & Related Fandoms,Anime *a* Manga,25,26
42,The Legend of Zelda & Related Fandoms,Anime *a* Manga,26,27
39,The Legend of Zelda & Related Fandoms,Anime *a* Manga,27,28
79,The Legend of Zelda & Related Fandoms,Anime *a* Manga,28,29
35,The Legend of Zelda & Related Fandoms,Anime *a* Manga,29,30
34,The Legend of Zelda & Related Fandoms,Anime *a* Manga,30,31
45,The Legend of Zelda & Related Fandoms,Anime *a* Manga,31,32
39,The Legend of Zelda & Related Fandoms,Anime *a* Manga,32,33
41,The Legend of Zelda & Related Fandoms,Anime *a* Manga,33,34
44,The Legend of Zelda & Related Fandoms,Anime *a* Manga,34,35
26,The Legend of Zelda & Related Fandoms,Anime *a* Manga,35,36
88,Gundam Wing,Anime *a* Manga,0,1
45,Gundam Wing,Anime *a* Manga,1,2
59,Gundam Wing,Anime *a* Manga,2,3
49,Gundam Wing,Anime *a* Manga,3,4
27,Gundam Wing,Anime *a* Manga,4,5
41,Gundam Wing,Anime *a* Manga,5,6
53,Gundam Wing,Anime *a* Manga,6,7
43,Gundam Wing,Anime *a* Manga,7,8
33,Gundam Wing,Anime *a* Manga,8,9
38,Gundam Wing,Anime *a* Manga,9,10
26,Gundam Wing,Anime *a* Manga,10,11
22,Gundam Wing,Anime *a* Manga,11,12
50,Gundam Wing,Anime *a* Manga,12,13
26,Gundam Wing,Anime *a* Manga,13,14
105,Gundam Wing,Anime *a* Manga,14,15
32,Gundam Wing,Anime *a* Manga,15,16
49,Gundam Wing,Anime *a* Manga,16,17
26,Gundam Wing,Anime *a* Manga,17,18
32,Gundam Wing,Anime *a* Manga,18,19
54,Gundam Wing,Anime *a* Manga,19,20
48,Gundam Wing,Anime *a* Manga,20,21
89,Gundam Wing,Anime *a* Manga,21,22
47,Gundam Wing,Anime *a* Manga,22,23
51,Gundam Wing,Anime *a* Manga,23,24
50,Gundam Wing,Anime *a* Manga,24,25
16,Gundam Wing,Anime *a* Manga,25,26
55,Gundam Wing,Anime *a* Manga,26,27
33,Gundam Wing,Anime *a* Manga,27,28
30,Gundam Wing,Anime *a* Manga,28,29
42,Gundam Wing,Anime *a* Manga,29,30
18,Gundam Wing,Anime *a* Manga,30,31
23,Gundam Wing,Anime *a* Manga,31,32
21,Gundam Wing,Anime *a* Manga,32,33
39,Gundam Wing,Anime *a* Manga,33,34
35,Gundam Wing,Anime *a* Manga,34,35
22,Gundam Wing,Anime *a* Manga,35,36
52,TAKAHASHI Rumiko - Works,Anime *a* Manga,0,1
45,TAKAHASHI Rumiko - Works,Anime *a* Manga,1,2
41,TAKAHASHI Rumiko - Works,Anime *a* Manga,2,3
38,TAKAHASHI Rumiko - Works,Anime *a* Manga,3,4
50,TAKAHASHI Rumiko - Works,Anime *a* Manga,4,5
37,TAKAHASHI Rumiko - Works,Anime *a* Manga,5,6
56,TAKAHASHI Rumiko - Works,Anime *a* Manga,6,7
47,TAKAHASHI Rumiko - Works,Anime *a* Manga,7,8
45,TAKAHASHI Rumiko - Works,Anime *a* Manga,8,9
61,TAKAHASHI Rumiko - Works,Anime *a* Manga,9,10
26,TAKAHASHI Rumiko - Works,Anime *a* Manga,10,11
34,TAKAHASHI Rumiko - Works,Anime *a* Manga,11,12
38,TAKAHASHI Rumiko - Works,Anime *a* Manga,12,13
32,TAKAHASHI Rumiko - Works,Anime *a* Manga,13,14
31,TAKAHASHI Rumiko - Works,Anime *a* Manga,14,15
37,TAKAHASHI Rumiko - Works,Anime *a* Manga,15,16
37,TAKAHASHI Rumiko - Works,Anime *a* Manga,16,17
53,TAKAHASHI Rumiko - Works,Anime *a* Manga,17,18
30,TAKAHASHI Rumiko - Works,Anime *a* Manga,18,19
42,TAKAHASHI Rumiko - Works,Anime *a* Manga,19,20
25,TAKAHASHI Rumiko - Works,Anime *a* Manga,20,21
33,TAKAHASHI Rumiko - Works,Anime *a* Manga,21,22
40,TAKAHASHI Rumiko - Works,Anime *a* Manga,22,23
44,TAKAHASHI Rumiko - Works,Anime *a* Manga,23,24
26,TAKAHASHI Rumiko - Works,Anime *a* Manga,24,25
31,TAKAHASHI Rumiko - Works,Anime *a* Manga,25,26
24,TAKAHASHI Rumiko - Works,Anime *a* Manga,26,27
27,TAKAHASHI Rumiko - Works,Anime *a* Manga,27,28
20,TAKAHASHI Rumiko - Works,Anime *a* Manga,28,29
41,TAKAHASHI Rumiko - Works,Anime *a* Manga,29,30
25,TAKAHASHI Rumiko - Works,Anime *a* Manga,30,31
33,TAKAHASHI Rumiko - Works,Anime *a* Manga,31,32
31,TAKAHASHI Rumiko - Works,Anime *a* Manga,32,33
29,TAKAHASHI Rumiko - Works,Anime *a* Manga,33,34
22,TAKAHASHI Rumiko - Works,Anime *a* Manga,34,35
19,TAKAHASHI Rumiko - Works,Anime *a* Manga,35,36
39,CLAMP - Works,Anime *a* Manga,0,1
62,CLAMP - Works,Anime *a* Manga,1,2
22,CLAMP - Works,Anime *a* Manga,2,3
66,CLAMP - Works,Anime *a* Manga,3,4
47,CLAMP - Works,Anime *a* Manga,4,5
31,CLAMP - Works,Anime *a* Manga,5,6
26,CLAMP - Works,Anime *a* Manga,6,7
41,CLAMP - Works,Anime *a* Manga,7,8
21,CLAMP - Works,Anime *a* Manga,8,9
26,CLAMP - Works,Anime *a* Manga,9,10
37,CLAMP - Works,Anime *a* Manga,10,11
32,CLAMP - Works,Anime *a* Manga,11,12
43,CLAMP - Works,Anime *a* Manga,12,13
47,CLAMP - Works,Anime *a* Manga,13,14
16,CLAMP - Works,Anime *a* Manga,14,15
44,CLAMP - Works,Anime *a* Manga,15,16
58,CLAMP - Works,Anime *a* Manga,16,17
21,CLAMP - Works,Anime *a* Manga,17,18
42,CLAMP - Works,Anime *a* Manga,18,19
37,CLAMP - Works,Anime *a* Manga,19,20
31,CLAMP - Works,Anime *a* Manga,20,21
50,CLAMP - Works,Anime *a* Manga,21,22
62,CLAMP - Works,Anime *a* Manga,22,23
54,CLAMP - Works,Anime *a* Manga,23,24
63,CLAMP - Works,Anime *a* Manga,24,25
30,CLAMP - Works,Anime *a* Manga,25,26
45,CLAMP - Works,Anime *a* Manga,26,27
33,CLAMP - Works,Anime *a* Manga,27,28
79,CLAMP - Works,Anime *a* Manga,28,29
56,CLAMP - Works,Anime *a* Manga,29,30
52,CLAMP - Works,Anime *a* Manga,30,31
36,CLAMP - Works,Anime *a* Manga,31,32
33,CLAMP - Works,Anime *a* Manga,32,33
26,CLAMP - Works,Anime *a* Manga,33,34
18,CLAMP - Works,Anime *a* Manga,34,35
127,CLAMP - Works,Anime *a* Manga,35,36
70,Death Note & Related Fandoms,Anime *a* Manga,0,1
73,Death Note & Related Fandoms,Anime *a* Manga,1,2
52,Death Note & Related Fandoms,Anime *a* Manga,2,3
66,Death Note & Related Fandoms,Anime *a* Manga,3,4
43,Death Note & Related Fandoms,Anime *a* Manga,4,5
33,Death Note & Related Fandoms,Anime *a* Manga,5,6
29,Death Note & Related Fandoms,Anime *a* Manga,6,7
44,Death Note & Related Fandoms,Anime *a* Manga,7,8
60,Death Note & Related Fandoms,Anime *a* Manga,8,9
41,Death Note & Related Fandoms,Anime *a* Manga,9,10
36,Death Note & Related Fandoms,Anime *a* Manga,10,11
47,Death Note & Related Fandoms,Anime *a* Manga,11,12
52,Death Note & Related Fandoms,Anime *a* Manga,12,13
40,Death Note & Related Fandoms,Anime *a* Manga,13,14
50,Death Note & Related Fandoms,Anime *a* Manga,14,15
41,Death Note & Related Fandoms,Anime *a* Manga,15,16
49,Death Note & Related Fandoms,Anime *a* Manga,16,17
58,Death Note & Related Fandoms,Anime *a* Manga,17,18
42,Death Note & Related Fandoms,Anime *a* Manga,18,19
49,Death Note & Related Fandoms,Anime *a* Manga,19,20
44,Death Note & Related Fandoms,Anime *a* Manga,20,21
54,Death Note & Related Fandoms,Anime *a* Manga,21,22
60,Death Note & Related Fandoms,Anime *a* Manga,22,23
70,Death Note & Related Fandoms,Anime *a* Manga,23,24
58,Death Note & Related Fandoms,Anime *a* Manga,24,25
45,Death Note & Related Fandoms,Anime *a* Manga,25,26
47,Death Note & Related Fandoms,Anime *a* Manga,26,27
48,Death Note & Related Fandoms,Anime *a* Manga,27,28
50,Death Note & Related Fandoms,Anime *a* Manga,28,29
63,Death Note & Related Fandoms,Anime *a* Manga,29,30
60,Death Note & Related Fandoms,Anime *a* Manga,30,31
58,Death Note & Related Fandoms,Anime *a* Manga,31,32
50,Death Note & Related Fandoms,Anime *a* Manga,32,33
63,Death Note & Related Fandoms,Anime *a* Manga,33,34
46,Death Note & Related Fandoms,Anime *a* Manga,34,35
28,Death Note & Related Fandoms,Anime *a* Manga,35,36
63,ダイヤのA | Daiya no A | Ace of Diamond,Anime *a* Manga,0,1
47,ダイヤのA | Daiya no A | Ace of Diamond,Anime *a* Manga,1,2
47,ダイヤのA | Daiya no A | Ace of Diamond,Anime *a* Manga,2,3
36,ダイヤのA | Daiya no A | Ace of Diamond,Anime *a* Manga,3,4
74,ダイヤのA | Daiya no A | Ace of Diamond,Anime *a* Manga,4,5
64,ダイヤのA | Daiya no A | Ace of Diamond,Anime *a* Manga,5,6
108,ダイヤのA | Daiya no A | Ace of Diamond,Anime *a* Manga,6,7
60,ダイヤのA | Daiya no A | Ace of Diamond,Anime *a* Manga,7,8
49,ダイヤのA | Daiya no A | Ace of Diamond,Anime *a* Manga,8,9
37,ダイヤのA | Daiya no A | Ace of Diamond,Anime *a* Manga,9,10
75,ダイヤのA | Daiya no A | Ace of Diamond,Anime *a* Manga,10,11
39,ダイヤのA | Daiya no A | Ace of Diamond,Anime *a* Manga,11,12
73,ダイヤのA | Daiya no A | Ace of Diamond,Anime *a* Manga,12,13
63,ダイヤのA | Daiya no A | Ace of Diamond,Anime *a* Manga,13,14
77,ダイヤのA | Daiya no A | Ace of Diamond,Anime *a* Manga,14,15
103,ダイヤのA | Daiya no A | Ace of Diamond,Anime *a* Manga,15,16
139,ダイヤのA | Daiya no A | Ace of Diamond,Anime *a* Manga,16,17
190,ダイヤのA | Daiya no A | Ace of Diamond,Anime *a* Manga,17,18
206,ダイヤのA | Daiya no A | Ace of Diamond,Anime *a* Manga,18,19
157,ダイヤのA | Daiya no A | Ace of Diamond,Anime *a* Manga,19,20
114,ダイヤのA | Daiya no A | Ace of Diamond,Anime *a* Manga,20,21
144,ダイヤのA | Daiya no A | Ace of Diamond,Anime *a* Manga,21,22
133,ダイヤのA | Daiya no A | Ace of Diamond,Anime *a* Manga,22,23
124,ダイヤのA | Daiya no A | Ace of Diamond,Anime *a* Manga,23,24
117,ダイヤのA | Daiya no A | Ace of Diamond,Anime *a* Manga,24,25
90,ダイヤのA | Daiya no A | Ace of Diamond,Anime *a* Manga,25,26
88,ダイヤのA | Daiya no A | Ace of Diamond,Anime *a* Manga,26,27
118,ダイヤのA | Daiya no A | Ace of Diamond,Anime *a* Manga,27,28
119,ダイヤのA | Daiya no A | Ace of Diamond,Anime *a* Manga,28,29
104,ダイヤのA | Daiya no A | Ace of Diamond,Anime *a* Manga,29,30
79,ダイヤのA | Daiya no A | Ace of Diamond,Anime *a* Manga,30,31
78,ダイヤのA | Daiya no A | Ace of Diamond,Anime *a* Manga,31,32
55,ダイヤのA | Daiya no A | Ace of Diamond,Anime *a* Manga,32,33
67,ダイヤのA | Daiya no A | Ace of Diamond,Anime *a* Manga,33,34
59,ダイヤのA | Daiya no A | Ace of Diamond,Anime *a* Manga,34,35
55,ダイヤのA | Daiya no A | Ace of Diamond,Anime *a* Manga,35,36
90,Fullmetal Alchemist: Brotherhood & Manga,Anime *a* Manga,0,1
47,Fullmetal Alchemist: Brotherhood & Manga,Anime *a* Manga,1,2
73,Fullmetal Alchemist: Brotherhood & Manga,Anime *a* Manga,2,3
54,Fullmetal Alchemist: Brotherhood & Manga,Anime *a* Manga,3,4
95,Fullmetal Alchemist: Brotherhood & Manga,Anime *a* Manga,4,5
70,Fullmetal Alchemist: Brotherhood & Manga,Anime *a* Manga,5,6
85,Fullmetal Alchemist: Brotherhood & Manga,Anime *a* Manga,6,7
69,Fullmetal Alchemist: Brotherhood & Manga,Anime *a* Manga,7,8
43,Fullmetal Alchemist: Brotherhood & Manga,Anime *a* Manga,8,9
164,Fullmetal Alchemist: Brotherhood & Manga,Anime *a* Manga,9,10
62,Fullmetal Alchemist: Brotherhood & Manga,Anime *a* Manga,10,11
71,Fullmetal Alchemist: Brotherhood & Manga,Anime *a* Manga,11,12
107,Fullmetal Alchemist: Brotherhood & Manga,Anime *a* Manga,12,13
82,Fullmetal Alchemist: Brotherhood & Manga,Anime *a* Manga,13,14
105,Fullmetal Alchemist: Brotherhood & Manga,Anime *a* Manga,14,15
133,Fullmetal Alchemist: Brotherhood & Manga,Anime *a* Manga,15,16
71,Fullmetal Alchemist: Brotherhood & Manga,Anime *a* Manga,16,17
72,Fullmetal Alchemist: Brotherhood & Manga,Anime *a* Manga,17,18
98,Fullmetal Alchemist: Brotherhood & Manga,Anime *a* Manga,18,19
75,Fullmetal Alchemist: Brotherhood & Manga,Anime *a* Manga,19,20
58,Fullmetal Alchemist: Brotherhood & Manga,Anime *a* Manga,20,21
55,Fullmetal Alchemist: Brotherhood & Manga,Anime *a* Manga,21,22
71,Fullmetal Alchemist: Brotherhood & Manga,Anime *a* Manga,22,23
82,Fullmetal Alchemist: Brotherhood & Manga,Anime *a* Manga,23,24
60,Fullmetal Alchemist: Brotherhood & Manga,Anime *a* Manga,24,25
47,Fullmetal Alchemist: Brotherhood & Manga,Anime *a* Manga,25,26
78,Fullmetal Alchemist: Brotherhood & Manga,Anime *a* Manga,26,27
30,Fullmetal Alchemist: Brotherhood & Manga,Anime *a* Manga,27,28
46,Fullmetal Alchemist: Brotherhood & Manga,Anime *a* Manga,28,29
48,Fullmetal Alchemist: Brotherhood & Manga,Anime *a* Manga,29,30
59,Fullmetal Alchemist: Brotherhood & Manga,Anime *a* Manga,30,31
29,Fullmetal Alchemist: Brotherhood & Manga,Anime *a* Manga,31,32
39,Fullmetal Alchemist: Brotherhood & Manga,Anime *a* Manga,32,33
47,Fullmetal Alchemist: Brotherhood & Manga,Anime *a* Manga,33,34
32,Fullmetal Alchemist: Brotherhood & Manga,Anime *a* Manga,34,35
40,Fullmetal Alchemist: Brotherhood & Manga,Anime *a* Manga,35,36
62,Death Note (Anime & Manga),Anime *a* Manga,0,1
65,Death Note (Anime & Manga),Anime *a* Manga,1,2
46,Death Note (Anime & Manga),Anime *a* Manga,2,3
57,Death Note (Anime & Manga),Anime *a* Manga,3,4
34,Death Note (Anime & Manga),Anime *a* Manga,4,5
29,Death Note (Anime & Manga),Anime *a* Manga,5,6
24,Death Note (Anime & Manga),Anime *a* Manga,6,7
32,Death Note (Anime & Manga),Anime *a* Manga,7,8
54,Death Note (Anime & Manga),Anime *a* Manga,8,9
41,Death Note (Anime & Manga),Anime *a* Manga,9,10
36,Death Note (Anime & Manga),Anime *a* Manga,10,11
44,Death Note (Anime & Manga),Anime *a* Manga,11,12
51,Death Note (Anime & Manga),Anime *a* Manga,12,13
38,Death Note (Anime & Manga),Anime *a* Manga,13,14
45,Death Note (Anime & Manga),Anime *a* Manga,14,15
41,Death Note (Anime & Manga),Anime *a* Manga,15,16
48,Death Note (Anime & Manga),Anime *a* Manga,16,17
51,Death Note (Anime & Manga),Anime *a* Manga,17,18
39,Death Note (Anime & Manga),Anime *a* Manga,18,19
36,Death Note (Anime & Manga),Anime *a* Manga,19,20
27,Death Note (Anime & Manga),Anime *a* Manga,20,21
49,Death Note (Anime & Manga),Anime *a* Manga,21,22
60,Death Note (Anime & Manga),Anime *a* Manga,22,23
69,Death Note (Anime & Manga),Anime *a* Manga,23,24
59,Death Note (Anime & Manga),Anime *a* Manga,24,25
45,Death Note (Anime & Manga),Anime *a* Manga,25,26
47,Death Note (Anime & Manga),Anime *a* Manga,26,27
46,Death Note (Anime & Manga),Anime *a* Manga,27,28
50,Death Note (Anime & Manga),Anime *a* Manga,28,29
59,Death Note (Anime & Manga),Anime *a* Manga,29,30
60,Death Note (Anime & Manga),Anime *a* Manga,30,31
57,Death Note (Anime & Manga),Anime *a* Manga,31,32
50,Death Note (Anime & Manga),Anime *a* Manga,32,33
62,Death Note (Anime & Manga),Anime *a* Manga,33,34
46,Death Note (Anime & Manga),Anime *a* Manga,34,35
27,Death Note (Anime & Manga),Anime *a* Manga,35,36
34,InuYasha - A Feudal Fairy Tale,Anime *a* Manga,0,1
36,InuYasha - A Feudal Fairy Tale,Anime *a* Manga,1,2
34,InuYasha - A Feudal Fairy Tale,Anime *a* Manga,2,3
32,InuYasha - A Feudal Fairy Tale,Anime *a* Manga,3,4
48,InuYasha - A Feudal Fairy Tale,Anime *a* Manga,4,5
30,InuYasha - A Feudal Fairy Tale,Anime *a* Manga,5,6
50,InuYasha - A Feudal Fairy Tale,Anime *a* Manga,6,7
38,InuYasha - A Feudal Fairy Tale,Anime *a* Manga,7,8
35,InuYasha - A Feudal Fairy Tale,Anime *a* Manga,8,9
61,InuYasha - A Feudal Fairy Tale,Anime *a* Manga,9,10
24,InuYasha - A Feudal Fairy Tale,Anime *a* Manga,10,11
29,InuYasha - A Feudal Fairy Tale,Anime *a* Manga,11,12
30,InuYasha - A Feudal Fairy Tale,Anime *a* Manga,12,13
24,InuYasha - A Feudal Fairy Tale,Anime *a* Manga,13,14
26,InuYasha - A Feudal Fairy Tale,Anime *a* Manga,14,15
32,InuYasha - A Feudal Fairy Tale,Anime *a* Manga,15,16
35,InuYasha - A Feudal Fairy Tale,Anime *a* Manga,16,17
52,InuYasha - A Feudal Fairy Tale,Anime *a* Manga,17,18
30,InuYasha - A Feudal Fairy Tale,Anime *a* Manga,18,19
40,InuYasha - A Feudal Fairy Tale,Anime *a* Manga,19,20
22,InuYasha - A Feudal Fairy Tale,Anime *a* Manga,20,21
25,InuYasha - A Feudal Fairy Tale,Anime *a* Manga,21,22
34,InuYasha - A Feudal Fairy Tale,Anime *a* Manga,22,23
40,InuYasha - A Feudal Fairy Tale,Anime *a* Manga,23,24
26,InuYasha - A Feudal Fairy Tale,Anime *a* Manga,24,25
29,InuYasha - A Feudal Fairy Tale,Anime *a* Manga,25,26
21,InuYasha - A Feudal Fairy Tale,Anime *a* Manga,26,27
21,InuYasha - A Feudal Fairy Tale,Anime *a* Manga,27,28
16,InuYasha - A Feudal Fairy Tale,Anime *a* Manga,28,29
35,InuYasha - A Feudal Fairy Tale,Anime *a* Manga,29,30
23,InuYasha - A Feudal Fairy Tale,Anime *a* Manga,30,31
30,InuYasha - A Feudal Fairy Tale,Anime *a* Manga,31,32
26,InuYasha - A Feudal Fairy Tale,Anime *a* Manga,32,33
26,InuYasha - A Feudal Fairy Tale,Anime *a* Manga,33,34
20,InuYasha - A Feudal Fairy Tale,Anime *a* Manga,34,35
16,InuYasha - A Feudal Fairy Tale,Anime *a* Manga,35,36
72,Hunter X Hunter,Anime *a* Manga,0,1
49,Hunter X Hunter,Anime *a* Manga,1,2
75,Hunter X Hunter,Anime *a* Manga,2,3
65,Hunter X Hunter,Anime *a* Manga,3,4
41,Hunter X Hunter,Anime *a* Manga,4,5
54,Hunter X Hunter,Anime *a* Manga,5,6
59,Hunter X Hunter,Anime *a* Manga,6,7
93,Hunter X Hunter,Anime *a* Manga,7,8
61,Hunter X Hunter,Anime *a* Manga,8,9
162,Hunter X Hunter,Anime *a* Manga,9,10
87,Hunter X Hunter,Anime *a* Manga,10,11
72,Hunter X Hunter,Anime *a* Manga,11,12
65,Hunter X Hunter,Anime *a* Manga,12,13
67,Hunter X Hunter,Anime *a* Manga,13,14
77,Hunter X Hunter,Anime *a* Manga,14,15
68,Hunter X Hunter,Anime *a* Manga,15,16
82,Hunter X Hunter,Anime *a* Manga,16,17
86,Hunter X Hunter,Anime *a* Manga,17,18
103,Hunter X Hunter,Anime *a* Manga,18,19
63,Hunter X Hunter,Anime *a* Manga,19,20
41,Hunter X Hunter,Anime *a* Manga,20,21
55,Hunter X Hunter,Anime *a* Manga,21,22
52,Hunter X Hunter,Anime *a* Manga,22,23
56,Hunter X Hunter,Anime *a* Manga,23,24
76,Hunter X Hunter,Anime *a* Manga,24,25
39,Hunter X Hunter,Anime *a* Manga,25,26
55,Hunter X Hunter,Anime *a* Manga,26,27
69,Hunter X Hunter,Anime *a* Manga,27,28
97,Hunter X Hunter,Anime *a* Manga,28,29
98,Hunter X Hunter,Anime *a* Manga,29,30
62,Hunter X Hunter,Anime *a* Manga,30,31
83,Hunter X Hunter,Anime *a* Manga,31,32
61,Hunter X Hunter,Anime *a* Manga,32,33
64,Hunter X Hunter,Anime *a* Manga,33,34
68,Hunter X Hunter,Anime *a* Manga,34,35
72,Hunter X Hunter,Anime *a* Manga,35,36
59,終わりのセラフ | Owari no Seraph | Seraph of the End,Anime *a* Manga,0,1
38,終わりのセラフ | Owari no Seraph | Seraph of the End,Anime *a* Manga,1,2
61,終わりのセラフ | Owari no Seraph | Seraph of the End,Anime *a* Manga,2,3
36,終わりのセラフ | Owari no Seraph | Seraph of the End,Anime *a* Manga,3,4
48,終わりのセラフ | Owari no Seraph | Seraph of the End,Anime *a* Manga,4,5
99,終わりのセラフ | Owari no Seraph | Seraph of the End,Anime *a* Manga,5,6
74,終わりのセラフ | Owari no Seraph | Seraph of the End,Anime *a* Manga,6,7
56,終わりのセラフ | Owari no Seraph | Seraph of the End,Anime *a* Manga,7,8
65,終わりのセラフ | Owari no Seraph | Seraph of the End,Anime *a* Manga,8,9
49,終わりのセラフ | Owari no Seraph | Seraph of the End,Anime *a* Manga,9,10
48,終わりのセラフ | Owari no Seraph | Seraph of the End,Anime *a* Manga,10,11
54,終わりのセラフ | Owari no Seraph | Seraph of the End,Anime *a* Manga,11,12
106,終わりのセラフ | Owari no Seraph | Seraph of the End,Anime *a* Manga,12,13
66,終わりのセラフ | Owari no Seraph | Seraph of the End,Anime *a* Manga,13,14
81,終わりのセラフ | Owari no Seraph | Seraph of the End,Anime *a* Manga,14,15
60,終わりのセラフ | Owari no Seraph | Seraph of the End,Anime *a* Manga,15,16
90,終わりのセラフ | Owari no Seraph | Seraph of the End,Anime *a* Manga,16,17
177,終わりのセラフ | Owari no Seraph | Seraph of the End,Anime *a* Manga,17,18
122,終わりのセラフ | Owari no Seraph | Seraph of the End,Anime *a* Manga,18,19
115,終わりのセラフ | Owari no Seraph | Seraph of the End,Anime *a* Manga,19,20
95,終わりのセラフ | Owari no Seraph | Seraph of the End,Anime *a* Manga,20,21
128,終わりのセラフ | Owari no Seraph | Seraph of the End,Anime *a* Manga,21,22
154,終わりのセラフ | Owari no Seraph | Seraph of the End,Anime *a* Manga,22,23
126,終わりのセラフ | Owari no Seraph | Seraph of the End,Anime *a* Manga,23,24
208,終わりのセラフ | Owari no Seraph | Seraph of the End,Anime *a* Manga,24,25
113,終わりのセラフ | Owari no Seraph | Seraph of the End,Anime *a* Manga,25,26
91,終わりのセラフ | Owari no Seraph | Seraph of the End,Anime *a* Manga,26,27
55,終わりのセラフ | Owari no Seraph | Seraph of the End,Anime *a* Manga,27,28
78,終わりのセラフ | Owari no Seraph | Seraph of the End,Anime *a* Manga,28,29
109,終わりのセラフ | Owari no Seraph | Seraph of the End,Anime *a* Manga,29,30
104,終わりのセラフ | Owari no Seraph | Seraph of the End,Anime *a* Manga,30,31
54,終わりのセラフ | Owari no Seraph | Seraph of the End,Anime *a* Manga,31,32
40,終わりのセラフ | Owari no Seraph | Seraph of the End,Anime *a* Manga,32,33
0,終わりのセラフ | Owari no Seraph | Seraph of the End,Anime *a* Manga,33,34
1,終わりのセラフ | Owari no Seraph | Seraph of the End,Anime *a* Manga,34,35
2,終わりのセラフ | Owari no Seraph | Seraph of the End,Anime *a* Manga,35,36
45,Tennis no Oujisama | Prince of Tennis,Anime *a* Manga,0,1
19,Tennis no Oujisama | Prince of Tennis,Anime *a* Manga,1,2
19,Tennis no Oujisama | Prince of Tennis,Anime *a* Manga,2,3
27,Tennis no Oujisama | Prince of Tennis,Anime *a* Manga,3,4
54,Tennis no Oujisama | Prince of Tennis,Anime *a* Manga,4,5
53,Tennis no Oujisama | Prince of Tennis,Anime *a* Manga,5,6
24,Tennis no Oujisama | Prince of Tennis,Anime *a* Manga,6,7
50,Tennis no Oujisama | Prince of Tennis,Anime *a* Manga,7,8
19,Tennis no Oujisama | Prince of Tennis,Anime *a* Manga,8,9
47,Tennis no Oujisama | Prince of Tennis,Anime *a* Manga,9,10
82,Tennis no Oujisama | Prince of Tennis,Anime *a* Manga,10,11
36,Tennis no Oujisama | Prince of Tennis,Anime *a* Manga,11,12
40,Tennis no Oujisama | Prince of Tennis,Anime *a* Manga,12,13
24,Tennis no Oujisama | Prince of Tennis,Anime *a* Manga,13,14
34,Tennis no Oujisama | Prince of Tennis,Anime *a* Manga,14,15
28,Tennis no Oujisama | Prince of Tennis,Anime *a* Manga,15,16
24,Tennis no Oujisama | Prince of Tennis,Anime *a* Manga,16,17
30,Tennis no Oujisama | Prince of Tennis,Anime *a* Manga,17,18
38,Tennis no Oujisama | Prince of Tennis,Anime *a* Manga,18,19
28,Tennis no Oujisama | Prince of Tennis,Anime *a* Manga,19,20
57,Tennis no Oujisama | Prince of Tennis,Anime *a* Manga,20,21
35,Tennis no Oujisama | Prince of Tennis,Anime *a* Manga,21,22
36,Tennis no Oujisama | Prince of Tennis,Anime *a* Manga,22,23
24,Tennis no Oujisama | Prince of Tennis,Anime *a* Manga,23,24
31,Tennis no Oujisama | Prince of Tennis,Anime *a* Manga,24,25
26,Tennis no Oujisama | Prince of Tennis,Anime *a* Manga,25,26
40,Tennis no Oujisama | Prince of Tennis,Anime *a* Manga,26,27
21,Tennis no Oujisama | Prince of Tennis,Anime *a* Manga,27,28
54,Tennis no Oujisama | Prince of Tennis,Anime *a* Manga,28,29
12,Tennis no Oujisama | Prince of Tennis,Anime *a* Manga,29,30
32,Tennis no Oujisama | Prince of Tennis,Anime *a* Manga,30,31
36,Tennis no Oujisama | Prince of Tennis,Anime *a* Manga,31,32
22,Tennis no Oujisama | Prince of Tennis,Anime *a* Manga,32,33
30,Tennis no Oujisama | Prince of Tennis,Anime *a* Manga,33,34
24,Tennis no Oujisama | Prince of Tennis,Anime *a* Manga,34,35
25,Tennis no Oujisama | Prince of Tennis,Anime *a* Manga,35,36
12,DRAMAtical Murder - All Media Types,Anime *a* Manga,0,1
5,DRAMAtical Murder - All Media Types,Anime *a* Manga,1,2
16,DRAMAtical Murder - All Media Types,Anime *a* Manga,2,3
12,DRAMAtical Murder - All Media Types,Anime *a* Manga,3,4
15,DRAMAtical Murder - All Media Types,Anime *a* Manga,4,5
17,DRAMAtical Murder - All Media Types,Anime *a* Manga,5,6
12,DRAMAtical Murder - All Media Types,Anime *a* Manga,6,7
19,DRAMAtical Murder - All Media Types,Anime *a* Manga,7,8
18,DRAMAtical Murder - All Media Types,Anime *a* Manga,8,9
18,DRAMAtical Murder - All Media Types,Anime *a* Manga,9,10
15,DRAMAtical Murder - All Media Types,Anime *a* Manga,10,11
15,DRAMAtical Murder - All Media Types,Anime *a* Manga,11,12
30,DRAMAtical Murder - All Media Types,Anime *a* Manga,12,13
15,DRAMAtical Murder - All Media Types,Anime *a* Manga,13,14
16,DRAMAtical Murder - All Media Types,Anime *a* Manga,14,15
36,DRAMAtical Murder - All Media Types,Anime *a* Manga,15,16
36,DRAMAtical Murder - All Media Types,Anime *a* Manga,16,17
26,DRAMAtical Murder - All Media Types,Anime *a* Manga,17,18
27,DRAMAtical Murder - All Media Types,Anime *a* Manga,18,19
32,DRAMAtical Murder - All Media Types,Anime *a* Manga,19,20
33,DRAMAtical Murder - All Media Types,Anime *a* Manga,20,21
34,DRAMAtical Murder - All Media Types,Anime *a* Manga,21,22
71,DRAMAtical Murder - All Media Types,Anime *a* Manga,22,23
55,DRAMAtical Murder - All Media Types,Anime *a* Manga,23,24
54,DRAMAtical Murder - All Media Types,Anime *a* Manga,24,25
36,DRAMAtical Murder - All Media Types,Anime *a* Manga,25,26
73,DRAMAtical Murder - All Media Types,Anime *a* Manga,26,27
63,DRAMAtical Murder - All Media Types,Anime *a* Manga,27,28
86,DRAMAtical Murder - All Media Types,Anime *a* Manga,28,29
66,DRAMAtical Murder - All Media Types,Anime *a* Manga,29,30
105,DRAMAtical Murder - All Media Types,Anime *a* Manga,30,31
105,DRAMAtical Murder - All Media Types,Anime *a* Manga,31,32
116,DRAMAtical Murder - All Media Types,Anime *a* Manga,32,33
84,DRAMAtical Murder - All Media Types,Anime *a* Manga,33,34
120,DRAMAtical Murder - All Media Types,Anime *a* Manga,34,35
104,DRAMAtical Murder - All Media Types,Anime *a* Manga,35,36
49,Bishoujo Senshi Sailor Moon | Pretty Guardian Sailor Moon,Anime *a* Manga,0,1
42,Bishoujo Senshi Sailor Moon | Pretty Guardian Sailor Moon,Anime *a* Manga,1,2
35,Bishoujo Senshi Sailor Moon | Pretty Guardian Sailor Moon,Anime *a* Manga,2,3
34,Bishoujo Senshi Sailor Moon | Pretty Guardian Sailor Moon,Anime *a* Manga,3,4
69,Bishoujo Senshi Sailor Moon | Pretty Guardian Sailor Moon,Anime *a* Manga,4,5
50,Bishoujo Senshi Sailor Moon | Pretty Guardian Sailor Moon,Anime *a* Manga,5,6
34,Bishoujo Senshi Sailor Moon | Pretty Guardian Sailor Moon,Anime *a* Manga,6,7
39,Bishoujo Senshi Sailor Moon | Pretty Guardian Sailor Moon,Anime *a* Manga,7,8
70,Bishoujo Senshi Sailor Moon | Pretty Guardian Sailor Moon,Anime *a* Manga,8,9
42,Bishoujo Senshi Sailor Moon | Pretty Guardian Sailor Moon,Anime *a* Manga,9,10
41,Bishoujo Senshi Sailor Moon | Pretty Guardian Sailor Moon,Anime *a* Manga,10,11
49,Bishoujo Senshi Sailor Moon | Pretty Guardian Sailor Moon,Anime *a* Manga,11,12
18,Bishoujo Senshi Sailor Moon | Pretty Guardian Sailor Moon,Anime *a* Manga,12,13
11,Bishoujo Senshi Sailor Moon | Pretty Guardian Sailor Moon,Anime *a* Manga,13,14
27,Bishoujo Senshi Sailor Moon | Pretty Guardian Sailor Moon,Anime *a* Manga,14,15
44,Bishoujo Senshi Sailor Moon | Pretty Guardian Sailor Moon,Anime *a* Manga,15,16
31,Bishoujo Senshi Sailor Moon | Pretty Guardian Sailor Moon,Anime *a* Manga,16,17
53,Bishoujo Senshi Sailor Moon | Pretty Guardian Sailor Moon,Anime *a* Manga,17,18
38,Bishoujo Senshi Sailor Moon | Pretty Guardian Sailor Moon,Anime *a* Manga,18,19
55,Bishoujo Senshi Sailor Moon | Pretty Guardian Sailor Moon,Anime *a* Manga,19,20
62,Bishoujo Senshi Sailor Moon | Pretty Guardian Sailor Moon,Anime *a* Manga,20,21
37,Bishoujo Senshi Sailor Moon | Pretty Guardian Sailor Moon,Anime *a* Manga,21,22
49,Bishoujo Senshi Sailor Moon | Pretty Guardian Sailor Moon,Anime *a* Manga,22,23
40,Bishoujo Senshi Sailor Moon | Pretty Guardian Sailor Moon,Anime *a* Manga,23,24
40,Bishoujo Senshi Sailor Moon | Pretty Guardian Sailor Moon,Anime *a* Manga,24,25
31,Bishoujo Senshi Sailor Moon | Pretty Guardian Sailor Moon,Anime *a* Manga,25,26
34,Bishoujo Senshi Sailor Moon | Pretty Guardian Sailor Moon,Anime *a* Manga,26,27
59,Bishoujo Senshi Sailor Moon | Pretty Guardian Sailor Moon,Anime *a* Manga,27,28
40,Bishoujo Senshi Sailor Moon | Pretty Guardian Sailor Moon,Anime *a* Manga,28,29
44,Bishoujo Senshi Sailor Moon | Pretty Guardian Sailor Moon,Anime *a* Manga,29,30
30,Bishoujo Senshi Sailor Moon | Pretty Guardian Sailor Moon,Anime *a* Manga,30,31
37,Bishoujo Senshi Sailor Moon | Pretty Guardian Sailor Moon,Anime *a* Manga,31,32
27,Bishoujo Senshi Sailor Moon | Pretty Guardian Sailor Moon,Anime *a* Manga,32,33
48,Bishoujo Senshi Sailor Moon | Pretty Guardian Sailor Moon,Anime *a* Manga,33,34
47,Bishoujo Senshi Sailor Moon | Pretty Guardian Sailor Moon,Anime *a* Manga,34,35
86,Bishoujo Senshi Sailor Moon | Pretty Guardian Sailor Moon,Anime *a* Manga,35,36
57,Durarara!!,Anime *a* Manga,0,1
46,Durarara!!,Anime *a* Manga,1,2
49,Durarara!!,Anime *a* Manga,2,3
35,Durarara!!,Anime *a* Manga,3,4
35,Durarara!!,Anime *a* Manga,4,5
59,Durarara!!,Anime *a* Manga,5,6
52,Durarara!!,Anime *a* Manga,6,7
68,Durarara!!,Anime *a* Manga,7,8
48,Durarara!!,Anime *a* Manga,8,9
42,Durarara!!,Anime *a* Manga,9,10
68,Durarara!!,Anime *a* Manga,10,11
44,Durarara!!,Anime *a* Manga,11,12
94,Durarara!!,Anime *a* Manga,12,13
57,Durarara!!,Anime *a* Manga,13,14
62,Durarara!!,Anime *a* Manga,14,15
71,Durarara!!,Anime *a* Manga,15,16
64,Durarara!!,Anime *a* Manga,16,17
64,Durarara!!,Anime *a* Manga,17,18
63,Durarara!!,Anime *a* Manga,18,19
71,Durarara!!,Anime *a* Manga,19,20
72,Durarara!!,Anime *a* Manga,20,21
70,Durarara!!,Anime *a* Manga,21,22
65,Durarara!!,Anime *a* Manga,22,23
36,Durarara!!,Anime *a* Manga,23,24
58,Durarara!!,Anime *a* Manga,24,25
45,Durarara!!,Anime *a* Manga,25,26
61,Durarara!!,Anime *a* Manga,26,27
49,Durarara!!,Anime *a* Manga,27,28
51,Durarara!!,Anime *a* Manga,28,29
53,Durarara!!,Anime *a* Manga,29,30
43,Durarara!!,Anime *a* Manga,30,31
44,Durarara!!,Anime *a* Manga,31,32
43,Durarara!!,Anime *a* Manga,32,33
61,Durarara!!,Anime *a* Manga,33,34
57,Durarara!!,Anime *a* Manga,34,35
55,Durarara!!,Anime *a* Manga,35,36
81,D.Gray-man,Anime *a* Manga,0,1
59,D.Gray-man,Anime *a* Manga,1,2
64,D.Gray-man,Anime *a* Manga,2,3
43,D.Gray-man,Anime *a* Manga,3,4
64,D.Gray-man,Anime *a* Manga,4,5
44,D.Gray-man,Anime *a* Manga,5,6
65,D.Gray-man,Anime *a* Manga,6,7
60,D.Gray-man,Anime *a* Manga,7,8
64,D.Gray-man,Anime *a* Manga,8,9
72,D.Gray-man,Anime *a* Manga,9,10
45,D.Gray-man,Anime *a* Manga,10,11
45,D.Gray-man,Anime *a* Manga,11,12
72,D.Gray-man,Anime *a* Manga,12,13
40,D.Gray-man,Anime *a* Manga,13,14
43,D.Gray-man,Anime *a* Manga,14,15
78,D.Gray-man,Anime *a* Manga,15,16
104,D.Gray-man,Anime *a* Manga,16,17
69,D.Gray-man,Anime *a* Manga,17,18
68,D.Gray-man,Anime *a* Manga,18,19
61,D.Gray-man,Anime *a* Manga,19,20
53,D.Gray-man,Anime *a* Manga,20,21
35,D.Gray-man,Anime *a* Manga,21,22
45,D.Gray-man,Anime *a* Manga,22,23
26,D.Gray-man,Anime *a* Manga,23,24
42,D.Gray-man,Anime *a* Manga,24,25
36,D.Gray-man,Anime *a* Manga,25,26
42,D.Gray-man,Anime *a* Manga,26,27
22,D.Gray-man,Anime *a* Manga,27,28
62,D.Gray-man,Anime *a* Manga,28,29
23,D.Gray-man,Anime *a* Manga,29,30
17,D.Gray-man,Anime *a* Manga,30,31
16,D.Gray-man,Anime *a* Manga,31,32
9,D.Gray-man,Anime *a* Manga,32,33
30,D.Gray-man,Anime *a* Manga,33,34
23,D.Gray-man,Anime *a* Manga,34,35
24,D.Gray-man,Anime *a* Manga,35,36
100,Dragon Ball,Anime *a* Manga,0,1
85,Dragon Ball,Anime *a* Manga,1,2
81,Dragon Ball,Anime *a* Manga,2,3
58,Dragon Ball,Anime *a* Manga,3,4
67,Dragon Ball,Anime *a* Manga,4,5
69,Dragon Ball,Anime *a* Manga,5,6
44,Dragon Ball,Anime *a* Manga,6,7
68,Dragon Ball,Anime *a* Manga,7,8
62,Dragon Ball,Anime *a* Manga,8,9
48,Dragon Ball,Anime *a* Manga,9,10
59,Dragon Ball,Anime *a* Manga,10,11
54,Dragon Ball,Anime *a* Manga,11,12
72,Dragon Ball,Anime *a* Manga,12,13
58,Dragon Ball,Anime *a* Manga,13,14
60,Dragon Ball,Anime *a* Manga,14,15
51,Dragon Ball,Anime *a* Manga,15,16
49,Dragon Ball,Anime *a* Manga,16,17
44,Dragon Ball,Anime *a* Manga,17,18
44,Dragon Ball,Anime *a* Manga,18,19
54,Dragon Ball,Anime *a* Manga,19,20
45,Dragon Ball,Anime *a* Manga,20,21
35,Dragon Ball,Anime *a* Manga,21,22
48,Dragon Ball,Anime *a* Manga,22,23
44,Dragon Ball,Anime *a* Manga,23,24
33,Dragon Ball,Anime *a* Manga,24,25
49,Dragon Ball,Anime *a* Manga,25,26
43,Dragon Ball,Anime *a* Manga,26,27
67,Dragon Ball,Anime *a* Manga,27,28
38,Dragon Ball,Anime *a* Manga,28,29
34,Dragon Ball,Anime *a* Manga,29,30
36,Dragon Ball,Anime *a* Manga,30,31
25,Dragon Ball,Anime *a* Manga,31,32
24,Dragon Ball,Anime *a* Manga,32,33
23,Dragon Ball,Anime *a* Manga,33,34
26,Dragon Ball,Anime *a* Manga,34,35
10,Dragon Ball,Anime *a* Manga,35,36
45,Persona 4,Anime *a* Manga,0,1
37,Persona 4,Anime *a* Manga,1,2
39,Persona 4,Anime *a* Manga,2,3
34,Persona 4,Anime *a* Manga,3,4
32,Persona 4,Anime *a* Manga,4,5
31,Persona 4,Anime *a* Manga,5,6
39,Persona 4,Anime *a* Manga,6,7
28,Persona 4,Anime *a* Manga,7,8
19,Persona 4,Anime *a* Manga,8,9
36,Persona 4,Anime *a* Manga,9,10
32,Persona 4,Anime *a* Manga,10,11
30,Persona 4,Anime *a* Manga,11,12
34,Persona 4,Anime *a* Manga,12,13
31,Persona 4,Anime *a* Manga,13,14
30,Persona 4,Anime *a* Manga,14,15
27,Persona 4,Anime *a* Manga,15,16
28,Persona 4,Anime *a* Manga,16,17
37,Persona 4,Anime *a* Manga,17,18
54,Persona 4,Anime *a* Manga,18,19
38,Persona 4,Anime *a* Manga,19,20
53,Persona 4,Anime *a* Manga,20,21
47,Persona 4,Anime *a* Manga,21,22
40,Persona 4,Anime *a* Manga,22,23
36,Persona 4,Anime *a* Manga,23,24
40,Persona 4,Anime *a* Manga,24,25
40,Persona 4,Anime *a* Manga,25,26
71,Persona 4,Anime *a* Manga,26,27
48,Persona 4,Anime *a* Manga,27,28
61,Persona 4,Anime *a* Manga,28,29
58,Persona 4,Anime *a* Manga,29,30
53,Persona 4,Anime *a* Manga,30,31
44,Persona 4,Anime *a* Manga,31,32
44,Persona 4,Anime *a* Manga,32,33
37,Persona 4,Anime *a* Manga,33,34
48,Persona 4,Anime *a* Manga,34,35
35,Persona 4,Anime *a* Manga,35,36
114,Love Live! School Idol Project,Anime *a* Manga,0,1
94,Love Live! School Idol Project,Anime *a* Manga,1,2
105,Love Live! School Idol Project,Anime *a* Manga,2,3
102,Love Live! School Idol Project,Anime *a* Manga,3,4
168,Love Live! School Idol Project,Anime *a* Manga,4,5
145,Love Live! School Idol Project,Anime *a* Manga,5,6
117,Love Live! School Idol Project,Anime *a* Manga,6,7
129,Love Live! School Idol Project,Anime *a* Manga,7,8
93,Love Live! School Idol Project,Anime *a* Manga,8,9
70,Love Live! School Idol Project,Anime *a* Manga,9,10
69,Love Live! School Idol Project,Anime *a* Manga,10,11
70,Love Live! School Idol Project,Anime *a* Manga,11,12
77,Love Live! School Idol Project,Anime *a* Manga,12,13
76,Love Live! School Idol Project,Anime *a* Manga,13,14
93,Love Live! School Idol Project,Anime *a* Manga,14,15
82,Love Live! School Idol Project,Anime *a* Manga,15,16
88,Love Live! School Idol Project,Anime *a* Manga,16,17
64,Love Live! School Idol Project,Anime *a* Manga,17,18
62,Love Live! School Idol Project,Anime *a* Manga,18,19
40,Love Live! School Idol Project,Anime *a* Manga,19,20
39,Love Live! School Idol Project,Anime *a* Manga,20,21
40,Love Live! School Idol Project,Anime *a* Manga,21,22
40,Love Live! School Idol Project,Anime *a* Manga,22,23
46,Love Live! School Idol Project,Anime *a* Manga,23,24
51,Love Live! School Idol Project,Anime *a* Manga,24,25
45,Love Live! School Idol Project,Anime *a* Manga,25,26
21,Love Live! School Idol Project,Anime *a* Manga,26,27
31,Love Live! School Idol Project,Anime *a* Manga,27,28
24,Love Live! School Idol Project,Anime *a* Manga,28,29
19,Love Live! School Idol Project,Anime *a* Manga,29,30
13,Love Live! School Idol Project,Anime *a* Manga,30,31
20,Love Live! School Idol Project,Anime *a* Manga,31,32
10,Love Live! School Idol Project,Anime *a* Manga,32,33
12,Love Live! School Idol Project,Anime *a* Manga,33,34
15,Love Live! School Idol Project,Anime *a* Manga,34,35
11,Love Live! School Idol Project,Anime *a* Manga,35,36
36,弱虫ペダル | Yowamushi Pedal,Anime *a* Manga,0,1
32,弱虫ペダル | Yowamushi Pedal,Anime *a* Manga,1,2
15,弱虫ペダル | Yowamushi Pedal,Anime *a* Manga,2,3
27,弱虫ペダル | Yowamushi Pedal,Anime *a* Manga,3,4
32,弱虫ペダル | Yowamushi Pedal,Anime *a* Manga,4,5
36,弱虫ペダル | Yowamushi Pedal,Anime *a* Manga,5,6
32,弱虫ペダル | Yowamushi Pedal,Anime *a* Manga,6,7
29,弱虫ペダル | Yowamushi Pedal,Anime *a* Manga,7,8
27,弱虫ペダル | Yowamushi Pedal,Anime *a* Manga,8,9
21,弱虫ペダル | Yowamushi Pedal,Anime *a* Manga,9,10
19,弱虫ペダル | Yowamushi Pedal,Anime *a* Manga,10,11
26,弱虫ペダル | Yowamushi Pedal,Anime *a* Manga,11,12
18,弱虫ペダル | Yowamushi Pedal,Anime *a* Manga,12,13
13,弱虫ペダル | Yowamushi Pedal,Anime *a* Manga,13,14
20,弱虫ペダル | Yowamushi Pedal,Anime *a* Manga,14,15
41,弱虫ペダル | Yowamushi Pedal,Anime *a* Manga,15,16
58,弱虫ペダル | Yowamushi Pedal,Anime *a* Manga,16,17
52,弱虫ペダル | Yowamushi Pedal,Anime *a* Manga,17,18
37,弱虫ペダル | Yowamushi Pedal,Anime *a* Manga,18,19
36,弱虫ペダル | Yowamushi Pedal,Anime *a* Manga,19,20
31,弱虫ペダル | Yowamushi Pedal,Anime *a* Manga,20,21
35,弱虫ペダル | Yowamushi Pedal,Anime *a* Manga,21,22
58,弱虫ペダル | Yowamushi Pedal,Anime *a* Manga,22,23
70,弱虫ペダル | Yowamushi Pedal,Anime *a* Manga,23,24
58,弱虫ペダル | Yowamushi Pedal,Anime *a* Manga,24,25
68,弱虫ペダル | Yowamushi Pedal,Anime *a* Manga,25,26
43,弱虫ペダル | Yowamushi Pedal,Anime *a* Manga,26,27
80,弱虫ペダル | Yowamushi Pedal,Anime *a* Manga,27,28
100,弱虫ペダル | Yowamushi Pedal,Anime *a* Manga,28,29
75,弱虫ペダル | Yowamushi Pedal,Anime *a* Manga,29,30
91,弱虫ペダル | Yowamushi Pedal,Anime *a* Manga,30,31
60,弱虫ペダル | Yowamushi Pedal,Anime *a* Manga,31,32
81,弱虫ペダル | Yowamushi Pedal,Anime *a* Manga,32,33
110,弱虫ペダル | Yowamushi Pedal,Anime *a* Manga,33,34
117,弱虫ペダル | Yowamushi Pedal,Anime *a* Manga,34,35
91,弱虫ペダル | Yowamushi Pedal,Anime *a* Manga,35,36
36,ワンパンマン | One-Punch Man,Anime *a* Manga,0,1
25,ワンパンマン | One-Punch Man,Anime *a* Manga,1,2
34,ワンパンマン | One-Punch Man,Anime *a* Manga,2,3
10,ワンパンマン | One-Punch Man,Anime *a* Manga,3,4
25,ワンパンマン | One-Punch Man,Anime *a* Manga,4,5
38,ワンパンマン | One-Punch Man,Anime *a* Manga,5,6
26,ワンパンマン | One-Punch Man,Anime *a* Manga,6,7
45,ワンパンマン | One-Punch Man,Anime *a* Manga,7,8
37,ワンパンマン | One-Punch Man,Anime *a* Manga,8,9
58,ワンパンマン | One-Punch Man,Anime *a* Manga,9,10
34,ワンパンマン | One-Punch Man,Anime *a* Manga,10,11
41,ワンパンマン | One-Punch Man,Anime *a* Manga,11,12
60,ワンパンマン | One-Punch Man,Anime *a* Manga,12,13
41,ワンパンマン | One-Punch Man,Anime *a* Manga,13,14
57,ワンパンマン | One-Punch Man,Anime *a* Manga,14,15
63,ワンパンマン | One-Punch Man,Anime *a* Manga,15,16
72,ワンパンマン | One-Punch Man,Anime *a* Manga,16,17
83,ワンパンマン | One-Punch Man,Anime *a* Manga,17,18
84,ワンパンマン | One-Punch Man,Anime *a* Manga,18,19
76,ワンパンマン | One-Punch Man,Anime *a* Manga,19,20
126,ワンパンマン | One-Punch Man,Anime *a* Manga,20,21
180,ワンパンマン | One-Punch Man,Anime *a* Manga,21,22
216,ワンパンマン | One-Punch Man,Anime *a* Manga,22,23
206,ワンパンマン | One-Punch Man,Anime *a* Manga,23,24
227,ワンパンマン | One-Punch Man,Anime *a* Manga,24,25
113,ワンパンマン | One-Punch Man,Anime *a* Manga,25,26
9,ワンパンマン | One-Punch Man,Anime *a* Manga,26,27
1,ワンパンマン | One-Punch Man,Anime *a* Manga,27,28
2,ワンパンマン | One-Punch Man,Anime *a* Manga,28,29
1,ワンパンマン | One-Punch Man,Anime *a* Manga,29,30
1,ワンパンマン | One-Punch Man,Anime *a* Manga,30,31
2,ワンパンマン | One-Punch Man,Anime *a* Manga,31,32
0,ワンパンマン | One-Punch Man,Anime *a* Manga,32,33
1,ワンパンマン | One-Punch Man,Anime *a* Manga,33,34
0,ワンパンマン | One-Punch Man,Anime *a* Manga,34,35
0,ワンパンマン | One-Punch Man,Anime *a* Manga,35,36
28,Saiyuki,Anime *a* Manga,0,1
33,Saiyuki,Anime *a* Manga,1,2
14,Saiyuki,Anime *a* Manga,2,3
19,Saiyuki,Anime *a* Manga,3,4
11,Saiyuki,Anime *a* Manga,4,5
16,Saiyuki,Anime *a* Manga,5,6
14,Saiyuki,Anime *a* Manga,6,7
19,Saiyuki,Anime *a* Manga,7,8
19,Saiyuki,Anime *a* Manga,8,9
31,Saiyuki,Anime *a* Manga,9,10
25,Saiyuki,Anime *a* Manga,10,11
19,Saiyuki,Anime *a* Manga,11,12
10,Saiyuki,Anime *a* Manga,12,13
12,Saiyuki,Anime *a* Manga,13,14
8,Saiyuki,Anime *a* Manga,14,15
11,Saiyuki,Anime *a* Manga,15,16
14,Saiyuki,Anime *a* Manga,16,17
11,Saiyuki,Anime *a* Manga,17,18
5,Saiyuki,Anime *a* Manga,18,19
4,Saiyuki,Anime *a* Manga,19,20
5,Saiyuki,Anime *a* Manga,20,21
18,Saiyuki,Anime *a* Manga,21,22
22,Saiyuki,Anime *a* Manga,22,23
20,Saiyuki,Anime *a* Manga,23,24
13,Saiyuki,Anime *a* Manga,24,25
18,Saiyuki,Anime *a* Manga,25,26
3,Saiyuki,Anime *a* Manga,26,27
11,Saiyuki,Anime *a* Manga,27,28
6,Saiyuki,Anime *a* Manga,28,29
10,Saiyuki,Anime *a* Manga,29,30
12,Saiyuki,Anime *a* Manga,30,31
8,Saiyuki,Anime *a* Manga,31,32
14,Saiyuki,Anime *a* Manga,32,33
2,Saiyuki,Anime *a* Manga,33,34
11,Saiyuki,Anime *a* Manga,34,35
21,Saiyuki,Anime *a* Manga,35,36
36,Soul Eater,Anime *a* Manga,0,1
12,Soul Eater,Anime *a* Manga,1,2
17,Soul Eater,Anime *a* Manga,2,3
19,Soul Eater,Anime *a* Manga,3,4
24,Soul Eater,Anime *a* Manga,4,5
37,Soul Eater,Anime *a* Manga,5,6
15,Soul Eater,Anime *a* Manga,6,7
18,Soul Eater,Anime *a* Manga,7,8
29,Soul Eater,Anime *a* Manga,8,9
36,Soul Eater,Anime *a* Manga,9,10
30,Soul Eater,Anime *a* Manga,10,11
45,Soul Eater,Anime *a* Manga,11,12
44,Soul Eater,Anime *a* Manga,12,13
34,Soul Eater,Anime *a* Manga,13,14
45,Soul Eater,Anime *a* Manga,14,15
32,Soul Eater,Anime *a* Manga,15,16
44,Soul Eater,Anime *a* Manga,16,17
42,Soul Eater,Anime *a* Manga,17,18
31,Soul Eater,Anime *a* Manga,18,19
45,Soul Eater,Anime *a* Manga,19,20
48,Soul Eater,Anime *a* Manga,20,21
29,Soul Eater,Anime *a* Manga,21,22
41,Soul Eater,Anime *a* Manga,22,23
46,Soul Eater,Anime *a* Manga,23,24
49,Soul Eater,Anime *a* Manga,24,25
45,Soul Eater,Anime *a* Manga,25,26
28,Soul Eater,Anime *a* Manga,26,27
21,Soul Eater,Anime *a* Manga,27,28
41,Soul Eater,Anime *a* Manga,28,29
45,Soul Eater,Anime *a* Manga,29,30
23,Soul Eater,Anime *a* Manga,30,31
43,Soul Eater,Anime *a* Manga,31,32
33,Soul Eater,Anime *a* Manga,32,33
23,Soul Eater,Anime *a* Manga,33,34
26,Soul Eater,Anime *a* Manga,34,35
20,Soul Eater,Anime *a* Manga,35,36
32,Gintama,Anime *a* Manga,0,1
29,Gintama,Anime *a* Manga,1,2
40,Gintama,Anime *a* Manga,2,3
17,Gintama,Anime *a* Manga,3,4
28,Gintama,Anime *a* Manga,4,5
28,Gintama,Anime *a* Manga,5,6
44,Gintama,Anime *a* Manga,6,7
34,Gintama,Anime *a* Manga,7,8
25,Gintama,Anime *a* Manga,8,9
46,Gintama,Anime *a* Manga,9,10
32,Gintama,Anime *a* Manga,10,11
44,Gintama,Anime *a* Manga,11,12
45,Gintama,Anime *a* Manga,12,13
34,Gintama,Anime *a* Manga,13,14
31,Gintama,Anime *a* Manga,14,15
25,Gintama,Anime *a* Manga,15,16
44,Gintama,Anime *a* Manga,16,17
40,Gintama,Anime *a* Manga,17,18
40,Gintama,Anime *a* Manga,18,19
26,Gintama,Anime *a* Manga,19,20
60,Gintama,Anime *a* Manga,20,21
32,Gintama,Anime *a* Manga,21,22
35,Gintama,Anime *a* Manga,22,23
55,Gintama,Anime *a* Manga,23,24
45,Gintama,Anime *a* Manga,24,25
31,Gintama,Anime *a* Manga,25,26
50,Gintama,Anime *a* Manga,26,27
33,Gintama,Anime *a* Manga,27,28
40,Gintama,Anime *a* Manga,28,29
48,Gintama,Anime *a* Manga,29,30
44,Gintama,Anime *a* Manga,30,31
34,Gintama,Anime *a* Manga,31,32
35,Gintama,Anime *a* Manga,32,33
22,Gintama,Anime *a* Manga,33,34
26,Gintama,Anime *a* Manga,34,35
43,Gintama,Anime *a* Manga,35,36
42,Kamen Rider - All Media Types,Anime *a* Manga,0,1
25,Kamen Rider - All Media Types,Anime *a* Manga,1,2
35,Kamen Rider - All Media Types,Anime *a* Manga,2,3
33,Kamen Rider - All Media Types,Anime *a* Manga,3,4
31,Kamen Rider - All Media Types,Anime *a* Manga,4,5
34,Kamen Rider - All Media Types,Anime *a* Manga,5,6
43,Kamen Rider - All Media Types,Anime *a* Manga,6,7
52,Kamen Rider - All Media Types,Anime *a* Manga,7,8
32,Kamen Rider - All Media Types,Anime *a* Manga,8,9
23,Kamen Rider - All Media Types,Anime *a* Manga,9,10
27,Kamen Rider - All Media Types,Anime *a* Manga,10,11
32,Kamen Rider - All Media Types,Anime *a* Manga,11,12
39,Kamen Rider - All Media Types,Anime *a* Manga,12,13
20,Kamen Rider - All Media Types,Anime *a* Manga,13,14
33,Kamen Rider - All Media Types,Anime *a* Manga,14,15
38,Kamen Rider - All Media Types,Anime *a* Manga,15,16
46,Kamen Rider - All Media Types,Anime *a* Manga,16,17
24,Kamen Rider - All Media Types,Anime *a* Manga,17,18
37,Kamen Rider - All Media Types,Anime *a* Manga,18,19
30,Kamen Rider - All Media Types,Anime *a* Manga,19,20
51,Kamen Rider - All Media Types,Anime *a* Manga,20,21
35,Kamen Rider - All Media Types,Anime *a* Manga,21,22
24,Kamen Rider - All Media Types,Anime *a* Manga,22,23
37,Kamen Rider - All Media Types,Anime *a* Manga,23,24
54,Kamen Rider - All Media Types,Anime *a* Manga,24,25
34,Kamen Rider - All Media Types,Anime *a* Manga,25,26
22,Kamen Rider - All Media Types,Anime *a* Manga,26,27
31,Kamen Rider - All Media Types,Anime *a* Manga,27,28
17,Kamen Rider - All Media Types,Anime *a* Manga,28,29
21,Kamen Rider - All Media Types,Anime *a* Manga,29,30
29,Kamen Rider - All Media Types,Anime *a* Manga,30,31
37,Kamen Rider - All Media Types,Anime *a* Manga,31,32
32,Kamen Rider - All Media Types,Anime *a* Manga,32,33
41,Kamen Rider - All Media Types,Anime *a* Manga,33,34
22,Kamen Rider - All Media Types,Anime *a* Manga,34,35
26,Kamen Rider - All Media Types,Anime *a* Manga,35,36
