4103,Marvel,Movies,0,1
2950,Marvel,Movies,1,2
2494,Marvel,Movies,2,3
2211,Marvel,Movies,3,4
3031,Marvel,Movies,4,5
3125,Marvel,Movies,5,6
2222,Marvel,Movies,6,7
2363,Marvel,Movies,7,8
2263,Marvel,Movies,8,9
2608,Marvel,Movies,9,10
2372,Marvel,Movies,10,11
2686,Marvel,Movies,11,12
3295,Marvel,Movies,12,13
2489,Marvel,Movies,13,14
2658,Marvel,Movies,14,15
2708,Marvel,Movies,15,16
3050,Marvel,Movies,16,17
3585,Marvel,Movies,17,18
3900,Marvel,Movies,18,19
4649,Marvel,Movies,19,20
3173,Marvel,Movies,20,21
3674,Marvel,Movies,21,22
3227,Marvel,Movies,22,23
3307,Marvel,Movies,23,24
4070,Marvel,Movies,24,25
2943,Marvel,Movies,25,26
2479,Marvel,Movies,26,27
2923,Marvel,Movies,27,28
3548,Marvel,Movies,28,29
3409,Marvel,Movies,29,30
3398,Marvel,Movies,30,31
4248,Marvel,Movies,31,32
3186,Marvel,Movies,32,33
3062,Marvel,Movies,33,34
3282,Marvel,Movies,34,35
3058,Marvel,Movies,35,36
3555,Marvel Cinematic Universe,Movies,0,1
2649,Marvel Cinematic Universe,Movies,1,2
2304,Marvel Cinematic Universe,Movies,2,3
2079,Marvel Cinematic Universe,Movies,3,4
2970,Marvel Cinematic Universe,Movies,4,5
3003,Marvel Cinematic Universe,Movies,5,6
2245,Marvel Cinematic Universe,Movies,6,7
2335,Marvel Cinematic Universe,Movies,7,8
2098,Marvel Cinematic Universe,Movies,8,9
2203,Marvel Cinematic Universe,Movies,9,10
1989,Marvel Cinematic Universe,Movies,10,11
2305,Marvel Cinematic Universe,Movies,11,12
2839,Marvel Cinematic Universe,Movies,12,13
2082,Marvel Cinematic Universe,Movies,13,14
2311,Marvel Cinematic Universe,Movies,14,15
2335,Marvel Cinematic Universe,Movies,15,16
2665,Marvel Cinematic Universe,Movies,16,17
3090,Marvel Cinematic Universe,Movies,17,18
3284,Marvel Cinematic Universe,Movies,18,19
4262,Marvel Cinematic Universe,Movies,19,20
2826,Marvel Cinematic Universe,Movies,20,21
3007,Marvel Cinematic Universe,Movies,21,22
2423,Marvel Cinematic Universe,Movies,22,23
2926,Marvel Cinematic Universe,Movies,23,24
3705,Marvel Cinematic Universe,Movies,24,25
2651,Marvel Cinematic Universe,Movies,25,26
2211,Marvel Cinematic Universe,Movies,26,27
2507,Marvel Cinematic Universe,Movies,27,28
3074,Marvel Cinematic Universe,Movies,28,29
2979,Marvel Cinematic Universe,Movies,29,30
3056,Marvel Cinematic Universe,Movies,30,31
3927,Marvel Cinematic Universe,Movies,31,32
2778,Marvel Cinematic Universe,Movies,32,33
2614,Marvel Cinematic Universe,Movies,33,34
2746,Marvel Cinematic Universe,Movies,34,35
2526,Marvel Cinematic Universe,Movies,35,36
2628,Harry Potter - J. K. Rowling,Movies,0,1
1635,Harry Potter - J. K. Rowling,Movies,1,2
2076,Harry Potter - J. K. Rowling,Movies,2,3
1859,Harry Potter - J. K. Rowling,Movies,3,4
1897,Harry Potter - J. K. Rowling,Movies,4,5
2169,Harry Potter - J. K. Rowling,Movies,5,6
2012,Harry Potter - J. K. Rowling,Movies,6,7
2279,Harry Potter - J. K. Rowling,Movies,7,8
1850,Harry Potter - J. K. Rowling,Movies,8,9
1928,Harry Potter - J. K. Rowling,Movies,9,10
2082,Harry Potter - J. K. Rowling,Movies,10,11
2664,Harry Potter - J. K. Rowling,Movies,11,12
3621,Harry Potter - J. K. Rowling,Movies,12,13
2092,Harry Potter - J. K. Rowling,Movies,13,14
1667,Harry Potter - J. K. Rowling,Movies,14,15
1444,Harry Potter - J. K. Rowling,Movies,15,16
1621,Harry Potter - J. K. Rowling,Movies,16,17
1427,Harry Potter - J. K. Rowling,Movies,17,18
1528,Harry Potter - J. K. Rowling,Movies,18,19
1439,Harry Potter - J. K. Rowling,Movies,19,20
1291,Harry Potter - J. K. Rowling,Movies,20,21
1315,Harry Potter - J. K. Rowling,Movies,21,22
1306,Harry Potter - J. K. Rowling,Movies,22,23
1515,Harry Potter - J. K. Rowling,Movies,23,24
1461,Harry Potter - J. K. Rowling,Movies,24,25
1245,Harry Potter - J. K. Rowling,Movies,25,26
1429,Harry Potter - J. K. Rowling,Movies,26,27
1142,Harry Potter - J. K. Rowling,Movies,27,28
1328,Harry Potter - J. K. Rowling,Movies,28,29
1167,Harry Potter - J. K. Rowling,Movies,29,30
1074,Harry Potter - J. K. Rowling,Movies,30,31
1098,Harry Potter - J. K. Rowling,Movies,31,32
1051,Harry Potter - J. K. Rowling,Movies,32,33
1009,Harry Potter - J. K. Rowling,Movies,33,34
992,Harry Potter - J. K. Rowling,Movies,34,35
1241,Harry Potter - J. K. Rowling,Movies,35,36
1448,The Avengers - Ambiguous Fandom,Movies,0,1
1053,The Avengers - Ambiguous Fandom,Movies,1,2
1010,The Avengers - Ambiguous Fandom,Movies,2,3
850,The Avengers - Ambiguous Fandom,Movies,3,4
1182,The Avengers - Ambiguous Fandom,Movies,4,5
1295,The Avengers - Ambiguous Fandom,Movies,5,6
933,The Avengers - Ambiguous Fandom,Movies,6,7
979,The Avengers - Ambiguous Fandom,Movies,7,8
929,The Avengers - Ambiguous Fandom,Movies,8,9
1031,The Avengers - Ambiguous Fandom,Movies,9,10
898,The Avengers - Ambiguous Fandom,Movies,10,11
1007,The Avengers - Ambiguous Fandom,Movies,11,12
1273,The Avengers - Ambiguous Fandom,Movies,12,13
940,The Avengers - Ambiguous Fandom,Movies,13,14
1017,The Avengers - Ambiguous Fandom,Movies,14,15
1022,The Avengers - Ambiguous Fandom,Movies,15,16
1200,The Avengers - Ambiguous Fandom,Movies,16,17
1461,The Avengers - Ambiguous Fandom,Movies,17,18
1533,The Avengers - Ambiguous Fandom,Movies,18,19
1922,The Avengers - Ambiguous Fandom,Movies,19,20
1273,The Avengers - Ambiguous Fandom,Movies,20,21
1234,The Avengers - Ambiguous Fandom,Movies,21,22
1179,The Avengers - Ambiguous Fandom,Movies,22,23
1580,The Avengers - Ambiguous Fandom,Movies,23,24
1845,The Avengers - Ambiguous Fandom,Movies,24,25
1308,The Avengers - Ambiguous Fandom,Movies,25,26
985,The Avengers - Ambiguous Fandom,Movies,26,27
1302,The Avengers - Ambiguous Fandom,Movies,27,28
1390,The Avengers - Ambiguous Fandom,Movies,28,29
1441,The Avengers - Ambiguous Fandom,Movies,29,30
1472,The Avengers - Ambiguous Fandom,Movies,30,31
2049,The Avengers - Ambiguous Fandom,Movies,31,32
1309,The Avengers - Ambiguous Fandom,Movies,32,33
1204,The Avengers - Ambiguous Fandom,Movies,33,34
1178,The Avengers - Ambiguous Fandom,Movies,34,35
1089,The Avengers - Ambiguous Fandom,Movies,35,36
1409,The Avengers (Marvel) - All Media Types,Movies,0,1
1037,The Avengers (Marvel) - All Media Types,Movies,1,2
987,The Avengers (Marvel) - All Media Types,Movies,2,3
818,The Avengers (Marvel) - All Media Types,Movies,3,4
1164,The Avengers (Marvel) - All Media Types,Movies,4,5
1278,The Avengers (Marvel) - All Media Types,Movies,5,6
922,The Avengers (Marvel) - All Media Types,Movies,6,7
955,The Avengers (Marvel) - All Media Types,Movies,7,8
908,The Avengers (Marvel) - All Media Types,Movies,8,9
1021,The Avengers (Marvel) - All Media Types,Movies,9,10
872,The Avengers (Marvel) - All Media Types,Movies,10,11
976,The Avengers (Marvel) - All Media Types,Movies,11,12
1243,The Avengers (Marvel) - All Media Types,Movies,12,13
922,The Avengers (Marvel) - All Media Types,Movies,13,14
1007,The Avengers (Marvel) - All Media Types,Movies,14,15
1006,The Avengers (Marvel) - All Media Types,Movies,15,16
1181,The Avengers (Marvel) - All Media Types,Movies,16,17
1414,The Avengers (Marvel) - All Media Types,Movies,17,18
1518,The Avengers (Marvel) - All Media Types,Movies,18,19
1880,The Avengers (Marvel) - All Media Types,Movies,19,20
1247,The Avengers (Marvel) - All Media Types,Movies,20,21
1220,The Avengers (Marvel) - All Media Types,Movies,21,22
1152,The Avengers (Marvel) - All Media Types,Movies,22,23
1559,The Avengers (Marvel) - All Media Types,Movies,23,24
1816,The Avengers (Marvel) - All Media Types,Movies,24,25
1292,The Avengers (Marvel) - All Media Types,Movies,25,26
962,The Avengers (Marvel) - All Media Types,Movies,26,27
1272,The Avengers (Marvel) - All Media Types,Movies,27,28
1363,The Avengers (Marvel) - All Media Types,Movies,28,29
1405,The Avengers (Marvel) - All Media Types,Movies,29,30
1436,The Avengers (Marvel) - All Media Types,Movies,30,31
2012,The Avengers (Marvel) - All Media Types,Movies,31,32
1277,The Avengers (Marvel) - All Media Types,Movies,32,33
1170,The Avengers (Marvel) - All Media Types,Movies,33,34
1159,The Avengers (Marvel) - All Media Types,Movies,34,35
1068,The Avengers (Marvel) - All Media Types,Movies,35,36
2651,DCU,Movies,0,1
2012,DCU,Movies,1,2
2234,DCU,Movies,2,3
1789,DCU,Movies,3,4
2100,DCU,Movies,4,5
2446,DCU,Movies,5,6
2686,DCU,Movies,6,7
2430,DCU,Movies,7,8
2349,DCU,Movies,8,9
2365,DCU,Movies,9,10
2495,DCU,Movies,10,11
2408,DCU,Movies,11,12
2647,DCU,Movies,12,13
2141,DCU,Movies,13,14
1772,DCU,Movies,14,15
1404,DCU,Movies,15,16
1812,DCU,Movies,16,17
1463,DCU,Movies,17,18
1641,DCU,Movies,18,19
2038,DCU,Movies,19,20
1784,DCU,Movies,20,21
1791,DCU,Movies,21,22
1549,DCU,Movies,22,23
1331,DCU,Movies,23,24
1526,DCU,Movies,24,25
1109,DCU,Movies,25,26
1056,DCU,Movies,26,27
975,DCU,Movies,27,28
918,DCU,Movies,28,29
1009,DCU,Movies,29,30
874,DCU,Movies,30,31
1131,DCU,Movies,31,32
875,DCU,Movies,32,33
843,DCU,Movies,33,34
895,DCU,Movies,34,35
850,DCU,Movies,35,36
1113,The Avengers (Marvel Movies),Movies,0,1
849,The Avengers (Marvel Movies),Movies,1,2
811,The Avengers (Marvel Movies),Movies,2,3
610,The Avengers (Marvel Movies),Movies,3,4
883,The Avengers (Marvel Movies),Movies,4,5
997,The Avengers (Marvel Movies),Movies,5,6
705,The Avengers (Marvel Movies),Movies,6,7
745,The Avengers (Marvel Movies),Movies,7,8
727,The Avengers (Marvel Movies),Movies,8,9
760,The Avengers (Marvel Movies),Movies,9,10
552,The Avengers (Marvel Movies),Movies,10,11
755,The Avengers (Marvel Movies),Movies,11,12
989,The Avengers (Marvel Movies),Movies,12,13
710,The Avengers (Marvel Movies),Movies,13,14
798,The Avengers (Marvel Movies),Movies,14,15
777,The Avengers (Marvel Movies),Movies,15,16
958,The Avengers (Marvel Movies),Movies,16,17
1144,The Avengers (Marvel Movies),Movies,17,18
1195,The Avengers (Marvel Movies),Movies,18,19
1535,The Avengers (Marvel Movies),Movies,19,20
983,The Avengers (Marvel Movies),Movies,20,21
974,The Avengers (Marvel Movies),Movies,21,22
924,The Avengers (Marvel Movies),Movies,22,23
1256,The Avengers (Marvel Movies),Movies,23,24
1496,The Avengers (Marvel Movies),Movies,24,25
1104,The Avengers (Marvel Movies),Movies,25,26
764,The Avengers (Marvel Movies),Movies,26,27
1040,The Avengers (Marvel Movies),Movies,27,28
1146,The Avengers (Marvel Movies),Movies,28,29
1170,The Avengers (Marvel Movies),Movies,29,30
1226,The Avengers (Marvel Movies),Movies,30,31
1749,The Avengers (Marvel Movies),Movies,31,32
1018,The Avengers (Marvel Movies),Movies,32,33
933,The Avengers (Marvel Movies),Movies,33,34
953,The Avengers (Marvel Movies),Movies,34,35
892,The Avengers (Marvel Movies),Movies,35,36
880,Captain America - All Media Types,Movies,0,1
645,Captain America - All Media Types,Movies,1,2
759,Captain America - All Media Types,Movies,2,3
712,Captain America - All Media Types,Movies,3,4
955,Captain America - All Media Types,Movies,4,5
1013,Captain America - All Media Types,Movies,5,6
847,Captain America - All Media Types,Movies,6,7
780,Captain America - All Media Types,Movies,7,8
741,Captain America - All Media Types,Movies,8,9
919,Captain America - All Media Types,Movies,9,10
707,Captain America - All Media Types,Movies,10,11
981,Captain America - All Media Types,Movies,11,12
1169,Captain America - All Media Types,Movies,12,13
862,Captain America - All Media Types,Movies,13,14
942,Captain America - All Media Types,Movies,14,15
1099,Captain America - All Media Types,Movies,15,16
1269,Captain America - All Media Types,Movies,16,17
1474,Captain America - All Media Types,Movies,17,18
1602,Captain America - All Media Types,Movies,18,19
2296,Captain America - All Media Types,Movies,19,20
1009,Captain America - All Media Types,Movies,20,21
1116,Captain America - All Media Types,Movies,21,22
890,Captain America - All Media Types,Movies,22,23
974,Captain America - All Media Types,Movies,23,24
1172,Captain America - All Media Types,Movies,24,25
796,Captain America - All Media Types,Movies,25,26
742,Captain America - All Media Types,Movies,26,27
867,Captain America - All Media Types,Movies,27,28
1029,Captain America - All Media Types,Movies,28,29
1028,Captain America - All Media Types,Movies,29,30
865,Captain America - All Media Types,Movies,30,31
1128,Captain America - All Media Types,Movies,31,32
817,Captain America - All Media Types,Movies,32,33
913,Captain America - All Media Types,Movies,33,34
944,Captain America - All Media Types,Movies,34,35
815,Captain America - All Media Types,Movies,35,36
2747,Star Wars - All Media Types,Movies,0,1
1379,Star Wars - All Media Types,Movies,1,2
1198,Star Wars - All Media Types,Movies,2,3
1149,Star Wars - All Media Types,Movies,3,4
1271,Star Wars - All Media Types,Movies,4,5
1340,Star Wars - All Media Types,Movies,5,6
1181,Star Wars - All Media Types,Movies,6,7
1654,Star Wars - All Media Types,Movies,7,8
1585,Star Wars - All Media Types,Movies,8,9
1382,Star Wars - All Media Types,Movies,9,10
1679,Star Wars - All Media Types,Movies,10,11
2091,Star Wars - All Media Types,Movies,11,12
2222,Star Wars - All Media Types,Movies,12,13
1308,Star Wars - All Media Types,Movies,13,14
1386,Star Wars - All Media Types,Movies,14,15
1086,Star Wars - All Media Types,Movies,15,16
1277,Star Wars - All Media Types,Movies,16,17
1383,Star Wars - All Media Types,Movies,17,18
1465,Star Wars - All Media Types,Movies,18,19
1803,Star Wars - All Media Types,Movies,19,20
1946,Star Wars - All Media Types,Movies,20,21
1918,Star Wars - All Media Types,Movies,21,22
2346,Star Wars - All Media Types,Movies,22,23
3246,Star Wars - All Media Types,Movies,23,24
1419,Star Wars - All Media Types,Movies,24,25
238,Star Wars - All Media Types,Movies,25,26
183,Star Wars - All Media Types,Movies,26,27
141,Star Wars - All Media Types,Movies,27,28
185,Star Wars - All Media Types,Movies,28,29
159,Star Wars - All Media Types,Movies,29,30
208,Star Wars - All Media Types,Movies,30,31
209,Star Wars - All Media Types,Movies,31,32
171,Star Wars - All Media Types,Movies,32,33
206,Star Wars - All Media Types,Movies,33,34
196,Star Wars - All Media Types,Movies,34,35
160,Star Wars - All Media Types,Movies,35,36
780,Captain America (Movies),Movies,0,1
590,Captain America (Movies),Movies,1,2
659,Captain America (Movies),Movies,2,3
593,Captain America (Movies),Movies,3,4
832,Captain America (Movies),Movies,4,5
881,Captain America (Movies),Movies,5,6
751,Captain America (Movies),Movies,6,7
702,Captain America (Movies),Movies,7,8
665,Captain America (Movies),Movies,8,9
809,Captain America (Movies),Movies,9,10
598,Captain America (Movies),Movies,10,11
863,Captain America (Movies),Movies,11,12
1037,Captain America (Movies),Movies,12,13
766,Captain America (Movies),Movies,13,14
842,Captain America (Movies),Movies,14,15
1001,Captain America (Movies),Movies,15,16
1149,Captain America (Movies),Movies,16,17
1338,Captain America (Movies),Movies,17,18
1450,Captain America (Movies),Movies,18,19
2089,Captain America (Movies),Movies,19,20
906,Captain America (Movies),Movies,20,21
1010,Captain America (Movies),Movies,21,22
811,Captain America (Movies),Movies,22,23
851,Captain America (Movies),Movies,23,24
1047,Captain America (Movies),Movies,24,25
726,Captain America (Movies),Movies,25,26
672,Captain America (Movies),Movies,26,27
805,Captain America (Movies),Movies,27,28
923,Captain America (Movies),Movies,28,29
924,Captain America (Movies),Movies,29,30
781,Captain America (Movies),Movies,30,31
1046,Captain America (Movies),Movies,31,32
743,Captain America (Movies),Movies,32,33
821,Captain America (Movies),Movies,33,34
822,Captain America (Movies),Movies,34,35
742,Captain America (Movies),Movies,35,36
564,TOLKIEN J. R. R. - Works & Related Fandoms,Movies,0,1
325,TOLKIEN J. R. R. - Works & Related Fandoms,Movies,1,2
507,TOLKIEN J. R. R. - Works & Related Fandoms,Movies,2,3
385,TOLKIEN J. R. R. - Works & Related Fandoms,Movies,3,4
494,TOLKIEN J. R. R. - Works & Related Fandoms,Movies,4,5
446,TOLKIEN J. R. R. - Works & Related Fandoms,Movies,5,6
383,TOLKIEN J. R. R. - Works & Related Fandoms,Movies,6,7
410,TOLKIEN J. R. R. - Works & Related Fandoms,Movies,7,8
512,TOLKIEN J. R. R. - Works & Related Fandoms,Movies,8,9
523,TOLKIEN J. R. R. - Works & Related Fandoms,Movies,9,10
398,TOLKIEN J. R. R. - Works & Related Fandoms,Movies,10,11
535,TOLKIEN J. R. R. - Works & Related Fandoms,Movies,11,12
567,TOLKIEN J. R. R. - Works & Related Fandoms,Movies,12,13
321,TOLKIEN J. R. R. - Works & Related Fandoms,Movies,13,14
509,TOLKIEN J. R. R. - Works & Related Fandoms,Movies,14,15
342,TOLKIEN J. R. R. - Works & Related Fandoms,Movies,15,16
363,TOLKIEN J. R. R. - Works & Related Fandoms,Movies,16,17
476,TOLKIEN J. R. R. - Works & Related Fandoms,Movies,17,18
360,TOLKIEN J. R. R. - Works & Related Fandoms,Movies,18,19
541,TOLKIEN J. R. R. - Works & Related Fandoms,Movies,19,20
562,TOLKIEN J. R. R. - Works & Related Fandoms,Movies,20,21
518,TOLKIEN J. R. R. - Works & Related Fandoms,Movies,21,22
617,TOLKIEN J. R. R. - Works & Related Fandoms,Movies,22,23
530,TOLKIEN J. R. R. - Works & Related Fandoms,Movies,23,24
874,TOLKIEN J. R. R. - Works & Related Fandoms,Movies,24,25
564,TOLKIEN J. R. R. - Works & Related Fandoms,Movies,25,26
702,TOLKIEN J. R. R. - Works & Related Fandoms,Movies,26,27
521,TOLKIEN J. R. R. - Works & Related Fandoms,Movies,27,28
729,TOLKIEN J. R. R. - Works & Related Fandoms,Movies,28,29
700,TOLKIEN J. R. R. - Works & Related Fandoms,Movies,29,30
700,TOLKIEN J. R. R. - Works & Related Fandoms,Movies,30,31
900,TOLKIEN J. R. R. - Works & Related Fandoms,Movies,31,32
1100,TOLKIEN J. R. R. - Works & Related Fandoms,Movies,32,33
862,TOLKIEN J. R. R. - Works & Related Fandoms,Movies,33,34
1009,TOLKIEN J. R. R. - Works & Related Fandoms,Movies,34,35
1092,TOLKIEN J. R. R. - Works & Related Fandoms,Movies,35,36
642,Dragon Age - All Media Types,Movies,0,1
705,Dragon Age - All Media Types,Movies,1,2
588,Dragon Age - All Media Types,Movies,2,3
532,Dragon Age - All Media Types,Movies,3,4
536,Dragon Age - All Media Types,Movies,4,5
585,Dragon Age - All Media Types,Movies,5,6
526,Dragon Age - All Media Types,Movies,6,7
537,Dragon Age - All Media Types,Movies,7,8
459,Dragon Age - All Media Types,Movies,8,9
539,Dragon Age - All Media Types,Movies,9,10
533,Dragon Age - All Media Types,Movies,10,11
663,Dragon Age - All Media Types,Movies,11,12
640,Dragon Age - All Media Types,Movies,12,13
623,Dragon Age - All Media Types,Movies,13,14
551,Dragon Age - All Media Types,Movies,14,15
661,Dragon Age - All Media Types,Movies,15,16
711,Dragon Age - All Media Types,Movies,16,17
695,Dragon Age - All Media Types,Movies,17,18
643,Dragon Age - All Media Types,Movies,18,19
747,Dragon Age - All Media Types,Movies,19,20
795,Dragon Age - All Media Types,Movies,20,21
963,Dragon Age - All Media Types,Movies,21,22
902,Dragon Age - All Media Types,Movies,22,23
1158,Dragon Age - All Media Types,Movies,23,24
1241,Dragon Age - All Media Types,Movies,24,25
1117,Dragon Age - All Media Types,Movies,25,26
1324,Dragon Age - All Media Types,Movies,26,27
1536,Dragon Age - All Media Types,Movies,27,28
1182,Dragon Age - All Media Types,Movies,28,29
1289,Dragon Age - All Media Types,Movies,29,30
1034,Dragon Age - All Media Types,Movies,30,31
1265,Dragon Age - All Media Types,Movies,31,32
1312,Dragon Age - All Media Types,Movies,32,33
1492,Dragon Age - All Media Types,Movies,33,34
1260,Dragon Age - All Media Types,Movies,34,35
1240,Dragon Age - All Media Types,Movies,35,36
700,Star Trek,Movies,0,1
597,Star Trek,Movies,1,2
712,Star Trek,Movies,2,3
649,Star Trek,Movies,3,4
570,Star Trek,Movies,4,5
715,Star Trek,Movies,5,6
628,Star Trek,Movies,6,7
635,Star Trek,Movies,7,8
596,Star Trek,Movies,8,9
542,Star Trek,Movies,9,10
437,Star Trek,Movies,10,11
567,Star Trek,Movies,11,12
523,Star Trek,Movies,12,13
468,Star Trek,Movies,13,14
555,Star Trek,Movies,14,15
710,Star Trek,Movies,15,16
843,Star Trek,Movies,16,17
595,Star Trek,Movies,17,18
321,Star Trek,Movies,18,19
379,Star Trek,Movies,19,20
341,Star Trek,Movies,20,21
317,Star Trek,Movies,21,22
404,Star Trek,Movies,22,23
413,Star Trek,Movies,23,24
411,Star Trek,Movies,24,25
300,Star Trek,Movies,25,26
284,Star Trek,Movies,26,27
309,Star Trek,Movies,27,28
379,Star Trek,Movies,28,29
390,Star Trek,Movies,29,30
346,Star Trek,Movies,30,31
349,Star Trek,Movies,31,32
373,Star Trek,Movies,32,33
363,Star Trek,Movies,33,34
431,Star Trek,Movies,34,35
417,Star Trek,Movies,35,36
317,Arthurian Mythology & Related Fandoms,Movies,0,1
184,Arthurian Mythology & Related Fandoms,Movies,1,2
265,Arthurian Mythology & Related Fandoms,Movies,2,3
270,Arthurian Mythology & Related Fandoms,Movies,3,4
314,Arthurian Mythology & Related Fandoms,Movies,4,5
250,Arthurian Mythology & Related Fandoms,Movies,5,6
236,Arthurian Mythology & Related Fandoms,Movies,6,7
263,Arthurian Mythology & Related Fandoms,Movies,7,8
246,Arthurian Mythology & Related Fandoms,Movies,8,9
197,Arthurian Mythology & Related Fandoms,Movies,9,10
251,Arthurian Mythology & Related Fandoms,Movies,10,11
268,Arthurian Mythology & Related Fandoms,Movies,11,12
307,Arthurian Mythology & Related Fandoms,Movies,12,13
224,Arthurian Mythology & Related Fandoms,Movies,13,14
235,Arthurian Mythology & Related Fandoms,Movies,14,15
251,Arthurian Mythology & Related Fandoms,Movies,15,16
329,Arthurian Mythology & Related Fandoms,Movies,16,17
180,Arthurian Mythology & Related Fandoms,Movies,17,18
233,Arthurian Mythology & Related Fandoms,Movies,18,19
265,Arthurian Mythology & Related Fandoms,Movies,19,20
290,Arthurian Mythology & Related Fandoms,Movies,20,21
287,Arthurian Mythology & Related Fandoms,Movies,21,22
349,Arthurian Mythology & Related Fandoms,Movies,22,23
311,Arthurian Mythology & Related Fandoms,Movies,23,24
428,Arthurian Mythology & Related Fandoms,Movies,24,25
272,Arthurian Mythology & Related Fandoms,Movies,25,26
330,Arthurian Mythology & Related Fandoms,Movies,26,27
484,Arthurian Mythology & Related Fandoms,Movies,27,28
504,Arthurian Mythology & Related Fandoms,Movies,28,29
326,Arthurian Mythology & Related Fandoms,Movies,29,30
281,Arthurian Mythology & Related Fandoms,Movies,30,31
230,Arthurian Mythology & Related Fandoms,Movies,31,32
255,Arthurian Mythology & Related Fandoms,Movies,32,33
249,Arthurian Mythology & Related Fandoms,Movies,33,34
284,Arthurian Mythology & Related Fandoms,Movies,34,35
254,Arthurian Mythology & Related Fandoms,Movies,35,36
678,Thor - All Media Types,Movies,0,1
789,Thor - All Media Types,Movies,1,2
309,Thor - All Media Types,Movies,2,3
196,Thor - All Media Types,Movies,3,4
260,Thor - All Media Types,Movies,4,5
234,Thor - All Media Types,Movies,5,6
152,Thor - All Media Types,Movies,6,7
188,Thor - All Media Types,Movies,7,8
248,Thor - All Media Types,Movies,8,9
173,Thor - All Media Types,Movies,9,10
169,Thor - All Media Types,Movies,10,11
200,Thor - All Media Types,Movies,11,12
257,Thor - All Media Types,Movies,12,13
205,Thor - All Media Types,Movies,13,14
223,Thor - All Media Types,Movies,14,15
218,Thor - All Media Types,Movies,15,16
244,Thor - All Media Types,Movies,16,17
281,Thor - All Media Types,Movies,17,18
295,Thor - All Media Types,Movies,18,19
272,Thor - All Media Types,Movies,19,20
272,Thor - All Media Types,Movies,20,21
285,Thor - All Media Types,Movies,21,22
294,Thor - All Media Types,Movies,22,23
335,Thor - All Media Types,Movies,23,24
417,Thor - All Media Types,Movies,24,25
250,Thor - All Media Types,Movies,25,26
248,Thor - All Media Types,Movies,26,27
318,Thor - All Media Types,Movies,27,28
279,Thor - All Media Types,Movies,28,29
318,Thor - All Media Types,Movies,29,30
305,Thor - All Media Types,Movies,30,31
340,Thor - All Media Types,Movies,31,32
327,Thor - All Media Types,Movies,32,33
322,Thor - All Media Types,Movies,33,34
400,Thor - All Media Types,Movies,34,35
347,Thor - All Media Types,Movies,35,36
251,The Hobbit - All Media Types,Movies,0,1
140,The Hobbit - All Media Types,Movies,1,2
225,The Hobbit - All Media Types,Movies,2,3
145,The Hobbit - All Media Types,Movies,3,4
191,The Hobbit - All Media Types,Movies,4,5
197,The Hobbit - All Media Types,Movies,5,6
170,The Hobbit - All Media Types,Movies,6,7
188,The Hobbit - All Media Types,Movies,7,8
194,The Hobbit - All Media Types,Movies,8,9
174,The Hobbit - All Media Types,Movies,9,10
189,The Hobbit - All Media Types,Movies,10,11
268,The Hobbit - All Media Types,Movies,11,12
293,The Hobbit - All Media Types,Movies,12,13
148,The Hobbit - All Media Types,Movies,13,14
188,The Hobbit - All Media Types,Movies,14,15
133,The Hobbit - All Media Types,Movies,15,16
201,The Hobbit - All Media Types,Movies,16,17
289,The Hobbit - All Media Types,Movies,17,18
204,The Hobbit - All Media Types,Movies,18,19
314,The Hobbit - All Media Types,Movies,19,20
288,The Hobbit - All Media Types,Movies,20,21
286,The Hobbit - All Media Types,Movies,21,22
358,The Hobbit - All Media Types,Movies,22,23
276,The Hobbit - All Media Types,Movies,23,24
594,The Hobbit - All Media Types,Movies,24,25
372,The Hobbit - All Media Types,Movies,25,26
414,The Hobbit - All Media Types,Movies,26,27
328,The Hobbit - All Media Types,Movies,27,28
418,The Hobbit - All Media Types,Movies,28,29
441,The Hobbit - All Media Types,Movies,29,30
408,The Hobbit - All Media Types,Movies,30,31
569,The Hobbit - All Media Types,Movies,31,32
630,The Hobbit - All Media Types,Movies,32,33
620,The Hobbit - All Media Types,Movies,33,34
702,The Hobbit - All Media Types,Movies,34,35
874,The Hobbit - All Media Types,Movies,35,36
1574,Star Wars Sequel Trilogy,Movies,0,1
473,Star Wars Sequel Trilogy,Movies,1,2
497,Star Wars Sequel Trilogy,Movies,2,3
412,Star Wars Sequel Trilogy,Movies,3,4
471,Star Wars Sequel Trilogy,Movies,4,5
502,Star Wars Sequel Trilogy,Movies,5,6
430,Star Wars Sequel Trilogy,Movies,6,7
611,Star Wars Sequel Trilogy,Movies,7,8
553,Star Wars Sequel Trilogy,Movies,8,9
438,Star Wars Sequel Trilogy,Movies,9,10
542,Star Wars Sequel Trilogy,Movies,10,11
616,Star Wars Sequel Trilogy,Movies,11,12
932,Star Wars Sequel Trilogy,Movies,12,13
697,Star Wars Sequel Trilogy,Movies,13,14
823,Star Wars Sequel Trilogy,Movies,14,15
690,Star Wars Sequel Trilogy,Movies,15,16
769,Star Wars Sequel Trilogy,Movies,16,17
871,Star Wars Sequel Trilogy,Movies,17,18
978,Star Wars Sequel Trilogy,Movies,18,19
1240,Star Wars Sequel Trilogy,Movies,19,20
1271,Star Wars Sequel Trilogy,Movies,20,21
1286,Star Wars Sequel Trilogy,Movies,21,22
1633,Star Wars Sequel Trilogy,Movies,22,23
2517,Star Wars Sequel Trilogy,Movies,23,24
1044,Star Wars Sequel Trilogy,Movies,24,25
47,Star Wars Sequel Trilogy,Movies,25,26
1,Star Wars Sequel Trilogy,Movies,26,27
566,Batman - All Media Types,Movies,0,1
556,Batman - All Media Types,Movies,1,2
665,Batman - All Media Types,Movies,2,3
489,Batman - All Media Types,Movies,3,4
495,Batman - All Media Types,Movies,4,5
550,Batman - All Media Types,Movies,5,6
532,Batman - All Media Types,Movies,6,7
485,Batman - All Media Types,Movies,7,8
587,Batman - All Media Types,Movies,8,9
457,Batman - All Media Types,Movies,9,10
477,Batman - All Media Types,Movies,10,11
416,Batman - All Media Types,Movies,11,12
459,Batman - All Media Types,Movies,12,13
386,Batman - All Media Types,Movies,13,14
384,Batman - All Media Types,Movies,14,15
421,Batman - All Media Types,Movies,15,16
550,Batman - All Media Types,Movies,16,17
367,Batman - All Media Types,Movies,17,18
367,Batman - All Media Types,Movies,18,19
416,Batman - All Media Types,Movies,19,20
369,Batman - All Media Types,Movies,20,21
353,Batman - All Media Types,Movies,21,22
291,Batman - All Media Types,Movies,22,23
310,Batman - All Media Types,Movies,23,24
301,Batman - All Media Types,Movies,24,25
294,Batman - All Media Types,Movies,25,26
302,Batman - All Media Types,Movies,26,27
297,Batman - All Media Types,Movies,27,28
323,Batman - All Media Types,Movies,28,29
378,Batman - All Media Types,Movies,29,30
340,Batman - All Media Types,Movies,30,31
227,Batman - All Media Types,Movies,31,32
209,Batman - All Media Types,Movies,32,33
203,Batman - All Media Types,Movies,33,34
202,Batman - All Media Types,Movies,34,35
164,Batman - All Media Types,Movies,35,36
633,Thor (Movies),Movies,0,1
751,Thor (Movies),Movies,1,2
255,Thor (Movies),Movies,2,3
155,Thor (Movies),Movies,3,4
234,Thor (Movies),Movies,4,5
206,Thor (Movies),Movies,5,6
141,Thor (Movies),Movies,6,7
170,Thor (Movies),Movies,7,8
223,Thor (Movies),Movies,8,9
147,Thor (Movies),Movies,9,10
133,Thor (Movies),Movies,10,11
181,Thor (Movies),Movies,11,12
221,Thor (Movies),Movies,12,13
178,Thor (Movies),Movies,13,14
194,Thor (Movies),Movies,14,15
195,Thor (Movies),Movies,15,16
224,Thor (Movies),Movies,16,17
254,Thor (Movies),Movies,17,18
262,Thor (Movies),Movies,18,19
255,Thor (Movies),Movies,19,20
236,Thor (Movies),Movies,20,21
248,Thor (Movies),Movies,21,22
233,Thor (Movies),Movies,22,23
299,Thor (Movies),Movies,23,24
372,Thor (Movies),Movies,24,25
222,Thor (Movies),Movies,25,26
209,Thor (Movies),Movies,26,27
263,Thor (Movies),Movies,27,28
229,Thor (Movies),Movies,28,29
265,Thor (Movies),Movies,29,30
271,Thor (Movies),Movies,30,31
294,Thor (Movies),Movies,31,32
278,Thor (Movies),Movies,32,33
267,Thor (Movies),Movies,33,34
326,Thor (Movies),Movies,34,35
301,Thor (Movies),Movies,35,36
954,Star Wars Episode VII: The Force Awakens (2015),Movies,0,1
440,Star Wars Episode VII: The Force Awakens (2015),Movies,1,2
474,Star Wars Episode VII: The Force Awakens (2015),Movies,2,3
392,Star Wars Episode VII: The Force Awakens (2015),Movies,3,4
457,Star Wars Episode VII: The Force Awakens (2015),Movies,4,5
488,Star Wars Episode VII: The Force Awakens (2015),Movies,5,6
418,Star Wars Episode VII: The Force Awakens (2015),Movies,6,7
601,Star Wars Episode VII: The Force Awakens (2015),Movies,7,8
545,Star Wars Episode VII: The Force Awakens (2015),Movies,8,9
431,Star Wars Episode VII: The Force Awakens (2015),Movies,9,10
538,Star Wars Episode VII: The Force Awakens (2015),Movies,10,11
612,Star Wars Episode VII: The Force Awakens (2015),Movies,11,12
929,Star Wars Episode VII: The Force Awakens (2015),Movies,12,13
686,Star Wars Episode VII: The Force Awakens (2015),Movies,13,14
815,Star Wars Episode VII: The Force Awakens (2015),Movies,14,15
683,Star Wars Episode VII: The Force Awakens (2015),Movies,15,16
763,Star Wars Episode VII: The Force Awakens (2015),Movies,16,17
861,Star Wars Episode VII: The Force Awakens (2015),Movies,17,18
973,Star Wars Episode VII: The Force Awakens (2015),Movies,18,19
1236,Star Wars Episode VII: The Force Awakens (2015),Movies,19,20
1266,Star Wars Episode VII: The Force Awakens (2015),Movies,20,21
1282,Star Wars Episode VII: The Force Awakens (2015),Movies,21,22
1621,Star Wars Episode VII: The Force Awakens (2015),Movies,22,23
2509,Star Wars Episode VII: The Force Awakens (2015),Movies,23,24
1037,Star Wars Episode VII: The Force Awakens (2015),Movies,24,25
47,Star Wars Episode VII: The Force Awakens (2015),Movies,25,26
1,Star Wars Episode VII: The Force Awakens (2015),Movies,26,27
0,Star Wars Episode VII: The Force Awakens (2015),Movies,27,28
10,Star Wars Episode VII: The Force Awakens (2015),Movies,28,29
2,Star Wars Episode VII: The Force Awakens (2015),Movies,29,30
1,Star Wars Episode VII: The Force Awakens (2015),Movies,30,31
4,Star Wars Episode VII: The Force Awakens (2015),Movies,31,32
0,Star Wars Episode VII: The Force Awakens (2015),Movies,32,33
0,Star Wars Episode VII: The Force Awakens (2015),Movies,33,34
0,Star Wars Episode VII: The Force Awakens (2015),Movies,34,35
0,Star Wars Episode VII: The Force Awakens (2015),Movies,35,36
305,X-Men - All Media Types,Movies,0,1
207,X-Men - All Media Types,Movies,1,2
243,X-Men - All Media Types,Movies,2,3
166,X-Men - All Media Types,Movies,3,4
192,X-Men - All Media Types,Movies,4,5
273,X-Men - All Media Types,Movies,5,6
192,X-Men - All Media Types,Movies,6,7
231,X-Men - All Media Types,Movies,7,8
172,X-Men - All Media Types,Movies,8,9
273,X-Men - All Media Types,Movies,9,10
185,X-Men - All Media Types,Movies,10,11
195,X-Men - All Media Types,Movies,11,12
263,X-Men - All Media Types,Movies,12,13
271,X-Men - All Media Types,Movies,13,14
234,X-Men - All Media Types,Movies,14,15
215,X-Men - All Media Types,Movies,15,16
217,X-Men - All Media Types,Movies,16,17
298,X-Men - All Media Types,Movies,17,18
426,X-Men - All Media Types,Movies,18,19
279,X-Men - All Media Types,Movies,19,20
215,X-Men - All Media Types,Movies,20,21
186,X-Men - All Media Types,Movies,21,22
174,X-Men - All Media Types,Movies,22,23
254,X-Men - All Media Types,Movies,23,24
236,X-Men - All Media Types,Movies,24,25
258,X-Men - All Media Types,Movies,25,26
171,X-Men - All Media Types,Movies,26,27
239,X-Men - All Media Types,Movies,27,28
320,X-Men - All Media Types,Movies,28,29
290,X-Men - All Media Types,Movies,29,30
238,X-Men - All Media Types,Movies,30,31
265,X-Men - All Media Types,Movies,31,32
257,X-Men - All Media Types,Movies,32,33
269,X-Men - All Media Types,Movies,33,34
306,X-Men - All Media Types,Movies,34,35
356,X-Men - All Media Types,Movies,35,36
213,Star Trek: Alternate Original Series (Movies),Movies,0,1
146,Star Trek: Alternate Original Series (Movies),Movies,1,2
212,Star Trek: Alternate Original Series (Movies),Movies,2,3
271,Star Trek: Alternate Original Series (Movies),Movies,3,4
270,Star Trek: Alternate Original Series (Movies),Movies,4,5
323,Star Trek: Alternate Original Series (Movies),Movies,5,6
250,Star Trek: Alternate Original Series (Movies),Movies,6,7
236,Star Trek: Alternate Original Series (Movies),Movies,7,8
277,Star Trek: Alternate Original Series (Movies),Movies,8,9
247,Star Trek: Alternate Original Series (Movies),Movies,9,10
217,Star Trek: Alternate Original Series (Movies),Movies,10,11
260,Star Trek: Alternate Original Series (Movies),Movies,11,12
275,Star Trek: Alternate Original Series (Movies),Movies,12,13
240,Star Trek: Alternate Original Series (Movies),Movies,13,14
278,Star Trek: Alternate Original Series (Movies),Movies,14,15
417,Star Trek: Alternate Original Series (Movies),Movies,15,16
516,Star Trek: Alternate Original Series (Movies),Movies,16,17
335,Star Trek: Alternate Original Series (Movies),Movies,17,18
154,Star Trek: Alternate Original Series (Movies),Movies,18,19
156,Star Trek: Alternate Original Series (Movies),Movies,19,20
163,Star Trek: Alternate Original Series (Movies),Movies,20,21
139,Star Trek: Alternate Original Series (Movies),Movies,21,22
174,Star Trek: Alternate Original Series (Movies),Movies,22,23
195,Star Trek: Alternate Original Series (Movies),Movies,23,24
181,Star Trek: Alternate Original Series (Movies),Movies,24,25
110,Star Trek: Alternate Original Series (Movies),Movies,25,26
124,Star Trek: Alternate Original Series (Movies),Movies,26,27
102,Star Trek: Alternate Original Series (Movies),Movies,27,28
177,Star Trek: Alternate Original Series (Movies),Movies,28,29
160,Star Trek: Alternate Original Series (Movies),Movies,29,30
135,Star Trek: Alternate Original Series (Movies),Movies,30,31
127,Star Trek: Alternate Original Series (Movies),Movies,31,32
145,Star Trek: Alternate Original Series (Movies),Movies,32,33
146,Star Trek: Alternate Original Series (Movies),Movies,33,34
185,Star Trek: Alternate Original Series (Movies),Movies,34,35
164,Star Trek: Alternate Original Series (Movies),Movies,35,36
312,Transformers - All Media Types,Movies,0,1
219,Transformers - All Media Types,Movies,1,2
294,Transformers - All Media Types,Movies,2,3
271,Transformers - All Media Types,Movies,3,4
294,Transformers - All Media Types,Movies,4,5
328,Transformers - All Media Types,Movies,5,6
209,Transformers - All Media Types,Movies,6,7
245,Transformers - All Media Types,Movies,7,8
260,Transformers - All Media Types,Movies,8,9
237,Transformers - All Media Types,Movies,9,10
274,Transformers - All Media Types,Movies,10,11
328,Transformers - All Media Types,Movies,11,12
260,Transformers - All Media Types,Movies,12,13
249,Transformers - All Media Types,Movies,13,14
260,Transformers - All Media Types,Movies,14,15
219,Transformers - All Media Types,Movies,15,16
322,Transformers - All Media Types,Movies,16,17
197,Transformers - All Media Types,Movies,17,18
221,Transformers - All Media Types,Movies,18,19
309,Transformers - All Media Types,Movies,19,20
305,Transformers - All Media Types,Movies,20,21
309,Transformers - All Media Types,Movies,21,22
292,Transformers - All Media Types,Movies,22,23
290,Transformers - All Media Types,Movies,23,24
275,Transformers - All Media Types,Movies,24,25
229,Transformers - All Media Types,Movies,25,26
277,Transformers - All Media Types,Movies,26,27
396,Transformers - All Media Types,Movies,27,28
346,Transformers - All Media Types,Movies,28,29
298,Transformers - All Media Types,Movies,29,30
268,Transformers - All Media Types,Movies,30,31
291,Transformers - All Media Types,Movies,31,32
281,Transformers - All Media Types,Movies,32,33
276,Transformers - All Media Types,Movies,33,34
245,Transformers - All Media Types,Movies,34,35
263,Transformers - All Media Types,Movies,35,36
506,Disney - All Media Types,Movies,0,1
364,Disney - All Media Types,Movies,1,2
373,Disney - All Media Types,Movies,2,3
390,Disney - All Media Types,Movies,3,4
429,Disney - All Media Types,Movies,4,5
463,Disney - All Media Types,Movies,5,6
335,Disney - All Media Types,Movies,6,7
336,Disney - All Media Types,Movies,7,8
404,Disney - All Media Types,Movies,8,9
328,Disney - All Media Types,Movies,9,10
272,Disney - All Media Types,Movies,10,11
272,Disney - All Media Types,Movies,11,12
393,Disney - All Media Types,Movies,12,13
251,Disney - All Media Types,Movies,13,14
248,Disney - All Media Types,Movies,14,15
240,Disney - All Media Types,Movies,15,16
264,Disney - All Media Types,Movies,16,17
322,Disney - All Media Types,Movies,17,18
285,Disney - All Media Types,Movies,18,19
253,Disney - All Media Types,Movies,19,20
230,Disney - All Media Types,Movies,20,21
275,Disney - All Media Types,Movies,21,22
156,Disney - All Media Types,Movies,22,23
183,Disney - All Media Types,Movies,23,24
214,Disney - All Media Types,Movies,24,25
165,Disney - All Media Types,Movies,25,26
183,Disney - All Media Types,Movies,26,27
203,Disney - All Media Types,Movies,27,28
298,Disney - All Media Types,Movies,28,29
212,Disney - All Media Types,Movies,29,30
215,Disney - All Media Types,Movies,30,31
200,Disney - All Media Types,Movies,31,32
296,Disney - All Media Types,Movies,32,33
311,Disney - All Media Types,Movies,33,34
412,Disney - All Media Types,Movies,34,35
292,Disney - All Media Types,Movies,35,36
198,X-Men (Movieverse),Movies,0,1
81,X-Men (Movieverse),Movies,1,2
160,X-Men (Movieverse),Movies,2,3
130,X-Men (Movieverse),Movies,3,4
171,X-Men (Movieverse),Movies,4,5
220,X-Men (Movieverse),Movies,5,6
154,X-Men (Movieverse),Movies,6,7
207,X-Men (Movieverse),Movies,7,8
143,X-Men (Movieverse),Movies,8,9
270,X-Men (Movieverse),Movies,9,10
156,X-Men (Movieverse),Movies,10,11
185,X-Men (Movieverse),Movies,11,12
240,X-Men (Movieverse),Movies,12,13
256,X-Men (Movieverse),Movies,13,14
234,X-Men (Movieverse),Movies,14,15
230,X-Men (Movieverse),Movies,15,16
255,X-Men (Movieverse),Movies,16,17
309,X-Men (Movieverse),Movies,17,18
463,X-Men (Movieverse),Movies,18,19
257,X-Men (Movieverse),Movies,19,20
147,X-Men (Movieverse),Movies,20,21
164,X-Men (Movieverse),Movies,21,22
151,X-Men (Movieverse),Movies,22,23
164,X-Men (Movieverse),Movies,23,24
184,X-Men (Movieverse),Movies,24,25
192,X-Men (Movieverse),Movies,25,26
116,X-Men (Movieverse),Movies,26,27
184,X-Men (Movieverse),Movies,27,28
243,X-Men (Movieverse),Movies,28,29
198,X-Men (Movieverse),Movies,29,30
178,X-Men (Movieverse),Movies,30,31
182,X-Men (Movieverse),Movies,31,32
197,X-Men (Movieverse),Movies,32,33
208,X-Men (Movieverse),Movies,33,34
256,X-Men (Movieverse),Movies,34,35
208,X-Men (Movieverse),Movies,35,36
816,The Shadowhunter Chronicles - All Media Types,Movies,0,1
573,The Shadowhunter Chronicles - All Media Types,Movies,1,2
635,The Shadowhunter Chronicles - All Media Types,Movies,2,3
812,The Shadowhunter Chronicles - All Media Types,Movies,3,4
1235,The Shadowhunter Chronicles - All Media Types,Movies,4,5
815,The Shadowhunter Chronicles - All Media Types,Movies,5,6
757,The Shadowhunter Chronicles - All Media Types,Movies,6,7
600,The Shadowhunter Chronicles - All Media Types,Movies,7,8
509,The Shadowhunter Chronicles - All Media Types,Movies,8,9
664,The Shadowhunter Chronicles - All Media Types,Movies,9,10
778,The Shadowhunter Chronicles - All Media Types,Movies,10,11
576,The Shadowhunter Chronicles - All Media Types,Movies,11,12
461,The Shadowhunter Chronicles - All Media Types,Movies,12,13
280,The Shadowhunter Chronicles - All Media Types,Movies,13,14
380,The Shadowhunter Chronicles - All Media Types,Movies,14,15
324,The Shadowhunter Chronicles - All Media Types,Movies,15,16
440,The Shadowhunter Chronicles - All Media Types,Movies,16,17
388,The Shadowhunter Chronicles - All Media Types,Movies,17,18
488,The Shadowhunter Chronicles - All Media Types,Movies,18,19
749,The Shadowhunter Chronicles - All Media Types,Movies,19,20
936,The Shadowhunter Chronicles - All Media Types,Movies,20,21
555,The Shadowhunter Chronicles - All Media Types,Movies,21,22
245,The Shadowhunter Chronicles - All Media Types,Movies,22,23
108,The Shadowhunter Chronicles - All Media Types,Movies,23,24
68,The Shadowhunter Chronicles - All Media Types,Movies,24,25
56,The Shadowhunter Chronicles - All Media Types,Movies,25,26
76,The Shadowhunter Chronicles - All Media Types,Movies,26,27
57,The Shadowhunter Chronicles - All Media Types,Movies,27,28
125,The Shadowhunter Chronicles - All Media Types,Movies,28,29
73,The Shadowhunter Chronicles - All Media Types,Movies,29,30
46,The Shadowhunter Chronicles - All Media Types,Movies,30,31
65,The Shadowhunter Chronicles - All Media Types,Movies,31,32
51,The Shadowhunter Chronicles - All Media Types,Movies,32,33
44,The Shadowhunter Chronicles - All Media Types,Movies,33,34
27,The Shadowhunter Chronicles - All Media Types,Movies,34,35
46,The Shadowhunter Chronicles - All Media Types,Movies,35,36
178,The Lord of the Rings - All Media Types,Movies,0,1
109,The Lord of the Rings - All Media Types,Movies,1,2
151,The Lord of the Rings - All Media Types,Movies,2,3
139,The Lord of the Rings - All Media Types,Movies,3,4
152,The Lord of the Rings - All Media Types,Movies,4,5
164,The Lord of the Rings - All Media Types,Movies,5,6
147,The Lord of the Rings - All Media Types,Movies,6,7
159,The Lord of the Rings - All Media Types,Movies,7,8
185,The Lord of the Rings - All Media Types,Movies,8,9
210,The Lord of the Rings - All Media Types,Movies,9,10
147,The Lord of the Rings - All Media Types,Movies,10,11
195,The Lord of the Rings - All Media Types,Movies,11,12
166,The Lord of the Rings - All Media Types,Movies,12,13
126,The Lord of the Rings - All Media Types,Movies,13,14
161,The Lord of the Rings - All Media Types,Movies,14,15
116,The Lord of the Rings - All Media Types,Movies,15,16
118,The Lord of the Rings - All Media Types,Movies,16,17
111,The Lord of the Rings - All Media Types,Movies,17,18
106,The Lord of the Rings - All Media Types,Movies,18,19
153,The Lord of the Rings - All Media Types,Movies,19,20
160,The Lord of the Rings - All Media Types,Movies,20,21
153,The Lord of the Rings - All Media Types,Movies,21,22
159,The Lord of the Rings - All Media Types,Movies,22,23
152,The Lord of the Rings - All Media Types,Movies,23,24
212,The Lord of the Rings - All Media Types,Movies,24,25
119,The Lord of the Rings - All Media Types,Movies,25,26
196,The Lord of the Rings - All Media Types,Movies,26,27
111,The Lord of the Rings - All Media Types,Movies,27,28
237,The Lord of the Rings - All Media Types,Movies,28,29
207,The Lord of the Rings - All Media Types,Movies,29,30
205,The Lord of the Rings - All Media Types,Movies,30,31
249,The Lord of the Rings - All Media Types,Movies,31,32
421,The Lord of the Rings - All Media Types,Movies,32,33
205,The Lord of the Rings - All Media Types,Movies,33,34
274,The Lord of the Rings - All Media Types,Movies,34,35
214,The Lord of the Rings - All Media Types,Movies,35,36
320,Iron Man (Movies),Movies,0,1
227,Iron Man (Movies),Movies,1,2
305,Iron Man (Movies),Movies,2,3
261,Iron Man (Movies),Movies,3,4
336,Iron Man (Movies),Movies,4,5
373,Iron Man (Movies),Movies,5,6
238,Iron Man (Movies),Movies,6,7
236,Iron Man (Movies),Movies,7,8
239,Iron Man (Movies),Movies,8,9
203,Iron Man (Movies),Movies,9,10
149,Iron Man (Movies),Movies,10,11
223,Iron Man (Movies),Movies,11,12
248,Iron Man (Movies),Movies,12,13
209,Iron Man (Movies),Movies,13,14
230,Iron Man (Movies),Movies,14,15
196,Iron Man (Movies),Movies,15,16
226,Iron Man (Movies),Movies,16,17
252,Iron Man (Movies),Movies,17,18
334,Iron Man (Movies),Movies,18,19
355,Iron Man (Movies),Movies,19,20
233,Iron Man (Movies),Movies,20,21
212,Iron Man (Movies),Movies,21,22
190,Iron Man (Movies),Movies,22,23
215,Iron Man (Movies),Movies,23,24
248,Iron Man (Movies),Movies,24,25
196,Iron Man (Movies),Movies,25,26
144,Iron Man (Movies),Movies,26,27
152,Iron Man (Movies),Movies,27,28
181,Iron Man (Movies),Movies,28,29
188,Iron Man (Movies),Movies,29,30
175,Iron Man (Movies),Movies,30,31
228,Iron Man (Movies),Movies,31,32
182,Iron Man (Movies),Movies,32,33
198,Iron Man (Movies),Movies,33,34
142,Iron Man (Movies),Movies,34,35
141,Iron Man (Movies),Movies,35,36
292,Hannibal Lecter Series - All Media Types,Movies,0,1
222,Hannibal Lecter Series - All Media Types,Movies,1,2
293,Hannibal Lecter Series - All Media Types,Movies,2,3
210,Hannibal Lecter Series - All Media Types,Movies,3,4
280,Hannibal Lecter Series - All Media Types,Movies,4,5
255,Hannibal Lecter Series - All Media Types,Movies,5,6
250,Hannibal Lecter Series - All Media Types,Movies,6,7
241,Hannibal Lecter Series - All Media Types,Movies,7,8
236,Hannibal Lecter Series - All Media Types,Movies,8,9
249,Hannibal Lecter Series - All Media Types,Movies,9,10
239,Hannibal Lecter Series - All Media Types,Movies,10,11
264,Hannibal Lecter Series - All Media Types,Movies,11,12
332,Hannibal Lecter Series - All Media Types,Movies,12,13
219,Hannibal Lecter Series - All Media Types,Movies,13,14
312,Hannibal Lecter Series - All Media Types,Movies,14,15
309,Hannibal Lecter Series - All Media Types,Movies,15,16
381,Hannibal Lecter Series - All Media Types,Movies,16,17
316,Hannibal Lecter Series - All Media Types,Movies,17,18
368,Hannibal Lecter Series - All Media Types,Movies,18,19
242,Hannibal Lecter Series - All Media Types,Movies,19,20
276,Hannibal Lecter Series - All Media Types,Movies,20,21
294,Hannibal Lecter Series - All Media Types,Movies,21,22
277,Hannibal Lecter Series - All Media Types,Movies,22,23
348,Hannibal Lecter Series - All Media Types,Movies,23,24
438,Hannibal Lecter Series - All Media Types,Movies,24,25
330,Hannibal Lecter Series - All Media Types,Movies,25,26
342,Hannibal Lecter Series - All Media Types,Movies,26,27
426,Hannibal Lecter Series - All Media Types,Movies,27,28
271,Hannibal Lecter Series - All Media Types,Movies,28,29
229,Hannibal Lecter Series - All Media Types,Movies,29,30
188,Hannibal Lecter Series - All Media Types,Movies,30,31
127,Hannibal Lecter Series - All Media Types,Movies,31,32
147,Hannibal Lecter Series - All Media Types,Movies,32,33
151,Hannibal Lecter Series - All Media Types,Movies,33,34
140,Hannibal Lecter Series - All Media Types,Movies,34,35
147,Hannibal Lecter Series - All Media Types,Movies,35,36
237,Mass Effect - All Media Types,Movies,0,1
232,Mass Effect - All Media Types,Movies,1,2
270,Mass Effect - All Media Types,Movies,2,3
270,Mass Effect - All Media Types,Movies,3,4
568,Mass Effect - All Media Types,Movies,4,5
381,Mass Effect - All Media Types,Movies,5,6
349,Mass Effect - All Media Types,Movies,6,7
456,Mass Effect - All Media Types,Movies,7,8
665,Mass Effect - All Media Types,Movies,8,9
289,Mass Effect - All Media Types,Movies,9,10
189,Mass Effect - All Media Types,Movies,10,11
238,Mass Effect - All Media Types,Movies,11,12
220,Mass Effect - All Media Types,Movies,12,13
212,Mass Effect - All Media Types,Movies,13,14
223,Mass Effect - All Media Types,Movies,14,15
158,Mass Effect - All Media Types,Movies,15,16
172,Mass Effect - All Media Types,Movies,16,17
200,Mass Effect - All Media Types,Movies,17,18
216,Mass Effect - All Media Types,Movies,18,19
210,Mass Effect - All Media Types,Movies,19,20
224,Mass Effect - All Media Types,Movies,20,21
239,Mass Effect - All Media Types,Movies,21,22
204,Mass Effect - All Media Types,Movies,22,23
214,Mass Effect - All Media Types,Movies,23,24
206,Mass Effect - All Media Types,Movies,24,25
177,Mass Effect - All Media Types,Movies,25,26
182,Mass Effect - All Media Types,Movies,26,27
183,Mass Effect - All Media Types,Movies,27,28
179,Mass Effect - All Media Types,Movies,28,29
131,Mass Effect - All Media Types,Movies,29,30
134,Mass Effect - All Media Types,Movies,30,31
169,Mass Effect - All Media Types,Movies,31,32
170,Mass Effect - All Media Types,Movies,32,33
145,Mass Effect - All Media Types,Movies,33,34
146,Mass Effect - All Media Types,Movies,34,35
148,Mass Effect - All Media Types,Movies,35,36
117,The Hobbit (Jackson Movies),Movies,0,1
62,The Hobbit (Jackson Movies),Movies,1,2
79,The Hobbit (Jackson Movies),Movies,2,3
78,The Hobbit (Jackson Movies),Movies,3,4
81,The Hobbit (Jackson Movies),Movies,4,5
86,The Hobbit (Jackson Movies),Movies,5,6
77,The Hobbit (Jackson Movies),Movies,6,7
91,The Hobbit (Jackson Movies),Movies,7,8
102,The Hobbit (Jackson Movies),Movies,8,9
80,The Hobbit (Jackson Movies),Movies,9,10
98,The Hobbit (Jackson Movies),Movies,10,11
118,The Hobbit (Jackson Movies),Movies,11,12
135,The Hobbit (Jackson Movies),Movies,12,13
59,The Hobbit (Jackson Movies),Movies,13,14
94,The Hobbit (Jackson Movies),Movies,14,15
73,The Hobbit (Jackson Movies),Movies,15,16
114,The Hobbit (Jackson Movies),Movies,16,17
173,The Hobbit (Jackson Movies),Movies,17,18
102,The Hobbit (Jackson Movies),Movies,18,19
193,The Hobbit (Jackson Movies),Movies,19,20
155,The Hobbit (Jackson Movies),Movies,20,21
160,The Hobbit (Jackson Movies),Movies,21,22
216,The Hobbit (Jackson Movies),Movies,22,23
147,The Hobbit (Jackson Movies),Movies,23,24
297,The Hobbit (Jackson Movies),Movies,24,25
194,The Hobbit (Jackson Movies),Movies,25,26
198,The Hobbit (Jackson Movies),Movies,26,27
177,The Hobbit (Jackson Movies),Movies,27,28
179,The Hobbit (Jackson Movies),Movies,28,29
238,The Hobbit (Jackson Movies),Movies,29,30
221,The Hobbit (Jackson Movies),Movies,30,31
295,The Hobbit (Jackson Movies),Movies,31,32
352,The Hobbit (Jackson Movies),Movies,32,33
336,The Hobbit (Jackson Movies),Movies,33,34
381,The Hobbit (Jackson Movies),Movies,34,35
471,The Hobbit (Jackson Movies),Movies,35,36
258,Percy Jackson and the Olympians & Related Fandoms - All Media Types,Movies,0,1
151,Percy Jackson and the Olympians & Related Fandoms - All Media Types,Movies,1,2
190,Percy Jackson and the Olympians & Related Fandoms - All Media Types,Movies,2,3
164,Percy Jackson and the Olympians & Related Fandoms - All Media Types,Movies,3,4
237,Percy Jackson and the Olympians & Related Fandoms - All Media Types,Movies,4,5
259,Percy Jackson and the Olympians & Related Fandoms - All Media Types,Movies,5,6
213,Percy Jackson and the Olympians & Related Fandoms - All Media Types,Movies,6,7
196,Percy Jackson and the Olympians & Related Fandoms - All Media Types,Movies,7,8
173,Percy Jackson and the Olympians & Related Fandoms - All Media Types,Movies,8,9
119,Percy Jackson and the Olympians & Related Fandoms - All Media Types,Movies,9,10
188,Percy Jackson and the Olympians & Related Fandoms - All Media Types,Movies,10,11
193,Percy Jackson and the Olympians & Related Fandoms - All Media Types,Movies,11,12
289,Percy Jackson and the Olympians & Related Fandoms - All Media Types,Movies,12,13
162,Percy Jackson and the Olympians & Related Fandoms - All Media Types,Movies,13,14
153,Percy Jackson and the Olympians & Related Fandoms - All Media Types,Movies,14,15
170,Percy Jackson and the Olympians & Related Fandoms - All Media Types,Movies,15,16
249,Percy Jackson and the Olympians & Related Fandoms - All Media Types,Movies,16,17
257,Percy Jackson and the Olympians & Related Fandoms - All Media Types,Movies,17,18
224,Percy Jackson and the Olympians & Related Fandoms - All Media Types,Movies,18,19
234,Percy Jackson and the Olympians & Related Fandoms - All Media Types,Movies,19,20
179,Percy Jackson and the Olympians & Related Fandoms - All Media Types,Movies,20,21
189,Percy Jackson and the Olympians & Related Fandoms - All Media Types,Movies,21,22
223,Percy Jackson and the Olympians & Related Fandoms - All Media Types,Movies,22,23
221,Percy Jackson and the Olympians & Related Fandoms - All Media Types,Movies,23,24
256,Percy Jackson and the Olympians & Related Fandoms - All Media Types,Movies,24,25
161,Percy Jackson and the Olympians & Related Fandoms - All Media Types,Movies,25,26
203,Percy Jackson and the Olympians & Related Fandoms - All Media Types,Movies,26,27
187,Percy Jackson and the Olympians & Related Fandoms - All Media Types,Movies,27,28
233,Percy Jackson and the Olympians & Related Fandoms - All Media Types,Movies,28,29
198,Percy Jackson and the Olympians & Related Fandoms - All Media Types,Movies,29,30
167,Percy Jackson and the Olympians & Related Fandoms - All Media Types,Movies,30,31
191,Percy Jackson and the Olympians & Related Fandoms - All Media Types,Movies,31,32
215,Percy Jackson and the Olympians & Related Fandoms - All Media Types,Movies,32,33
251,Percy Jackson and the Olympians & Related Fandoms - All Media Types,Movies,33,34
259,Percy Jackson and the Olympians & Related Fandoms - All Media Types,Movies,34,35
263,Percy Jackson and the Olympians & Related Fandoms - All Media Types,Movies,35,36
109,X-Men (Alternate Timeline Movies),Movies,0,1
34,X-Men (Alternate Timeline Movies),Movies,1,2
82,X-Men (Alternate Timeline Movies),Movies,2,3
62,X-Men (Alternate Timeline Movies),Movies,3,4
71,X-Men (Alternate Timeline Movies),Movies,4,5
119,X-Men (Alternate Timeline Movies),Movies,5,6
79,X-Men (Alternate Timeline Movies),Movies,6,7
82,X-Men (Alternate Timeline Movies),Movies,7,8
42,X-Men (Alternate Timeline Movies),Movies,8,9
79,X-Men (Alternate Timeline Movies),Movies,9,10
75,X-Men (Alternate Timeline Movies),Movies,10,11
85,X-Men (Alternate Timeline Movies),Movies,11,12
130,X-Men (Alternate Timeline Movies),Movies,12,13
150,X-Men (Alternate Timeline Movies),Movies,13,14
118,X-Men (Alternate Timeline Movies),Movies,14,15
116,X-Men (Alternate Timeline Movies),Movies,15,16
110,X-Men (Alternate Timeline Movies),Movies,16,17
172,X-Men (Alternate Timeline Movies),Movies,17,18
311,X-Men (Alternate Timeline Movies),Movies,18,19
173,X-Men (Alternate Timeline Movies),Movies,19,20
82,X-Men (Alternate Timeline Movies),Movies,20,21
91,X-Men (Alternate Timeline Movies),Movies,21,22
66,X-Men (Alternate Timeline Movies),Movies,22,23
122,X-Men (Alternate Timeline Movies),Movies,23,24
145,X-Men (Alternate Timeline Movies),Movies,24,25
152,X-Men (Alternate Timeline Movies),Movies,25,26
86,X-Men (Alternate Timeline Movies),Movies,26,27
144,X-Men (Alternate Timeline Movies),Movies,27,28
175,X-Men (Alternate Timeline Movies),Movies,28,29
134,X-Men (Alternate Timeline Movies),Movies,29,30
135,X-Men (Alternate Timeline Movies),Movies,30,31
130,X-Men (Alternate Timeline Movies),Movies,31,32
140,X-Men (Alternate Timeline Movies),Movies,32,33
169,X-Men (Alternate Timeline Movies),Movies,33,34
207,X-Men (Alternate Timeline Movies),Movies,34,35
167,X-Men (Alternate Timeline Movies),Movies,35,36
497,Star Wars: Rebellion Era - All Media Types,Movies,0,1
371,Star Wars: Rebellion Era - All Media Types,Movies,1,2
346,Star Wars: Rebellion Era - All Media Types,Movies,2,3
320,Star Wars: Rebellion Era - All Media Types,Movies,3,4
394,Star Wars: Rebellion Era - All Media Types,Movies,4,5
390,Star Wars: Rebellion Era - All Media Types,Movies,5,6
439,Star Wars: Rebellion Era - All Media Types,Movies,6,7
620,Star Wars: Rebellion Era - All Media Types,Movies,7,8
678,Star Wars: Rebellion Era - All Media Types,Movies,8,9
587,Star Wars: Rebellion Era - All Media Types,Movies,9,10
725,Star Wars: Rebellion Era - All Media Types,Movies,10,11
1092,Star Wars: Rebellion Era - All Media Types,Movies,11,12
863,Star Wars: Rebellion Era - All Media Types,Movies,12,13
192,Star Wars: Rebellion Era - All Media Types,Movies,13,14
167,Star Wars: Rebellion Era - All Media Types,Movies,14,15
123,Star Wars: Rebellion Era - All Media Types,Movies,15,16
185,Star Wars: Rebellion Era - All Media Types,Movies,16,17
174,Star Wars: Rebellion Era - All Media Types,Movies,17,18
153,Star Wars: Rebellion Era - All Media Types,Movies,18,19
179,Star Wars: Rebellion Era - All Media Types,Movies,19,20
244,Star Wars: Rebellion Era - All Media Types,Movies,20,21
211,Star Wars: Rebellion Era - All Media Types,Movies,21,22
277,Star Wars: Rebellion Era - All Media Types,Movies,22,23
281,Star Wars: Rebellion Era - All Media Types,Movies,23,24
133,Star Wars: Rebellion Era - All Media Types,Movies,24,25
56,Star Wars: Rebellion Era - All Media Types,Movies,25,26
42,Star Wars: Rebellion Era - All Media Types,Movies,26,27
43,Star Wars: Rebellion Era - All Media Types,Movies,27,28
58,Star Wars: Rebellion Era - All Media Types,Movies,28,29
57,Star Wars: Rebellion Era - All Media Types,Movies,29,30
37,Star Wars: Rebellion Era - All Media Types,Movies,30,31
47,Star Wars: Rebellion Era - All Media Types,Movies,31,32
64,Star Wars: Rebellion Era - All Media Types,Movies,32,33
73,Star Wars: Rebellion Era - All Media Types,Movies,33,34
62,Star Wars: Rebellion Era - All Media Types,Movies,34,35
42,Star Wars: Rebellion Era - All Media Types,Movies,35,36
131,Superman - All Media Types,Movies,0,1
94,Superman - All Media Types,Movies,1,2
76,Superman - All Media Types,Movies,2,3
83,Superman - All Media Types,Movies,3,4
125,Superman - All Media Types,Movies,4,5
104,Superman - All Media Types,Movies,5,6
116,Superman - All Media Types,Movies,6,7
98,Superman - All Media Types,Movies,7,8
120,Superman - All Media Types,Movies,8,9
125,Superman - All Media Types,Movies,9,10
108,Superman - All Media Types,Movies,10,11
100,Superman - All Media Types,Movies,11,12
81,Superman - All Media Types,Movies,12,13
45,Superman - All Media Types,Movies,13,14
76,Superman - All Media Types,Movies,14,15
87,Superman - All Media Types,Movies,15,16
73,Superman - All Media Types,Movies,16,17
77,Superman - All Media Types,Movies,17,18
83,Superman - All Media Types,Movies,18,19
82,Superman - All Media Types,Movies,19,20
105,Superman - All Media Types,Movies,20,21
78,Superman - All Media Types,Movies,21,22
42,Superman - All Media Types,Movies,22,23
106,Superman - All Media Types,Movies,23,24
65,Superman - All Media Types,Movies,24,25
60,Superman - All Media Types,Movies,25,26
53,Superman - All Media Types,Movies,26,27
55,Superman - All Media Types,Movies,27,28
57,Superman - All Media Types,Movies,28,29
111,Superman - All Media Types,Movies,29,30
65,Superman - All Media Types,Movies,30,31
47,Superman - All Media Types,Movies,31,32
41,Superman - All Media Types,Movies,32,33
40,Superman - All Media Types,Movies,33,34
89,Superman - All Media Types,Movies,34,35
104,Superman - All Media Types,Movies,35,36
284,Star Wars: Rise of Empire Era - All Media Types,Movies,0,1
264,Star Wars: Rise of Empire Era - All Media Types,Movies,1,2
209,Star Wars: Rise of Empire Era - All Media Types,Movies,2,3
288,Star Wars: Rise of Empire Era - All Media Types,Movies,3,4
234,Star Wars: Rise of Empire Era - All Media Types,Movies,4,5
277,Star Wars: Rise of Empire Era - All Media Types,Movies,5,6
207,Star Wars: Rise of Empire Era - All Media Types,Movies,6,7
283,Star Wars: Rise of Empire Era - All Media Types,Movies,7,8
197,Star Wars: Rise of Empire Era - All Media Types,Movies,8,9
198,Star Wars: Rise of Empire Era - All Media Types,Movies,9,10
218,Star Wars: Rise of Empire Era - All Media Types,Movies,10,11
269,Star Wars: Rise of Empire Era - All Media Types,Movies,11,12
246,Star Wars: Rise of Empire Era - All Media Types,Movies,12,13
255,Star Wars: Rise of Empire Era - All Media Types,Movies,13,14
227,Star Wars: Rise of Empire Era - All Media Types,Movies,14,15
154,Star Wars: Rise of Empire Era - All Media Types,Movies,15,16
173,Star Wars: Rise of Empire Era - All Media Types,Movies,16,17
216,Star Wars: Rise of Empire Era - All Media Types,Movies,17,18
234,Star Wars: Rise of Empire Era - All Media Types,Movies,18,19
275,Star Wars: Rise of Empire Era - All Media Types,Movies,19,20
282,Star Wars: Rise of Empire Era - All Media Types,Movies,20,21
247,Star Wars: Rise of Empire Era - All Media Types,Movies,21,22
254,Star Wars: Rise of Empire Era - All Media Types,Movies,22,23
195,Star Wars: Rise of Empire Era - All Media Types,Movies,23,24
95,Star Wars: Rise of Empire Era - All Media Types,Movies,24,25
46,Star Wars: Rise of Empire Era - All Media Types,Movies,25,26
76,Star Wars: Rise of Empire Era - All Media Types,Movies,26,27
48,Star Wars: Rise of Empire Era - All Media Types,Movies,27,28
49,Star Wars: Rise of Empire Era - All Media Types,Movies,28,29
50,Star Wars: Rise of Empire Era - All Media Types,Movies,29,30
117,Star Wars: Rise of Empire Era - All Media Types,Movies,30,31
57,Star Wars: Rise of Empire Era - All Media Types,Movies,31,32
63,Star Wars: Rise of Empire Era - All Media Types,Movies,32,33
78,Star Wars: Rise of Empire Era - All Media Types,Movies,33,34
63,Star Wars: Rise of Empire Era - All Media Types,Movies,34,35
52,Star Wars: Rise of Empire Era - All Media Types,Movies,35,36
181,Percy Jackson and the Olympians - Rick Riordan,Movies,0,1
107,Percy Jackson and the Olympians - Rick Riordan,Movies,1,2
134,Percy Jackson and the Olympians - Rick Riordan,Movies,2,3
105,Percy Jackson and the Olympians - Rick Riordan,Movies,3,4
153,Percy Jackson and the Olympians - Rick Riordan,Movies,4,5
182,Percy Jackson and the Olympians - Rick Riordan,Movies,5,6
134,Percy Jackson and the Olympians - Rick Riordan,Movies,6,7
125,Percy Jackson and the Olympians - Rick Riordan,Movies,7,8
110,Percy Jackson and the Olympians - Rick Riordan,Movies,8,9
72,Percy Jackson and the Olympians - Rick Riordan,Movies,9,10
91,Percy Jackson and the Olympians - Rick Riordan,Movies,10,11
116,Percy Jackson and the Olympians - Rick Riordan,Movies,11,12
225,Percy Jackson and the Olympians - Rick Riordan,Movies,12,13
108,Percy Jackson and the Olympians - Rick Riordan,Movies,13,14
120,Percy Jackson and the Olympians - Rick Riordan,Movies,14,15
116,Percy Jackson and the Olympians - Rick Riordan,Movies,15,16
187,Percy Jackson and the Olympians - Rick Riordan,Movies,16,17
180,Percy Jackson and the Olympians - Rick Riordan,Movies,17,18
147,Percy Jackson and the Olympians - Rick Riordan,Movies,18,19
157,Percy Jackson and the Olympians - Rick Riordan,Movies,19,20
124,Percy Jackson and the Olympians - Rick Riordan,Movies,20,21
131,Percy Jackson and the Olympians - Rick Riordan,Movies,21,22
142,Percy Jackson and the Olympians - Rick Riordan,Movies,22,23
155,Percy Jackson and the Olympians - Rick Riordan,Movies,23,24
180,Percy Jackson and the Olympians - Rick Riordan,Movies,24,25
102,Percy Jackson and the Olympians - Rick Riordan,Movies,25,26
144,Percy Jackson and the Olympians - Rick Riordan,Movies,26,27
144,Percy Jackson and the Olympians - Rick Riordan,Movies,27,28
164,Percy Jackson and the Olympians - Rick Riordan,Movies,28,29
148,Percy Jackson and the Olympians - Rick Riordan,Movies,29,30
124,Percy Jackson and the Olympians - Rick Riordan,Movies,30,31
151,Percy Jackson and the Olympians - Rick Riordan,Movies,31,32
149,Percy Jackson and the Olympians - Rick Riordan,Movies,32,33
197,Percy Jackson and the Olympians - Rick Riordan,Movies,33,34
163,Percy Jackson and the Olympians - Rick Riordan,Movies,34,35
169,Percy Jackson and the Olympians - Rick Riordan,Movies,35,36
301,Spider-Man - All Media Types,Movies,0,1
199,Spider-Man - All Media Types,Movies,1,2
232,Spider-Man - All Media Types,Movies,2,3
258,Spider-Man - All Media Types,Movies,3,4
519,Spider-Man - All Media Types,Movies,4,5
518,Spider-Man - All Media Types,Movies,5,6
129,Spider-Man - All Media Types,Movies,6,7
131,Spider-Man - All Media Types,Movies,7,8
84,Spider-Man - All Media Types,Movies,8,9
97,Spider-Man - All Media Types,Movies,9,10
74,Spider-Man - All Media Types,Movies,10,11
110,Spider-Man - All Media Types,Movies,11,12
126,Spider-Man - All Media Types,Movies,12,13
127,Spider-Man - All Media Types,Movies,13,14
125,Spider-Man - All Media Types,Movies,14,15
125,Spider-Man - All Media Types,Movies,15,16
143,Spider-Man - All Media Types,Movies,16,17
139,Spider-Man - All Media Types,Movies,17,18
154,Spider-Man - All Media Types,Movies,18,19
166,Spider-Man - All Media Types,Movies,19,20
157,Spider-Man - All Media Types,Movies,20,21
155,Spider-Man - All Media Types,Movies,21,22
173,Spider-Man - All Media Types,Movies,22,23
100,Spider-Man - All Media Types,Movies,23,24
100,Spider-Man - All Media Types,Movies,24,25
84,Spider-Man - All Media Types,Movies,25,26
65,Spider-Man - All Media Types,Movies,26,27
143,Spider-Man - All Media Types,Movies,27,28
121,Spider-Man - All Media Types,Movies,28,29
84,Spider-Man - All Media Types,Movies,29,30
84,Spider-Man - All Media Types,Movies,30,31
91,Spider-Man - All Media Types,Movies,31,32
68,Spider-Man - All Media Types,Movies,32,33
44,Spider-Man - All Media Types,Movies,33,34
67,Spider-Man - All Media Types,Movies,34,35
75,Spider-Man - All Media Types,Movies,35,36
70,Hunger Games Series - All Media Types,Movies,0,1
51,Hunger Games Series - All Media Types,Movies,1,2
69,Hunger Games Series - All Media Types,Movies,2,3
78,Hunger Games Series - All Media Types,Movies,3,4
66,Hunger Games Series - All Media Types,Movies,4,5
74,Hunger Games Series - All Media Types,Movies,5,6
50,Hunger Games Series - All Media Types,Movies,6,7
34,Hunger Games Series - All Media Types,Movies,7,8
54,Hunger Games Series - All Media Types,Movies,8,9
51,Hunger Games Series - All Media Types,Movies,9,10
63,Hunger Games Series - All Media Types,Movies,10,11
63,Hunger Games Series - All Media Types,Movies,11,12
98,Hunger Games Series - All Media Types,Movies,12,13
78,Hunger Games Series - All Media Types,Movies,13,14
72,Hunger Games Series - All Media Types,Movies,14,15
84,Hunger Games Series - All Media Types,Movies,15,16
73,Hunger Games Series - All Media Types,Movies,16,17
99,Hunger Games Series - All Media Types,Movies,17,18
83,Hunger Games Series - All Media Types,Movies,18,19
71,Hunger Games Series - All Media Types,Movies,19,20
76,Hunger Games Series - All Media Types,Movies,20,21
119,Hunger Games Series - All Media Types,Movies,21,22
80,Hunger Games Series - All Media Types,Movies,22,23
127,Hunger Games Series - All Media Types,Movies,23,24
184,Hunger Games Series - All Media Types,Movies,24,25
134,Hunger Games Series - All Media Types,Movies,25,26
159,Hunger Games Series - All Media Types,Movies,26,27
77,Hunger Games Series - All Media Types,Movies,27,28
111,Hunger Games Series - All Media Types,Movies,28,29
98,Hunger Games Series - All Media Types,Movies,29,30
104,Hunger Games Series - All Media Types,Movies,30,31
80,Hunger Games Series - All Media Types,Movies,31,32
118,Hunger Games Series - All Media Types,Movies,32,33
108,Hunger Games Series - All Media Types,Movies,33,34
89,Hunger Games Series - All Media Types,Movies,34,35
110,Hunger Games Series - All Media Types,Movies,35,36
174,James Bond - All Media Types,Movies,0,1
41,James Bond - All Media Types,Movies,1,2
83,James Bond - All Media Types,Movies,2,3
75,James Bond - All Media Types,Movies,3,4
74,James Bond - All Media Types,Movies,4,5
248,James Bond - All Media Types,Movies,5,6
84,James Bond - All Media Types,Movies,6,7
92,James Bond - All Media Types,Movies,7,8
101,James Bond - All Media Types,Movies,8,9
121,James Bond - All Media Types,Movies,9,10
88,James Bond - All Media Types,Movies,10,11
122,James Bond - All Media Types,Movies,11,12
102,James Bond - All Media Types,Movies,12,13
61,James Bond - All Media Types,Movies,13,14
125,James Bond - All Media Types,Movies,14,15
100,James Bond - All Media Types,Movies,15,16
115,James Bond - All Media Types,Movies,16,17
171,James Bond - All Media Types,Movies,17,18
97,James Bond - All Media Types,Movies,18,19
131,James Bond - All Media Types,Movies,19,20
123,James Bond - All Media Types,Movies,20,21
150,James Bond - All Media Types,Movies,21,22
131,James Bond - All Media Types,Movies,22,23
155,James Bond - All Media Types,Movies,23,24
173,James Bond - All Media Types,Movies,24,25
238,James Bond - All Media Types,Movies,25,26
92,James Bond - All Media Types,Movies,26,27
63,James Bond - All Media Types,Movies,27,28
87,James Bond - All Media Types,Movies,28,29
65,James Bond - All Media Types,Movies,29,30
86,James Bond - All Media Types,Movies,30,31
76,James Bond - All Media Types,Movies,31,32
67,James Bond - All Media Types,Movies,32,33
83,James Bond - All Media Types,Movies,33,34
77,James Bond - All Media Types,Movies,34,35
75,James Bond - All Media Types,Movies,35,36
170,James Bond (Movies),Movies,0,1
38,James Bond (Movies),Movies,1,2
83,James Bond (Movies),Movies,2,3
72,James Bond (Movies),Movies,3,4
72,James Bond (Movies),Movies,4,5
245,James Bond (Movies),Movies,5,6
80,James Bond (Movies),Movies,6,7
91,James Bond (Movies),Movies,7,8
96,James Bond (Movies),Movies,8,9
121,James Bond (Movies),Movies,9,10
86,James Bond (Movies),Movies,10,11
120,James Bond (Movies),Movies,11,12
101,James Bond (Movies),Movies,12,13
58,James Bond (Movies),Movies,13,14
125,James Bond (Movies),Movies,14,15
95,James Bond (Movies),Movies,15,16
108,James Bond (Movies),Movies,16,17
169,James Bond (Movies),Movies,17,18
97,James Bond (Movies),Movies,18,19
129,James Bond (Movies),Movies,19,20
121,James Bond (Movies),Movies,20,21
148,James Bond (Movies),Movies,21,22
129,James Bond (Movies),Movies,22,23
153,James Bond (Movies),Movies,23,24
170,James Bond (Movies),Movies,24,25
235,James Bond (Movies),Movies,25,26
90,James Bond (Movies),Movies,26,27
60,James Bond (Movies),Movies,27,28
84,James Bond (Movies),Movies,28,29
62,James Bond (Movies),Movies,29,30
85,James Bond (Movies),Movies,30,31
75,James Bond (Movies),Movies,31,32
66,James Bond (Movies),Movies,32,33
81,James Bond (Movies),Movies,33,34
75,James Bond (Movies),Movies,34,35
70,James Bond (Movies),Movies,35,36
78,Inception (2010),Movies,0,1
39,Inception (2010),Movies,1,2
50,Inception (2010),Movies,2,3
42,Inception (2010),Movies,3,4
117,Inception (2010),Movies,4,5
109,Inception (2010),Movies,5,6
57,Inception (2010),Movies,6,7
58,Inception (2010),Movies,7,8
50,Inception (2010),Movies,8,9
48,Inception (2010),Movies,9,10
100,Inception (2010),Movies,10,11
37,Inception (2010),Movies,11,12
86,Inception (2010),Movies,12,13
73,Inception (2010),Movies,13,14
30,Inception (2010),Movies,14,15
47,Inception (2010),Movies,15,16
69,Inception (2010),Movies,16,17
168,Inception (2010),Movies,17,18
70,Inception (2010),Movies,18,19
48,Inception (2010),Movies,19,20
76,Inception (2010),Movies,20,21
68,Inception (2010),Movies,21,22
72,Inception (2010),Movies,22,23
101,Inception (2010),Movies,23,24
60,Inception (2010),Movies,24,25
69,Inception (2010),Movies,25,26
95,Inception (2010),Movies,26,27
53,Inception (2010),Movies,27,28
44,Inception (2010),Movies,28,29
68,Inception (2010),Movies,29,30
70,Inception (2010),Movies,30,31
47,Inception (2010),Movies,31,32
98,Inception (2010),Movies,32,33
60,Inception (2010),Movies,33,34
42,Inception (2010),Movies,34,35
45,Inception (2010),Movies,35,36
131,Star Trek: The Original Series,Movies,0,1
113,Star Trek: The Original Series,Movies,1,2
126,Star Trek: The Original Series,Movies,2,3
173,Star Trek: The Original Series,Movies,3,4
194,Star Trek: The Original Series,Movies,4,5
171,Star Trek: The Original Series,Movies,5,6
129,Star Trek: The Original Series,Movies,6,7
144,Star Trek: The Original Series,Movies,7,8
174,Star Trek: The Original Series,Movies,8,9
168,Star Trek: The Original Series,Movies,9,10
92,Star Trek: The Original Series,Movies,10,11
141,Star Trek: The Original Series,Movies,11,12
120,Star Trek: The Original Series,Movies,12,13
112,Star Trek: The Original Series,Movies,13,14
111,Star Trek: The Original Series,Movies,14,15
138,Star Trek: The Original Series,Movies,15,16
131,Star Trek: The Original Series,Movies,16,17
66,Star Trek: The Original Series,Movies,17,18
54,Star Trek: The Original Series,Movies,18,19
53,Star Trek: The Original Series,Movies,19,20
67,Star Trek: The Original Series,Movies,20,21
54,Star Trek: The Original Series,Movies,21,22
93,Star Trek: The Original Series,Movies,22,23
122,Star Trek: The Original Series,Movies,23,24
97,Star Trek: The Original Series,Movies,24,25
99,Star Trek: The Original Series,Movies,25,26
63,Star Trek: The Original Series,Movies,26,27
68,Star Trek: The Original Series,Movies,27,28
91,Star Trek: The Original Series,Movies,28,29
117,Star Trek: The Original Series,Movies,29,30
118,Star Trek: The Original Series,Movies,30,31
65,Star Trek: The Original Series,Movies,31,32
81,Star Trek: The Original Series,Movies,32,33
92,Star Trek: The Original Series,Movies,33,34
118,Star Trek: The Original Series,Movies,34,35
102,Star Trek: The Original Series,Movies,35,36
168,James Bond (Craig movies),Movies,0,1
37,James Bond (Craig movies),Movies,1,2
81,James Bond (Craig movies),Movies,2,3
64,James Bond (Craig movies),Movies,3,4
69,James Bond (Craig movies),Movies,4,5
226,James Bond (Craig movies),Movies,5,6
77,James Bond (Craig movies),Movies,6,7
90,James Bond (Craig movies),Movies,7,8
81,James Bond (Craig movies),Movies,8,9
117,James Bond (Craig movies),Movies,9,10
83,James Bond (Craig movies),Movies,10,11
118,James Bond (Craig movies),Movies,11,12
97,James Bond (Craig movies),Movies,12,13
53,James Bond (Craig movies),Movies,13,14
123,James Bond (Craig movies),Movies,14,15
94,James Bond (Craig movies),Movies,15,16
99,James Bond (Craig movies),Movies,16,17
166,James Bond (Craig movies),Movies,17,18
94,James Bond (Craig movies),Movies,18,19
124,James Bond (Craig movies),Movies,19,20
116,James Bond (Craig movies),Movies,20,21
144,James Bond (Craig movies),Movies,21,22
122,James Bond (Craig movies),Movies,22,23
150,James Bond (Craig movies),Movies,23,24
167,James Bond (Craig movies),Movies,24,25
227,James Bond (Craig movies),Movies,25,26
87,James Bond (Craig movies),Movies,26,27
56,James Bond (Craig movies),Movies,27,28
83,James Bond (Craig movies),Movies,28,29
62,James Bond (Craig movies),Movies,29,30
82,James Bond (Craig movies),Movies,30,31
74,James Bond (Craig movies),Movies,31,32
62,James Bond (Craig movies),Movies,32,33
80,James Bond (Craig movies),Movies,33,34
74,James Bond (Craig movies),Movies,34,35
68,James Bond (Craig movies),Movies,35,36
70,Pacific Rim (Movies),Movies,0,1
22,Pacific Rim (Movies),Movies,1,2
28,Pacific Rim (Movies),Movies,2,3
24,Pacific Rim (Movies),Movies,3,4
27,Pacific Rim (Movies),Movies,4,5
31,Pacific Rim (Movies),Movies,5,6
26,Pacific Rim (Movies),Movies,6,7
22,Pacific Rim (Movies),Movies,7,8
19,Pacific Rim (Movies),Movies,8,9
22,Pacific Rim (Movies),Movies,9,10
25,Pacific Rim (Movies),Movies,10,11
41,Pacific Rim (Movies),Movies,11,12
59,Pacific Rim (Movies),Movies,12,13
32,Pacific Rim (Movies),Movies,13,14
41,Pacific Rim (Movies),Movies,14,15
36,Pacific Rim (Movies),Movies,15,16
41,Pacific Rim (Movies),Movies,16,17
48,Pacific Rim (Movies),Movies,17,18
45,Pacific Rim (Movies),Movies,18,19
35,Pacific Rim (Movies),Movies,19,20
46,Pacific Rim (Movies),Movies,20,21
33,Pacific Rim (Movies),Movies,21,22
59,Pacific Rim (Movies),Movies,22,23
53,Pacific Rim (Movies),Movies,23,24
105,Pacific Rim (Movies),Movies,24,25
50,Pacific Rim (Movies),Movies,25,26
63,Pacific Rim (Movies),Movies,26,27
75,Pacific Rim (Movies),Movies,27,28
66,Pacific Rim (Movies),Movies,28,29
61,Pacific Rim (Movies),Movies,29,30
87,Pacific Rim (Movies),Movies,30,31
76,Pacific Rim (Movies),Movies,31,32
94,Pacific Rim (Movies),Movies,32,33
100,Pacific Rim (Movies),Movies,33,34
103,Pacific Rim (Movies),Movies,34,35
90,Pacific Rim (Movies),Movies,35,36
139,Star Wars Prequel Trilogy,Movies,0,1
116,Star Wars Prequel Trilogy,Movies,1,2
111,Star Wars Prequel Trilogy,Movies,2,3
141,Star Wars Prequel Trilogy,Movies,3,4
143,Star Wars Prequel Trilogy,Movies,4,5
146,Star Wars Prequel Trilogy,Movies,5,6
135,Star Wars Prequel Trilogy,Movies,6,7
172,Star Wars Prequel Trilogy,Movies,7,8
104,Star Wars Prequel Trilogy,Movies,8,9
112,Star Wars Prequel Trilogy,Movies,9,10
112,Star Wars Prequel Trilogy,Movies,10,11
132,Star Wars Prequel Trilogy,Movies,11,12
147,Star Wars Prequel Trilogy,Movies,12,13
108,Star Wars Prequel Trilogy,Movies,13,14
109,Star Wars Prequel Trilogy,Movies,14,15
97,Star Wars Prequel Trilogy,Movies,15,16
118,Star Wars Prequel Trilogy,Movies,16,17
140,Star Wars Prequel Trilogy,Movies,17,18
128,Star Wars Prequel Trilogy,Movies,18,19
192,Star Wars Prequel Trilogy,Movies,19,20
199,Star Wars Prequel Trilogy,Movies,20,21
194,Star Wars Prequel Trilogy,Movies,21,22
211,Star Wars Prequel Trilogy,Movies,22,23
166,Star Wars Prequel Trilogy,Movies,23,24
72,Star Wars Prequel Trilogy,Movies,24,25
39,Star Wars Prequel Trilogy,Movies,25,26
51,Star Wars Prequel Trilogy,Movies,26,27
26,Star Wars Prequel Trilogy,Movies,27,28
32,Star Wars Prequel Trilogy,Movies,28,29
33,Star Wars Prequel Trilogy,Movies,29,30
106,Star Wars Prequel Trilogy,Movies,30,31
47,Star Wars Prequel Trilogy,Movies,31,32
48,Star Wars Prequel Trilogy,Movies,32,33
69,Star Wars Prequel Trilogy,Movies,33,34
45,Star Wars Prequel Trilogy,Movies,34,35
30,Star Wars Prequel Trilogy,Movies,35,36
214,Kingsman (Movies),Movies,0,1
219,Kingsman (Movies),Movies,1,2
300,Kingsman (Movies),Movies,2,3
259,Kingsman (Movies),Movies,3,4
78,Kingsman (Movies),Movies,4,5
98,Kingsman (Movies),Movies,5,6
74,Kingsman (Movies),Movies,6,7
77,Kingsman (Movies),Movies,7,8
79,Kingsman (Movies),Movies,8,9
59,Kingsman (Movies),Movies,9,10
83,Kingsman (Movies),Movies,10,11
82,Kingsman (Movies),Movies,11,12
158,Kingsman (Movies),Movies,12,13
113,Kingsman (Movies),Movies,13,14
126,Kingsman (Movies),Movies,14,15
144,Kingsman (Movies),Movies,15,16
199,Kingsman (Movies),Movies,16,17
128,Kingsman (Movies),Movies,17,18
99,Kingsman (Movies),Movies,18,19
138,Kingsman (Movies),Movies,19,20
137,Kingsman (Movies),Movies,20,21
133,Kingsman (Movies),Movies,21,22
192,Kingsman (Movies),Movies,22,23
220,Kingsman (Movies),Movies,23,24
216,Kingsman (Movies),Movies,24,25
183,Kingsman (Movies),Movies,25,26
208,Kingsman (Movies),Movies,26,27
223,Kingsman (Movies),Movies,27,28
370,Kingsman (Movies),Movies,28,29
300,Kingsman (Movies),Movies,29,30
271,Kingsman (Movies),Movies,30,31
285,Kingsman (Movies),Movies,31,32
372,Kingsman (Movies),Movies,32,33
456,Kingsman (Movies),Movies,33,34
143,Kingsman (Movies),Movies,34,35
1,Kingsman (Movies),Movies,35,36
65,Guardians of Childhood & Related Fandoms,Movies,0,1
20,Guardians of Childhood & Related Fandoms,Movies,1,2
23,Guardians of Childhood & Related Fandoms,Movies,2,3
38,Guardians of Childhood & Related Fandoms,Movies,3,4
39,Guardians of Childhood & Related Fandoms,Movies,4,5
25,Guardians of Childhood & Related Fandoms,Movies,5,6
34,Guardians of Childhood & Related Fandoms,Movies,6,7
15,Guardians of Childhood & Related Fandoms,Movies,7,8
33,Guardians of Childhood & Related Fandoms,Movies,8,9
40,Guardians of Childhood & Related Fandoms,Movies,9,10
26,Guardians of Childhood & Related Fandoms,Movies,10,11
51,Guardians of Childhood & Related Fandoms,Movies,11,12
60,Guardians of Childhood & Related Fandoms,Movies,12,13
49,Guardians of Childhood & Related Fandoms,Movies,13,14
26,Guardians of Childhood & Related Fandoms,Movies,14,15
25,Guardians of Childhood & Related Fandoms,Movies,15,16
47,Guardians of Childhood & Related Fandoms,Movies,16,17
41,Guardians of Childhood & Related Fandoms,Movies,17,18
46,Guardians of Childhood & Related Fandoms,Movies,18,19
39,Guardians of Childhood & Related Fandoms,Movies,19,20
67,Guardians of Childhood & Related Fandoms,Movies,20,21
117,Guardians of Childhood & Related Fandoms,Movies,21,22
53,Guardians of Childhood & Related Fandoms,Movies,22,23
62,Guardians of Childhood & Related Fandoms,Movies,23,24
92,Guardians of Childhood & Related Fandoms,Movies,24,25
76,Guardians of Childhood & Related Fandoms,Movies,25,26
59,Guardians of Childhood & Related Fandoms,Movies,26,27
68,Guardians of Childhood & Related Fandoms,Movies,27,28
51,Guardians of Childhood & Related Fandoms,Movies,28,29
79,Guardians of Childhood & Related Fandoms,Movies,29,30
69,Guardians of Childhood & Related Fandoms,Movies,30,31
59,Guardians of Childhood & Related Fandoms,Movies,31,32
80,Guardians of Childhood & Related Fandoms,Movies,32,33
100,Guardians of Childhood & Related Fandoms,Movies,33,34
66,Guardians of Childhood & Related Fandoms,Movies,34,35
57,Guardians of Childhood & Related Fandoms,Movies,35,36
64,Rise of the Guardians (2012),Movies,0,1
20,Rise of the Guardians (2012),Movies,1,2
23,Rise of the Guardians (2012),Movies,2,3
38,Rise of the Guardians (2012),Movies,3,4
39,Rise of the Guardians (2012),Movies,4,5
25,Rise of the Guardians (2012),Movies,5,6
34,Rise of the Guardians (2012),Movies,6,7
15,Rise of the Guardians (2012),Movies,7,8
33,Rise of the Guardians (2012),Movies,8,9
40,Rise of the Guardians (2012),Movies,9,10
26,Rise of the Guardians (2012),Movies,10,11
50,Rise of the Guardians (2012),Movies,11,12
60,Rise of the Guardians (2012),Movies,12,13
49,Rise of the Guardians (2012),Movies,13,14
26,Rise of the Guardians (2012),Movies,14,15
25,Rise of the Guardians (2012),Movies,15,16
47,Rise of the Guardians (2012),Movies,16,17
41,Rise of the Guardians (2012),Movies,17,18
45,Rise of the Guardians (2012),Movies,18,19
39,Rise of the Guardians (2012),Movies,19,20
66,Rise of the Guardians (2012),Movies,20,21
117,Rise of the Guardians (2012),Movies,21,22
53,Rise of the Guardians (2012),Movies,22,23
62,Rise of the Guardians (2012),Movies,23,24
92,Rise of the Guardians (2012),Movies,24,25
76,Rise of the Guardians (2012),Movies,25,26
59,Rise of the Guardians (2012),Movies,26,27
68,Rise of the Guardians (2012),Movies,27,28
51,Rise of the Guardians (2012),Movies,28,29
79,Rise of the Guardians (2012),Movies,29,30
69,Rise of the Guardians (2012),Movies,30,31
59,Rise of the Guardians (2012),Movies,31,32
80,Rise of the Guardians (2012),Movies,32,33
100,Rise of the Guardians (2012),Movies,33,34
66,Rise of the Guardians (2012),Movies,34,35
57,Rise of the Guardians (2012),Movies,35,36
199,Fantastic Beasts and Where to Find Them (Movies),Movies,0,1
144,Fantastic Beasts and Where to Find Them (Movies),Movies,1,2
232,Fantastic Beasts and Where to Find Them (Movies),Movies,2,3
183,Fantastic Beasts and Where to Find Them (Movies),Movies,3,4
180,Fantastic Beasts and Where to Find Them (Movies),Movies,4,5
284,Fantastic Beasts and Where to Find Them (Movies),Movies,5,6
270,Fantastic Beasts and Where to Find Them (Movies),Movies,6,7
250,Fantastic Beasts and Where to Find Them (Movies),Movies,7,8
347,Fantastic Beasts and Where to Find Them (Movies),Movies,8,9
373,Fantastic Beasts and Where to Find Them (Movies),Movies,9,10
430,Fantastic Beasts and Where to Find Them (Movies),Movies,10,11
706,Fantastic Beasts and Where to Find Them (Movies),Movies,11,12
937,Fantastic Beasts and Where to Find Them (Movies),Movies,12,13
387,Fantastic Beasts and Where to Find Them (Movies),Movies,13,14
0,Fantastic Beasts and Where to Find Them (Movies),Movies,14,15
2,Fantastic Beasts and Where to Find Them (Movies),Movies,15,16
1,Fantastic Beasts and Where to Find Them (Movies),Movies,16,17
0,Fantastic Beasts and Where to Find Them (Movies),Movies,17,18
0,Fantastic Beasts and Where to Find Them (Movies),Movies,18,19
1,Fantastic Beasts and Where to Find Them (Movies),Movies,19,20
0,Fantastic Beasts and Where to Find Them (Movies),Movies,20,21
0,Fantastic Beasts and Where to Find Them (Movies),Movies,21,22
0,Fantastic Beasts and Where to Find Them (Movies),Movies,22,23
0,Fantastic Beasts and Where to Find Them (Movies),Movies,23,24
2,Fantastic Beasts and Where to Find Them (Movies),Movies,24,25
0,Fantastic Beasts and Where to Find Them (Movies),Movies,25,26
0,Fantastic Beasts and Where to Find Them (Movies),Movies,26,27
0,Fantastic Beasts and Where to Find Them (Movies),Movies,27,28
0,Fantastic Beasts and Where to Find Them (Movies),Movies,28,29
0,Fantastic Beasts and Where to Find Them (Movies),Movies,29,30
0,Fantastic Beasts and Where to Find Them (Movies),Movies,30,31
0,Fantastic Beasts and Where to Find Them (Movies),Movies,31,32
0,Fantastic Beasts and Where to Find Them (Movies),Movies,32,33
0,Fantastic Beasts and Where to Find Them (Movies),Movies,33,34
0,Fantastic Beasts and Where to Find Them (Movies),Movies,34,35
0,Fantastic Beasts and Where to Find Them (Movies),Movies,35,36
