5012,K-pop,Music *a* Bands,0,1
3679,K-pop,Music *a* Bands,1,2
4288,K-pop,Music *a* Bands,2,3
3757,K-pop,Music *a* Bands,3,4
3916,K-pop,Music *a* Bands,4,5
3809,K-pop,Music *a* Bands,5,6
3578,K-pop,Music *a* Bands,6,7
3060,K-pop,Music *a* Bands,7,8
3146,K-pop,Music *a* Bands,8,9
2803,K-pop,Music *a* Bands,9,10
2900,K-pop,Music *a* Bands,10,11
2865,K-pop,Music *a* Bands,11,12
3182,K-pop,Music *a* Bands,12,13
2308,K-pop,Music *a* Bands,13,14
2394,K-pop,Music *a* Bands,14,15
2130,K-pop,Music *a* Bands,15,16
2483,K-pop,Music *a* Bands,16,17
2474,K-pop,Music *a* Bands,17,18
2292,K-pop,Music *a* Bands,18,19
2169,K-pop,Music *a* Bands,19,20
1682,K-pop,Music *a* Bands,20,21
1831,K-pop,Music *a* Bands,21,22
1451,K-pop,Music *a* Bands,22,23
1552,K-pop,Music *a* Bands,23,24
1467,K-pop,Music *a* Bands,24,25
1107,K-pop,Music *a* Bands,25,26
1002,K-pop,Music *a* Bands,26,27
1082,K-pop,Music *a* Bands,27,28
1048,K-pop,Music *a* Bands,28,29
851,K-pop,Music *a* Bands,29,30
676,K-pop,Music *a* Bands,30,31
651,K-pop,Music *a* Bands,31,32
508,K-pop,Music *a* Bands,32,33
569,K-pop,Music *a* Bands,33,34
398,K-pop,Music *a* Bands,34,35
347,K-pop,Music *a* Bands,35,36
512,One Direction (Band),Music *a* Bands,0,1
335,One Direction (Band),Music *a* Bands,1,2
380,One Direction (Band),Music *a* Bands,2,3
325,One Direction (Band),Music *a* Bands,3,4
391,One Direction (Band),Music *a* Bands,4,5
386,One Direction (Band),Music *a* Bands,5,6
337,One Direction (Band),Music *a* Bands,6,7
379,One Direction (Band),Music *a* Bands,7,8
369,One Direction (Band),Music *a* Bands,8,9
250,One Direction (Band),Music *a* Bands,9,10
291,One Direction (Band),Music *a* Bands,10,11
330,One Direction (Band),Music *a* Bands,11,12
410,One Direction (Band),Music *a* Bands,12,13
258,One Direction (Band),Music *a* Bands,13,14
371,One Direction (Band),Music *a* Bands,14,15
405,One Direction (Band),Music *a* Bands,15,16
536,One Direction (Band),Music *a* Bands,16,17
500,One Direction (Band),Music *a* Bands,17,18
465,One Direction (Band),Music *a* Bands,18,19
466,One Direction (Band),Music *a* Bands,19,20
551,One Direction (Band),Music *a* Bands,20,21
620,One Direction (Band),Music *a* Bands,21,22
575,One Direction (Band),Music *a* Bands,22,23
677,One Direction (Band),Music *a* Bands,23,24
1021,One Direction (Band),Music *a* Bands,24,25
755,One Direction (Band),Music *a* Bands,25,26
744,One Direction (Band),Music *a* Bands,26,27
793,One Direction (Band),Music *a* Bands,27,28
802,One Direction (Band),Music *a* Bands,28,29
962,One Direction (Band),Music *a* Bands,29,30
796,One Direction (Band),Music *a* Bands,30,31
817,One Direction (Band),Music *a* Bands,31,32
875,One Direction (Band),Music *a* Bands,32,33
796,One Direction (Band),Music *a* Bands,33,34
832,One Direction (Band),Music *a* Bands,34,35
847,One Direction (Band),Music *a* Bands,35,36
2390,방탄소년단 | Bangtan Boys | BTS,Music *a* Bands,0,1
1582,방탄소년단 | Bangtan Boys | BTS,Music *a* Bands,1,2
1792,방탄소년단 | Bangtan Boys | BTS,Music *a* Bands,2,3
1487,방탄소년단 | Bangtan Boys | BTS,Music *a* Bands,3,4
1602,방탄소년단 | Bangtan Boys | BTS,Music *a* Bands,4,5
1683,방탄소년단 | Bangtan Boys | BTS,Music *a* Bands,5,6
1675,방탄소년단 | Bangtan Boys | BTS,Music *a* Bands,6,7
1397,방탄소년단 | Bangtan Boys | BTS,Music *a* Bands,7,8
1417,방탄소년단 | Bangtan Boys | BTS,Music *a* Bands,8,9
1340,방탄소년단 | Bangtan Boys | BTS,Music *a* Bands,9,10
1330,방탄소년단 | Bangtan Boys | BTS,Music *a* Bands,10,11
1271,방탄소년단 | Bangtan Boys | BTS,Music *a* Bands,11,12
1378,방탄소년단 | Bangtan Boys | BTS,Music *a* Bands,12,13
983,방탄소년단 | Bangtan Boys | BTS,Music *a* Bands,13,14
1062,방탄소년단 | Bangtan Boys | BTS,Music *a* Bands,14,15
887,방탄소년단 | Bangtan Boys | BTS,Music *a* Bands,15,16
980,방탄소년단 | Bangtan Boys | BTS,Music *a* Bands,16,17
1042,방탄소년단 | Bangtan Boys | BTS,Music *a* Bands,17,18
1033,방탄소년단 | Bangtan Boys | BTS,Music *a* Bands,18,19
929,방탄소년단 | Bangtan Boys | BTS,Music *a* Bands,19,20
732,방탄소년단 | Bangtan Boys | BTS,Music *a* Bands,20,21
903,방탄소년단 | Bangtan Boys | BTS,Music *a* Bands,21,22
639,방탄소년단 | Bangtan Boys | BTS,Music *a* Bands,22,23
697,방탄소년단 | Bangtan Boys | BTS,Music *a* Bands,23,24
570,방탄소년단 | Bangtan Boys | BTS,Music *a* Bands,24,25
418,방탄소년단 | Bangtan Boys | BTS,Music *a* Bands,25,26
367,방탄소년단 | Bangtan Boys | BTS,Music *a* Bands,26,27
349,방탄소년단 | Bangtan Boys | BTS,Music *a* Bands,27,28
370,방탄소년단 | Bangtan Boys | BTS,Music *a* Bands,28,29
328,방탄소년단 | Bangtan Boys | BTS,Music *a* Bands,29,30
262,방탄소년단 | Bangtan Boys | BTS,Music *a* Bands,30,31
186,방탄소년단 | Bangtan Boys | BTS,Music *a* Bands,31,32
120,방탄소년단 | Bangtan Boys | BTS,Music *a* Bands,32,33
115,방탄소년단 | Bangtan Boys | BTS,Music *a* Bands,33,34
125,방탄소년단 | Bangtan Boys | BTS,Music *a* Bands,34,35
81,방탄소년단 | Bangtan Boys | BTS,Music *a* Bands,35,36
488,Bandom,Music *a* Bands,0,1
371,Bandom,Music *a* Bands,1,2
543,Bandom,Music *a* Bands,2,3
424,Bandom,Music *a* Bands,3,4
552,Bandom,Music *a* Bands,4,5
546,Bandom,Music *a* Bands,5,6
506,Bandom,Music *a* Bands,6,7
455,Bandom,Music *a* Bands,7,8
532,Bandom,Music *a* Bands,8,9
589,Bandom,Music *a* Bands,9,10
579,Bandom,Music *a* Bands,10,11
580,Bandom,Music *a* Bands,11,12
636,Bandom,Music *a* Bands,12,13
593,Bandom,Music *a* Bands,13,14
666,Bandom,Music *a* Bands,14,15
581,Bandom,Music *a* Bands,15,16
656,Bandom,Music *a* Bands,16,17
725,Bandom,Music *a* Bands,17,18
606,Bandom,Music *a* Bands,18,19
634,Bandom,Music *a* Bands,19,20
531,Bandom,Music *a* Bands,20,21
516,Bandom,Music *a* Bands,21,22
498,Bandom,Music *a* Bands,22,23
506,Bandom,Music *a* Bands,23,24
482,Bandom,Music *a* Bands,24,25
439,Bandom,Music *a* Bands,25,26
439,Bandom,Music *a* Bands,26,27
503,Bandom,Music *a* Bands,27,28
563,Bandom,Music *a* Bands,28,29
580,Bandom,Music *a* Bands,29,30
530,Bandom,Music *a* Bands,30,31
533,Bandom,Music *a* Bands,31,32
400,Bandom,Music *a* Bands,32,33
384,Bandom,Music *a* Bands,33,34
338,Bandom,Music *a* Bands,34,35
343,Bandom,Music *a* Bands,35,36
548,Music RPF,Music *a* Bands,0,1
415,Music RPF,Music *a* Bands,1,2
558,Music RPF,Music *a* Bands,2,3
407,Music RPF,Music *a* Bands,3,4
561,Music RPF,Music *a* Bands,4,5
506,Music RPF,Music *a* Bands,5,6
453,Music RPF,Music *a* Bands,6,7
427,Music RPF,Music *a* Bands,7,8
453,Music RPF,Music *a* Bands,8,9
477,Music RPF,Music *a* Bands,9,10
423,Music RPF,Music *a* Bands,10,11
474,Music RPF,Music *a* Bands,11,12
513,Music RPF,Music *a* Bands,12,13
409,Music RPF,Music *a* Bands,13,14
524,Music RPF,Music *a* Bands,14,15
401,Music RPF,Music *a* Bands,15,16
576,Music RPF,Music *a* Bands,16,17
594,Music RPF,Music *a* Bands,17,18
497,Music RPF,Music *a* Bands,18,19
559,Music RPF,Music *a* Bands,19,20
499,Music RPF,Music *a* Bands,20,21
495,Music RPF,Music *a* Bands,21,22
520,Music RPF,Music *a* Bands,22,23
553,Music RPF,Music *a* Bands,23,24
529,Music RPF,Music *a* Bands,24,25
389,Music RPF,Music *a* Bands,25,26
421,Music RPF,Music *a* Bands,26,27
444,Music RPF,Music *a* Bands,27,28
491,Music RPF,Music *a* Bands,28,29
489,Music RPF,Music *a* Bands,29,30
426,Music RPF,Music *a* Bands,30,31
429,Music RPF,Music *a* Bands,31,32
404,Music RPF,Music *a* Bands,32,33
392,Music RPF,Music *a* Bands,33,34
327,Music RPF,Music *a* Bands,34,35
442,Music RPF,Music *a* Bands,35,36
428,Rock Music RPF,Music *a* Bands,0,1
307,Rock Music RPF,Music *a* Bands,1,2
445,Rock Music RPF,Music *a* Bands,2,3
308,Rock Music RPF,Music *a* Bands,3,4
417,Rock Music RPF,Music *a* Bands,4,5
374,Rock Music RPF,Music *a* Bands,5,6
356,Rock Music RPF,Music *a* Bands,6,7
339,Rock Music RPF,Music *a* Bands,7,8
343,Rock Music RPF,Music *a* Bands,8,9
386,Rock Music RPF,Music *a* Bands,9,10
332,Rock Music RPF,Music *a* Bands,10,11
369,Rock Music RPF,Music *a* Bands,11,12
401,Rock Music RPF,Music *a* Bands,12,13
359,Rock Music RPF,Music *a* Bands,13,14
451,Rock Music RPF,Music *a* Bands,14,15
317,Rock Music RPF,Music *a* Bands,15,16
428,Rock Music RPF,Music *a* Bands,16,17
471,Rock Music RPF,Music *a* Bands,17,18
396,Rock Music RPF,Music *a* Bands,18,19
465,Rock Music RPF,Music *a* Bands,19,20
380,Rock Music RPF,Music *a* Bands,20,21
354,Rock Music RPF,Music *a* Bands,21,22
408,Rock Music RPF,Music *a* Bands,22,23
360,Rock Music RPF,Music *a* Bands,23,24
398,Rock Music RPF,Music *a* Bands,24,25
312,Rock Music RPF,Music *a* Bands,25,26
335,Rock Music RPF,Music *a* Bands,26,27
384,Rock Music RPF,Music *a* Bands,27,28
426,Rock Music RPF,Music *a* Bands,28,29
428,Rock Music RPF,Music *a* Bands,29,30
382,Rock Music RPF,Music *a* Bands,30,31
383,Rock Music RPF,Music *a* Bands,31,32
360,Rock Music RPF,Music *a* Bands,32,33
325,Rock Music RPF,Music *a* Bands,33,34
267,Rock Music RPF,Music *a* Bands,34,35
366,Rock Music RPF,Music *a* Bands,35,36
518,EXO (Band),Music *a* Bands,0,1
392,EXO (Band),Music *a* Bands,1,2
677,EXO (Band),Music *a* Bands,2,3
684,EXO (Band),Music *a* Bands,3,4
673,EXO (Band),Music *a* Bands,4,5
467,EXO (Band),Music *a* Bands,5,6
537,EXO (Band),Music *a* Bands,6,7
566,EXO (Band),Music *a* Bands,7,8
454,EXO (Band),Music *a* Bands,8,9
323,EXO (Band),Music *a* Bands,9,10
390,EXO (Band),Music *a* Bands,10,11
395,EXO (Band),Music *a* Bands,11,12
462,EXO (Band),Music *a* Bands,12,13
355,EXO (Band),Music *a* Bands,13,14
338,EXO (Band),Music *a* Bands,14,15
332,EXO (Band),Music *a* Bands,15,16
394,EXO (Band),Music *a* Bands,16,17
442,EXO (Band),Music *a* Bands,17,18
424,EXO (Band),Music *a* Bands,18,19
329,EXO (Band),Music *a* Bands,19,20
294,EXO (Band),Music *a* Bands,20,21
385,EXO (Band),Music *a* Bands,21,22
317,EXO (Band),Music *a* Bands,22,23
285,EXO (Band),Music *a* Bands,23,24
275,EXO (Band),Music *a* Bands,24,25
232,EXO (Band),Music *a* Bands,25,26
230,EXO (Band),Music *a* Bands,26,27
294,EXO (Band),Music *a* Bands,27,28
265,EXO (Band),Music *a* Bands,28,29
192,EXO (Band),Music *a* Bands,29,30
132,EXO (Band),Music *a* Bands,30,31
205,EXO (Band),Music *a* Bands,31,32
126,EXO (Band),Music *a* Bands,32,33
118,EXO (Band),Music *a* Bands,33,34
135,EXO (Band),Music *a* Bands,34,35
220,EXO (Band),Music *a* Bands,35,36
134,My Chemical Romance,Music *a* Bands,0,1
97,My Chemical Romance,Music *a* Bands,1,2
152,My Chemical Romance,Music *a* Bands,2,3
90,My Chemical Romance,Music *a* Bands,3,4
110,My Chemical Romance,Music *a* Bands,4,5
101,My Chemical Romance,Music *a* Bands,5,6
116,My Chemical Romance,Music *a* Bands,6,7
104,My Chemical Romance,Music *a* Bands,7,8
93,My Chemical Romance,Music *a* Bands,8,9
114,My Chemical Romance,Music *a* Bands,9,10
102,My Chemical Romance,Music *a* Bands,10,11
104,My Chemical Romance,Music *a* Bands,11,12
163,My Chemical Romance,Music *a* Bands,12,13
122,My Chemical Romance,Music *a* Bands,13,14
148,My Chemical Romance,Music *a* Bands,14,15
116,My Chemical Romance,Music *a* Bands,15,16
167,My Chemical Romance,Music *a* Bands,16,17
159,My Chemical Romance,Music *a* Bands,17,18
153,My Chemical Romance,Music *a* Bands,18,19
190,My Chemical Romance,Music *a* Bands,19,20
159,My Chemical Romance,Music *a* Bands,20,21
121,My Chemical Romance,Music *a* Bands,21,22
175,My Chemical Romance,Music *a* Bands,22,23
142,My Chemical Romance,Music *a* Bands,23,24
156,My Chemical Romance,Music *a* Bands,24,25
128,My Chemical Romance,Music *a* Bands,25,26
108,My Chemical Romance,Music *a* Bands,26,27
137,My Chemical Romance,Music *a* Bands,27,28
159,My Chemical Romance,Music *a* Bands,28,29
176,My Chemical Romance,Music *a* Bands,29,30
150,My Chemical Romance,Music *a* Bands,30,31
156,My Chemical Romance,Music *a* Bands,31,32
152,My Chemical Romance,Music *a* Bands,32,33
143,My Chemical Romance,Music *a* Bands,33,34
130,My Chemical Romance,Music *a* Bands,34,35
125,My Chemical Romance,Music *a* Bands,35,36
118,Jpop,Music *a* Bands,0,1
88,Jpop,Music *a* Bands,1,2
89,Jpop,Music *a* Bands,2,3
136,Jpop,Music *a* Bands,3,4
119,Jpop,Music *a* Bands,4,5
180,Jpop,Music *a* Bands,5,6
91,Jpop,Music *a* Bands,6,7
143,Jpop,Music *a* Bands,7,8
216,Jpop,Music *a* Bands,8,9
98,Jpop,Music *a* Bands,9,10
85,Jpop,Music *a* Bands,10,11
124,Jpop,Music *a* Bands,11,12
211,Jpop,Music *a* Bands,12,13
100,Jpop,Music *a* Bands,13,14
112,Jpop,Music *a* Bands,14,15
98,Jpop,Music *a* Bands,15,16
75,Jpop,Music *a* Bands,16,17
85,Jpop,Music *a* Bands,17,18
100,Jpop,Music *a* Bands,18,19
70,Jpop,Music *a* Bands,19,20
58,Jpop,Music *a* Bands,20,21
92,Jpop,Music *a* Bands,21,22
141,Jpop,Music *a* Bands,22,23
83,Jpop,Music *a* Bands,23,24
91,Jpop,Music *a* Bands,24,25
74,Jpop,Music *a* Bands,25,26
123,Jpop,Music *a* Bands,26,27
134,Jpop,Music *a* Bands,27,28
146,Jpop,Music *a* Bands,28,29
137,Jpop,Music *a* Bands,29,30
85,Jpop,Music *a* Bands,30,31
82,Jpop,Music *a* Bands,31,32
94,Jpop,Music *a* Bands,32,33
122,Jpop,Music *a* Bands,33,34
88,Jpop,Music *a* Bands,34,35
114,Jpop,Music *a* Bands,35,36
104,Johnny's Entertainment,Music *a* Bands,0,1
83,Johnny's Entertainment,Music *a* Bands,1,2
81,Johnny's Entertainment,Music *a* Bands,2,3
128,Johnny's Entertainment,Music *a* Bands,3,4
103,Johnny's Entertainment,Music *a* Bands,4,5
171,Johnny's Entertainment,Music *a* Bands,5,6
86,Johnny's Entertainment,Music *a* Bands,6,7
133,Johnny's Entertainment,Music *a* Bands,7,8
208,Johnny's Entertainment,Music *a* Bands,8,9
92,Johnny's Entertainment,Music *a* Bands,9,10
78,Johnny's Entertainment,Music *a* Bands,10,11
116,Johnny's Entertainment,Music *a* Bands,11,12
201,Johnny's Entertainment,Music *a* Bands,12,13
96,Johnny's Entertainment,Music *a* Bands,13,14
108,Johnny's Entertainment,Music *a* Bands,14,15
93,Johnny's Entertainment,Music *a* Bands,15,16
74,Johnny's Entertainment,Music *a* Bands,16,17
82,Johnny's Entertainment,Music *a* Bands,17,18
98,Johnny's Entertainment,Music *a* Bands,18,19
63,Johnny's Entertainment,Music *a* Bands,19,20
54,Johnny's Entertainment,Music *a* Bands,20,21
85,Johnny's Entertainment,Music *a* Bands,21,22
135,Johnny's Entertainment,Music *a* Bands,22,23
79,Johnny's Entertainment,Music *a* Bands,23,24
76,Johnny's Entertainment,Music *a* Bands,24,25
64,Johnny's Entertainment,Music *a* Bands,25,26
118,Johnny's Entertainment,Music *a* Bands,26,27
125,Johnny's Entertainment,Music *a* Bands,27,28
140,Johnny's Entertainment,Music *a* Bands,28,29
130,Johnny's Entertainment,Music *a* Bands,29,30
80,Johnny's Entertainment,Music *a* Bands,30,31
79,Johnny's Entertainment,Music *a* Bands,31,32
83,Johnny's Entertainment,Music *a* Bands,32,33
114,Johnny's Entertainment,Music *a* Bands,33,34
83,Johnny's Entertainment,Music *a* Bands,34,35
104,Johnny's Entertainment,Music *a* Bands,35,36
132,Fall Out Boy,Music *a* Bands,0,1
101,Fall Out Boy,Music *a* Bands,1,2
126,Fall Out Boy,Music *a* Bands,2,3
101,Fall Out Boy,Music *a* Bands,3,4
141,Fall Out Boy,Music *a* Bands,4,5
134,Fall Out Boy,Music *a* Bands,5,6
108,Fall Out Boy,Music *a* Bands,6,7
82,Fall Out Boy,Music *a* Bands,7,8
77,Fall Out Boy,Music *a* Bands,8,9
65,Fall Out Boy,Music *a* Bands,9,10
78,Fall Out Boy,Music *a* Bands,10,11
89,Fall Out Boy,Music *a* Bands,11,12
117,Fall Out Boy,Music *a* Bands,12,13
104,Fall Out Boy,Music *a* Bands,13,14
124,Fall Out Boy,Music *a* Bands,14,15
100,Fall Out Boy,Music *a* Bands,15,16
129,Fall Out Boy,Music *a* Bands,16,17
144,Fall Out Boy,Music *a* Bands,17,18
141,Fall Out Boy,Music *a* Bands,18,19
180,Fall Out Boy,Music *a* Bands,19,20
123,Fall Out Boy,Music *a* Bands,20,21
120,Fall Out Boy,Music *a* Bands,21,22
136,Fall Out Boy,Music *a* Bands,22,23
145,Fall Out Boy,Music *a* Bands,23,24
135,Fall Out Boy,Music *a* Bands,24,25
115,Fall Out Boy,Music *a* Bands,25,26
127,Fall Out Boy,Music *a* Bands,26,27
158,Fall Out Boy,Music *a* Bands,27,28
155,Fall Out Boy,Music *a* Bands,28,29
177,Fall Out Boy,Music *a* Bands,29,30
136,Fall Out Boy,Music *a* Bands,30,31
156,Fall Out Boy,Music *a* Bands,31,32
126,Fall Out Boy,Music *a* Bands,32,33
121,Fall Out Boy,Music *a* Bands,33,34
77,Fall Out Boy,Music *a* Bands,34,35
73,Fall Out Boy,Music *a* Bands,35,36
51,5 Seconds of Summer (Band),Music *a* Bands,0,1
32,5 Seconds of Summer (Band),Music *a* Bands,1,2
33,5 Seconds of Summer (Band),Music *a* Bands,2,3
23,5 Seconds of Summer (Band),Music *a* Bands,3,4
34,5 Seconds of Summer (Band),Music *a* Bands,4,5
34,5 Seconds of Summer (Band),Music *a* Bands,5,6
49,5 Seconds of Summer (Band),Music *a* Bands,6,7
51,5 Seconds of Summer (Band),Music *a* Bands,7,8
41,5 Seconds of Summer (Band),Music *a* Bands,8,9
55,5 Seconds of Summer (Band),Music *a* Bands,9,10
47,5 Seconds of Summer (Band),Music *a* Bands,10,11
44,5 Seconds of Summer (Band),Music *a* Bands,11,12
87,5 Seconds of Summer (Band),Music *a* Bands,12,13
62,5 Seconds of Summer (Band),Music *a* Bands,13,14
73,5 Seconds of Summer (Band),Music *a* Bands,14,15
83,5 Seconds of Summer (Band),Music *a* Bands,15,16
143,5 Seconds of Summer (Band),Music *a* Bands,16,17
148,5 Seconds of Summer (Band),Music *a* Bands,17,18
150,5 Seconds of Summer (Band),Music *a* Bands,18,19
120,5 Seconds of Summer (Band),Music *a* Bands,19,20
136,5 Seconds of Summer (Band),Music *a* Bands,20,21
144,5 Seconds of Summer (Band),Music *a* Bands,21,22
160,5 Seconds of Summer (Band),Music *a* Bands,22,23
226,5 Seconds of Summer (Band),Music *a* Bands,23,24
255,5 Seconds of Summer (Band),Music *a* Bands,24,25
300,5 Seconds of Summer (Band),Music *a* Bands,25,26
219,5 Seconds of Summer (Band),Music *a* Bands,26,27
202,5 Seconds of Summer (Band),Music *a* Bands,27,28
277,5 Seconds of Summer (Band),Music *a* Bands,28,29
274,5 Seconds of Summer (Band),Music *a* Bands,29,30
175,5 Seconds of Summer (Band),Music *a* Bands,30,31
147,5 Seconds of Summer (Band),Music *a* Bands,31,32
190,5 Seconds of Summer (Band),Music *a* Bands,32,33
197,5 Seconds of Summer (Band),Music *a* Bands,33,34
169,5 Seconds of Summer (Band),Music *a* Bands,34,35
229,5 Seconds of Summer (Band),Music *a* Bands,35,36
112,Twenty One Pilots,Music *a* Bands,0,1
106,Twenty One Pilots,Music *a* Bands,1,2
125,Twenty One Pilots,Music *a* Bands,2,3
132,Twenty One Pilots,Music *a* Bands,3,4
153,Twenty One Pilots,Music *a* Bands,4,5
194,Twenty One Pilots,Music *a* Bands,5,6
152,Twenty One Pilots,Music *a* Bands,6,7
160,Twenty One Pilots,Music *a* Bands,7,8
214,Twenty One Pilots,Music *a* Bands,8,9
259,Twenty One Pilots,Music *a* Bands,9,10
255,Twenty One Pilots,Music *a* Bands,10,11
251,Twenty One Pilots,Music *a* Bands,11,12
259,Twenty One Pilots,Music *a* Bands,12,13
268,Twenty One Pilots,Music *a* Bands,13,14
259,Twenty One Pilots,Music *a* Bands,14,15
233,Twenty One Pilots,Music *a* Bands,15,16
251,Twenty One Pilots,Music *a* Bands,16,17
276,Twenty One Pilots,Music *a* Bands,17,18
226,Twenty One Pilots,Music *a* Bands,18,19
204,Twenty One Pilots,Music *a* Bands,19,20
170,Twenty One Pilots,Music *a* Bands,20,21
155,Twenty One Pilots,Music *a* Bands,21,22
108,Twenty One Pilots,Music *a* Bands,22,23
113,Twenty One Pilots,Music *a* Bands,23,24
96,Twenty One Pilots,Music *a* Bands,24,25
112,Twenty One Pilots,Music *a* Bands,25,26
95,Twenty One Pilots,Music *a* Bands,26,27
110,Twenty One Pilots,Music *a* Bands,27,28
97,Twenty One Pilots,Music *a* Bands,28,29
120,Twenty One Pilots,Music *a* Bands,29,30
123,Twenty One Pilots,Music *a* Bands,30,31
76,Twenty One Pilots,Music *a* Bands,31,32
31,Twenty One Pilots,Music *a* Bands,32,33
21,Twenty One Pilots,Music *a* Bands,33,34
37,Twenty One Pilots,Music *a* Bands,34,35
48,Twenty One Pilots,Music *a* Bands,35,36
374,SEVENTEEN (Band),Music *a* Bands,0,1
320,SEVENTEEN (Band),Music *a* Bands,1,2
347,SEVENTEEN (Band),Music *a* Bands,2,3
277,SEVENTEEN (Band),Music *a* Bands,3,4
302,SEVENTEEN (Band),Music *a* Bands,4,5
322,SEVENTEEN (Band),Music *a* Bands,5,6
295,SEVENTEEN (Band),Music *a* Bands,6,7
221,SEVENTEEN (Band),Music *a* Bands,7,8
226,SEVENTEEN (Band),Music *a* Bands,8,9
207,SEVENTEEN (Band),Music *a* Bands,9,10
228,SEVENTEEN (Band),Music *a* Bands,10,11
253,SEVENTEEN (Band),Music *a* Bands,11,12
250,SEVENTEEN (Band),Music *a* Bands,12,13
170,SEVENTEEN (Band),Music *a* Bands,13,14
231,SEVENTEEN (Band),Music *a* Bands,14,15
247,SEVENTEEN (Band),Music *a* Bands,15,16
255,SEVENTEEN (Band),Music *a* Bands,16,17
249,SEVENTEEN (Band),Music *a* Bands,17,18
165,SEVENTEEN (Band),Music *a* Bands,18,19
214,SEVENTEEN (Band),Music *a* Bands,19,20
118,SEVENTEEN (Band),Music *a* Bands,20,21
113,SEVENTEEN (Band),Music *a* Bands,21,22
83,SEVENTEEN (Band),Music *a* Bands,22,23
96,SEVENTEEN (Band),Music *a* Bands,23,24
118,SEVENTEEN (Band),Music *a* Bands,24,25
127,SEVENTEEN (Band),Music *a* Bands,25,26
50,SEVENTEEN (Band),Music *a* Bands,26,27
27,SEVENTEEN (Band),Music *a* Bands,27,28
23,SEVENTEEN (Band),Music *a* Bands,28,29
17,SEVENTEEN (Band),Music *a* Bands,29,30
2,SEVENTEEN (Band),Music *a* Bands,30,31
0,SEVENTEEN (Band),Music *a* Bands,31,32
0,SEVENTEEN (Band),Music *a* Bands,32,33
1,SEVENTEEN (Band),Music *a* Bands,33,34
0,SEVENTEEN (Band),Music *a* Bands,34,35
0,SEVENTEEN (Band),Music *a* Bands,35,36
78,Panic! at the Disco,Music *a* Bands,0,1
43,Panic! at the Disco,Music *a* Bands,1,2
70,Panic! at the Disco,Music *a* Bands,2,3
49,Panic! at the Disco,Music *a* Bands,3,4
92,Panic! at the Disco,Music *a* Bands,4,5
90,Panic! at the Disco,Music *a* Bands,5,6
79,Panic! at the Disco,Music *a* Bands,6,7
84,Panic! at the Disco,Music *a* Bands,7,8
80,Panic! at the Disco,Music *a* Bands,8,9
77,Panic! at the Disco,Music *a* Bands,9,10
71,Panic! at the Disco,Music *a* Bands,10,11
81,Panic! at the Disco,Music *a* Bands,11,12
115,Panic! at the Disco,Music *a* Bands,12,13
102,Panic! at the Disco,Music *a* Bands,13,14
127,Panic! at the Disco,Music *a* Bands,14,15
93,Panic! at the Disco,Music *a* Bands,15,16
88,Panic! at the Disco,Music *a* Bands,16,17
130,Panic! at the Disco,Music *a* Bands,17,18
63,Panic! at the Disco,Music *a* Bands,18,19
77,Panic! at the Disco,Music *a* Bands,19,20
71,Panic! at the Disco,Music *a* Bands,20,21
71,Panic! at the Disco,Music *a* Bands,21,22
87,Panic! at the Disco,Music *a* Bands,22,23
64,Panic! at the Disco,Music *a* Bands,23,24
47,Panic! at the Disco,Music *a* Bands,24,25
51,Panic! at the Disco,Music *a* Bands,25,26
44,Panic! at the Disco,Music *a* Bands,26,27
51,Panic! at the Disco,Music *a* Bands,27,28
51,Panic! at the Disco,Music *a* Bands,28,29
52,Panic! at the Disco,Music *a* Bands,29,30
67,Panic! at the Disco,Music *a* Bands,30,31
43,Panic! at the Disco,Music *a* Bands,31,32
34,Panic! at the Disco,Music *a* Bands,32,33
33,Panic! at the Disco,Music *a* Bands,33,34
24,Panic! at the Disco,Music *a* Bands,34,35
40,Panic! at the Disco,Music *a* Bands,35,36
201,GOT7,Music *a* Bands,0,1
163,GOT7,Music *a* Bands,1,2
178,GOT7,Music *a* Bands,2,3
189,GOT7,Music *a* Bands,3,4
171,GOT7,Music *a* Bands,4,5
180,GOT7,Music *a* Bands,5,6
157,GOT7,Music *a* Bands,6,7
173,GOT7,Music *a* Bands,7,8
185,GOT7,Music *a* Bands,8,9
190,GOT7,Music *a* Bands,9,10
166,GOT7,Music *a* Bands,10,11
225,GOT7,Music *a* Bands,11,12
227,GOT7,Music *a* Bands,12,13
168,GOT7,Music *a* Bands,13,14
178,GOT7,Music *a* Bands,14,15
150,GOT7,Music *a* Bands,15,16
163,GOT7,Music *a* Bands,16,17
141,GOT7,Music *a* Bands,17,18
165,GOT7,Music *a* Bands,18,19
191,GOT7,Music *a* Bands,19,20
124,GOT7,Music *a* Bands,20,21
101,GOT7,Music *a* Bands,21,22
75,GOT7,Music *a* Bands,22,23
102,GOT7,Music *a* Bands,23,24
111,GOT7,Music *a* Bands,24,25
49,GOT7,Music *a* Bands,25,26
69,GOT7,Music *a* Bands,26,27
44,GOT7,Music *a* Bands,27,28
40,GOT7,Music *a* Bands,28,29
25,GOT7,Music *a* Bands,29,30
29,GOT7,Music *a* Bands,30,31
42,GOT7,Music *a* Bands,31,32
33,GOT7,Music *a* Bands,32,33
40,GOT7,Music *a* Bands,33,34
34,GOT7,Music *a* Bands,34,35
29,GOT7,Music *a* Bands,35,36
14,Adam Lambert (Musician),Music *a* Bands,0,1
9,Adam Lambert (Musician),Music *a* Bands,1,2
16,Adam Lambert (Musician),Music *a* Bands,2,3
7,Adam Lambert (Musician),Music *a* Bands,3,4
7,Adam Lambert (Musician),Music *a* Bands,4,5
22,Adam Lambert (Musician),Music *a* Bands,5,6
4,Adam Lambert (Musician),Music *a* Bands,6,7
2,Adam Lambert (Musician),Music *a* Bands,7,8
12,Adam Lambert (Musician),Music *a* Bands,8,9
5,Adam Lambert (Musician),Music *a* Bands,9,10
3,Adam Lambert (Musician),Music *a* Bands,10,11
8,Adam Lambert (Musician),Music *a* Bands,11,12
4,Adam Lambert (Musician),Music *a* Bands,12,13
3,Adam Lambert (Musician),Music *a* Bands,13,14
3,Adam Lambert (Musician),Music *a* Bands,14,15
3,Adam Lambert (Musician),Music *a* Bands,15,16
4,Adam Lambert (Musician),Music *a* Bands,16,17
7,Adam Lambert (Musician),Music *a* Bands,17,18
4,Adam Lambert (Musician),Music *a* Bands,18,19
4,Adam Lambert (Musician),Music *a* Bands,19,20
7,Adam Lambert (Musician),Music *a* Bands,20,21
15,Adam Lambert (Musician),Music *a* Bands,21,22
8,Adam Lambert (Musician),Music *a* Bands,22,23
3,Adam Lambert (Musician),Music *a* Bands,23,24
11,Adam Lambert (Musician),Music *a* Bands,24,25
5,Adam Lambert (Musician),Music *a* Bands,25,26
13,Adam Lambert (Musician),Music *a* Bands,26,27
15,Adam Lambert (Musician),Music *a* Bands,27,28
15,Adam Lambert (Musician),Music *a* Bands,28,29
11,Adam Lambert (Musician),Music *a* Bands,29,30
18,Adam Lambert (Musician),Music *a* Bands,30,31
27,Adam Lambert (Musician),Music *a* Bands,31,32
13,Adam Lambert (Musician),Music *a* Bands,32,33
20,Adam Lambert (Musician),Music *a* Bands,33,34
17,Adam Lambert (Musician),Music *a* Bands,34,35
20,Adam Lambert (Musician),Music *a* Bands,35,36
110,Jrock,Music *a* Bands,0,1
57,Jrock,Music *a* Bands,1,2
67,Jrock,Music *a* Bands,2,3
61,Jrock,Music *a* Bands,3,4
71,Jrock,Music *a* Bands,4,5
65,Jrock,Music *a* Bands,5,6
52,Jrock,Music *a* Bands,6,7
97,Jrock,Music *a* Bands,7,8
49,Jrock,Music *a* Bands,8,9
41,Jrock,Music *a* Bands,9,10
38,Jrock,Music *a* Bands,10,11
32,Jrock,Music *a* Bands,11,12
56,Jrock,Music *a* Bands,12,13
80,Jrock,Music *a* Bands,13,14
71,Jrock,Music *a* Bands,14,15
36,Jrock,Music *a* Bands,15,16
42,Jrock,Music *a* Bands,16,17
78,Jrock,Music *a* Bands,17,18
73,Jrock,Music *a* Bands,18,19
87,Jrock,Music *a* Bands,19,20
47,Jrock,Music *a* Bands,20,21
52,Jrock,Music *a* Bands,21,22
74,Jrock,Music *a* Bands,22,23
61,Jrock,Music *a* Bands,23,24
60,Jrock,Music *a* Bands,24,25
40,Jrock,Music *a* Bands,25,26
46,Jrock,Music *a* Bands,26,27
35,Jrock,Music *a* Bands,27,28
37,Jrock,Music *a* Bands,28,29
59,Jrock,Music *a* Bands,29,30
54,Jrock,Music *a* Bands,30,31
36,Jrock,Music *a* Bands,31,32
48,Jrock,Music *a* Bands,32,33
58,Jrock,Music *a* Bands,33,34
49,Jrock,Music *a* Bands,34,35
44,Jrock,Music *a* Bands,35,36
61,Arashi (Band),Music *a* Bands,0,1
39,Arashi (Band),Music *a* Bands,1,2
29,Arashi (Band),Music *a* Bands,2,3
47,Arashi (Band),Music *a* Bands,3,4
40,Arashi (Band),Music *a* Bands,4,5
84,Arashi (Band),Music *a* Bands,5,6
32,Arashi (Band),Music *a* Bands,6,7
60,Arashi (Band),Music *a* Bands,7,8
101,Arashi (Band),Music *a* Bands,8,9
30,Arashi (Band),Music *a* Bands,9,10
38,Arashi (Band),Music *a* Bands,10,11
61,Arashi (Band),Music *a* Bands,11,12
50,Arashi (Band),Music *a* Bands,12,13
25,Arashi (Band),Music *a* Bands,13,14
51,Arashi (Band),Music *a* Bands,14,15
47,Arashi (Band),Music *a* Bands,15,16
30,Arashi (Band),Music *a* Bands,16,17
42,Arashi (Band),Music *a* Bands,17,18
47,Arashi (Band),Music *a* Bands,18,19
38,Arashi (Band),Music *a* Bands,19,20
30,Arashi (Band),Music *a* Bands,20,21
45,Arashi (Band),Music *a* Bands,21,22
41,Arashi (Band),Music *a* Bands,22,23
45,Arashi (Band),Music *a* Bands,23,24
33,Arashi (Band),Music *a* Bands,24,25
37,Arashi (Band),Music *a* Bands,25,26
44,Arashi (Band),Music *a* Bands,26,27
77,Arashi (Band),Music *a* Bands,27,28
80,Arashi (Band),Music *a* Bands,28,29
50,Arashi (Band),Music *a* Bands,29,30
46,Arashi (Band),Music *a* Bands,30,31
29,Arashi (Band),Music *a* Bands,31,32
42,Arashi (Band),Music *a* Bands,32,33
64,Arashi (Band),Music *a* Bands,33,34
50,Arashi (Band),Music *a* Bands,34,35
60,Arashi (Band),Music *a* Bands,35,36
223,Monsta X (Band),Music *a* Bands,0,1
210,Monsta X (Band),Music *a* Bands,1,2
195,Monsta X (Band),Music *a* Bands,2,3
115,Monsta X (Band),Music *a* Bands,3,4
119,Monsta X (Band),Music *a* Bands,4,5
148,Monsta X (Band),Music *a* Bands,5,6
157,Monsta X (Band),Music *a* Bands,6,7
101,Monsta X (Band),Music *a* Bands,7,8
168,Monsta X (Band),Music *a* Bands,8,9
173,Monsta X (Band),Music *a* Bands,9,10
129,Monsta X (Band),Music *a* Bands,10,11
132,Monsta X (Band),Music *a* Bands,11,12
139,Monsta X (Band),Music *a* Bands,12,13
102,Monsta X (Band),Music *a* Bands,13,14
139,Monsta X (Band),Music *a* Bands,14,15
59,Monsta X (Band),Music *a* Bands,15,16
136,Monsta X (Band),Music *a* Bands,16,17
77,Monsta X (Band),Music *a* Bands,17,18
74,Monsta X (Band),Music *a* Bands,18,19
62,Monsta X (Band),Music *a* Bands,19,20
25,Monsta X (Band),Music *a* Bands,20,21
32,Monsta X (Band),Music *a* Bands,21,22
14,Monsta X (Band),Music *a* Bands,22,23
31,Monsta X (Band),Music *a* Bands,23,24
23,Monsta X (Band),Music *a* Bands,24,25
19,Monsta X (Band),Music *a* Bands,25,26
12,Monsta X (Band),Music *a* Bands,26,27
15,Monsta X (Band),Music *a* Bands,27,28
0,Monsta X (Band),Music *a* Bands,28,29
4,Monsta X (Band),Music *a* Bands,29,30
1,Monsta X (Band),Music *a* Bands,30,31
0,Monsta X (Band),Music *a* Bands,31,32
1,Monsta X (Band),Music *a* Bands,32,33
1,Monsta X (Band),Music *a* Bands,33,34
1,Monsta X (Band),Music *a* Bands,34,35
1,Monsta X (Band),Music *a* Bands,35,36
96,VIXX,Music *a* Bands,0,1
73,VIXX,Music *a* Bands,1,2
99,VIXX,Music *a* Bands,2,3
68,VIXX,Music *a* Bands,3,4
72,VIXX,Music *a* Bands,4,5
73,VIXX,Music *a* Bands,5,6
90,VIXX,Music *a* Bands,6,7
82,VIXX,Music *a* Bands,7,8
69,VIXX,Music *a* Bands,8,9
57,VIXX,Music *a* Bands,9,10
147,VIXX,Music *a* Bands,10,11
83,VIXX,Music *a* Bands,11,12
132,VIXX,Music *a* Bands,12,13
89,VIXX,Music *a* Bands,13,14
97,VIXX,Music *a* Bands,14,15
84,VIXX,Music *a* Bands,15,16
119,VIXX,Music *a* Bands,16,17
141,VIXX,Music *a* Bands,17,18
81,VIXX,Music *a* Bands,18,19
85,VIXX,Music *a* Bands,19,20
48,VIXX,Music *a* Bands,20,21
56,VIXX,Music *a* Bands,21,22
64,VIXX,Music *a* Bands,22,23
51,VIXX,Music *a* Bands,23,24
94,VIXX,Music *a* Bands,24,25
38,VIXX,Music *a* Bands,25,26
42,VIXX,Music *a* Bands,26,27
57,VIXX,Music *a* Bands,27,28
112,VIXX,Music *a* Bands,28,29
43,VIXX,Music *a* Bands,29,30
49,VIXX,Music *a* Bands,30,31
30,VIXX,Music *a* Bands,31,32
22,VIXX,Music *a* Bands,32,33
26,VIXX,Music *a* Bands,33,34
20,VIXX,Music *a* Bands,34,35
19,VIXX,Music *a* Bands,35,36
19,DBSK | Tohoshinki | TVfXQ | TVXQ,Music *a* Bands,0,1
16,DBSK | Tohoshinki | TVfXQ | TVXQ,Music *a* Bands,1,2
26,DBSK | Tohoshinki | TVfXQ | TVXQ,Music *a* Bands,2,3
16,DBSK | Tohoshinki | TVfXQ | TVXQ,Music *a* Bands,3,4
9,DBSK | Tohoshinki | TVfXQ | TVXQ,Music *a* Bands,4,5
14,DBSK | Tohoshinki | TVfXQ | TVXQ,Music *a* Bands,5,6
16,DBSK | Tohoshinki | TVfXQ | TVXQ,Music *a* Bands,6,7
15,DBSK | Tohoshinki | TVfXQ | TVXQ,Music *a* Bands,7,8
25,DBSK | Tohoshinki | TVfXQ | TVXQ,Music *a* Bands,8,9
13,DBSK | Tohoshinki | TVfXQ | TVXQ,Music *a* Bands,9,10
16,DBSK | Tohoshinki | TVfXQ | TVXQ,Music *a* Bands,10,11
39,DBSK | Tohoshinki | TVfXQ | TVXQ,Music *a* Bands,11,12
32,DBSK | Tohoshinki | TVfXQ | TVXQ,Music *a* Bands,12,13
32,DBSK | Tohoshinki | TVfXQ | TVXQ,Music *a* Bands,13,14
31,DBSK | Tohoshinki | TVfXQ | TVXQ,Music *a* Bands,14,15
26,DBSK | Tohoshinki | TVfXQ | TVXQ,Music *a* Bands,15,16
23,DBSK | Tohoshinki | TVfXQ | TVXQ,Music *a* Bands,16,17
31,DBSK | Tohoshinki | TVfXQ | TVXQ,Music *a* Bands,17,18
29,DBSK | Tohoshinki | TVfXQ | TVXQ,Music *a* Bands,18,19
39,DBSK | Tohoshinki | TVfXQ | TVXQ,Music *a* Bands,19,20
52,DBSK | Tohoshinki | TVfXQ | TVXQ,Music *a* Bands,20,21
22,DBSK | Tohoshinki | TVfXQ | TVXQ,Music *a* Bands,21,22
29,DBSK | Tohoshinki | TVfXQ | TVXQ,Music *a* Bands,22,23
38,DBSK | Tohoshinki | TVfXQ | TVXQ,Music *a* Bands,23,24
59,DBSK | Tohoshinki | TVfXQ | TVXQ,Music *a* Bands,24,25
32,DBSK | Tohoshinki | TVfXQ | TVXQ,Music *a* Bands,25,26
28,DBSK | Tohoshinki | TVfXQ | TVXQ,Music *a* Bands,26,27
60,DBSK | Tohoshinki | TVfXQ | TVXQ,Music *a* Bands,27,28
50,DBSK | Tohoshinki | TVfXQ | TVXQ,Music *a* Bands,28,29
48,DBSK | Tohoshinki | TVfXQ | TVXQ,Music *a* Bands,29,30
34,DBSK | Tohoshinki | TVfXQ | TVXQ,Music *a* Bands,30,31
30,DBSK | Tohoshinki | TVfXQ | TVXQ,Music *a* Bands,31,32
52,DBSK | Tohoshinki | TVfXQ | TVXQ,Music *a* Bands,32,33
77,DBSK | Tohoshinki | TVfXQ | TVXQ,Music *a* Bands,33,34
26,DBSK | Tohoshinki | TVfXQ | TVXQ,Music *a* Bands,34,35
49,DBSK | Tohoshinki | TVfXQ | TVXQ,Music *a* Bands,35,36
73,YG Entertainment | YG Family,Music *a* Bands,0,1
80,YG Entertainment | YG Family,Music *a* Bands,1,2
104,YG Entertainment | YG Family,Music *a* Bands,2,3
68,YG Entertainment | YG Family,Music *a* Bands,3,4
96,YG Entertainment | YG Family,Music *a* Bands,4,5
95,YG Entertainment | YG Family,Music *a* Bands,5,6
57,YG Entertainment | YG Family,Music *a* Bands,6,7
47,YG Entertainment | YG Family,Music *a* Bands,7,8
83,YG Entertainment | YG Family,Music *a* Bands,8,9
54,YG Entertainment | YG Family,Music *a* Bands,9,10
50,YG Entertainment | YG Family,Music *a* Bands,10,11
62,YG Entertainment | YG Family,Music *a* Bands,11,12
71,YG Entertainment | YG Family,Music *a* Bands,12,13
86,YG Entertainment | YG Family,Music *a* Bands,13,14
56,YG Entertainment | YG Family,Music *a* Bands,14,15
83,YG Entertainment | YG Family,Music *a* Bands,15,16
96,YG Entertainment | YG Family,Music *a* Bands,16,17
68,YG Entertainment | YG Family,Music *a* Bands,17,18
70,YG Entertainment | YG Family,Music *a* Bands,18,19
77,YG Entertainment | YG Family,Music *a* Bands,19,20
62,YG Entertainment | YG Family,Music *a* Bands,20,21
84,YG Entertainment | YG Family,Music *a* Bands,21,22
84,YG Entertainment | YG Family,Music *a* Bands,22,23
67,YG Entertainment | YG Family,Music *a* Bands,23,24
64,YG Entertainment | YG Family,Music *a* Bands,24,25
47,YG Entertainment | YG Family,Music *a* Bands,25,26
38,YG Entertainment | YG Family,Music *a* Bands,26,27
34,YG Entertainment | YG Family,Music *a* Bands,27,28
28,YG Entertainment | YG Family,Music *a* Bands,28,29
30,YG Entertainment | YG Family,Music *a* Bands,29,30
32,YG Entertainment | YG Family,Music *a* Bands,30,31
40,YG Entertainment | YG Family,Music *a* Bands,31,32
21,YG Entertainment | YG Family,Music *a* Bands,32,33
13,YG Entertainment | YG Family,Music *a* Bands,33,34
23,YG Entertainment | YG Family,Music *a* Bands,34,35
27,YG Entertainment | YG Family,Music *a* Bands,35,36
142,SHINee,Music *a* Bands,0,1
52,SHINee,Music *a* Bands,1,2
100,SHINee,Music *a* Bands,2,3
54,SHINee,Music *a* Bands,3,4
104,SHINee,Music *a* Bands,4,5
56,SHINee,Music *a* Bands,5,6
73,SHINee,Music *a* Bands,6,7
72,SHINee,Music *a* Bands,7,8
78,SHINee,Music *a* Bands,8,9
69,SHINee,Music *a* Bands,9,10
106,SHINee,Music *a* Bands,10,11
87,SHINee,Music *a* Bands,11,12
180,SHINee,Music *a* Bands,12,13
92,SHINee,Music *a* Bands,13,14
49,SHINee,Music *a* Bands,14,15
50,SHINee,Music *a* Bands,15,16
72,SHINee,Music *a* Bands,16,17
63,SHINee,Music *a* Bands,17,18
69,SHINee,Music *a* Bands,18,19
47,SHINee,Music *a* Bands,19,20
56,SHINee,Music *a* Bands,20,21
44,SHINee,Music *a* Bands,21,22
43,SHINee,Music *a* Bands,22,23
56,SHINee,Music *a* Bands,23,24
48,SHINee,Music *a* Bands,24,25
53,SHINee,Music *a* Bands,25,26
55,SHINee,Music *a* Bands,26,27
48,SHINee,Music *a* Bands,27,28
33,SHINee,Music *a* Bands,28,29
48,SHINee,Music *a* Bands,29,30
29,SHINee,Music *a* Bands,30,31
31,SHINee,Music *a* Bands,31,32
18,SHINee,Music *a* Bands,32,33
34,SHINee,Music *a* Bands,33,34
30,SHINee,Music *a* Bands,34,35
25,SHINee,Music *a* Bands,35,36
151,NCT (Band),Music *a* Bands,0,1
128,NCT (Band),Music *a* Bands,1,2
140,NCT (Band),Music *a* Bands,2,3
175,NCT (Band),Music *a* Bands,3,4
246,NCT (Band),Music *a* Bands,4,5
189,NCT (Band),Music *a* Bands,5,6
126,NCT (Band),Music *a* Bands,6,7
131,NCT (Band),Music *a* Bands,7,8
181,NCT (Band),Music *a* Bands,8,9
152,NCT (Band),Music *a* Bands,9,10
150,NCT (Band),Music *a* Bands,10,11
147,NCT (Band),Music *a* Bands,11,12
88,NCT (Band),Music *a* Bands,12,13
75,NCT (Band),Music *a* Bands,13,14
82,NCT (Band),Music *a* Bands,14,15
103,NCT (Band),Music *a* Bands,15,16
72,NCT (Band),Music *a* Bands,16,17
55,NCT (Band),Music *a* Bands,17,18
33,NCT (Band),Music *a* Bands,18,19
31,NCT (Band),Music *a* Bands,19,20
7,NCT (Band),Music *a* Bands,20,21
1,NCT (Band),Music *a* Bands,21,22
1,NCT (Band),Music *a* Bands,22,23
0,NCT (Band),Music *a* Bands,23,24
0,NCT (Band),Music *a* Bands,24,25
0,NCT (Band),Music *a* Bands,25,26
1,NCT (Band),Music *a* Bands,26,27
0,NCT (Band),Music *a* Bands,27,28
0,NCT (Band),Music *a* Bands,28,29
0,NCT (Band),Music *a* Bands,29,30
0,NCT (Band),Music *a* Bands,30,31
0,NCT (Band),Music *a* Bands,31,32
0,NCT (Band),Music *a* Bands,32,33
0,NCT (Band),Music *a* Bands,33,34
0,NCT (Band),Music *a* Bands,34,35
0,NCT (Band),Music *a* Bands,35,36
25,Super Junior,Music *a* Bands,0,1
31,Super Junior,Music *a* Bands,1,2
23,Super Junior,Music *a* Bands,2,3
16,Super Junior,Music *a* Bands,3,4
26,Super Junior,Music *a* Bands,4,5
30,Super Junior,Music *a* Bands,5,6
12,Super Junior,Music *a* Bands,6,7
14,Super Junior,Music *a* Bands,7,8
24,Super Junior,Music *a* Bands,8,9
27,Super Junior,Music *a* Bands,9,10
17,Super Junior,Music *a* Bands,10,11
8,Super Junior,Music *a* Bands,11,12
27,Super Junior,Music *a* Bands,12,13
6,Super Junior,Music *a* Bands,13,14
13,Super Junior,Music *a* Bands,14,15
12,Super Junior,Music *a* Bands,15,16
10,Super Junior,Music *a* Bands,16,17
29,Super Junior,Music *a* Bands,17,18
30,Super Junior,Music *a* Bands,18,19
23,Super Junior,Music *a* Bands,19,20
17,Super Junior,Music *a* Bands,20,21
20,Super Junior,Music *a* Bands,21,22
35,Super Junior,Music *a* Bands,22,23
32,Super Junior,Music *a* Bands,23,24
33,Super Junior,Music *a* Bands,24,25
21,Super Junior,Music *a* Bands,25,26
29,Super Junior,Music *a* Bands,26,27
56,Super Junior,Music *a* Bands,27,28
19,Super Junior,Music *a* Bands,28,29
24,Super Junior,Music *a* Bands,29,30
27,Super Junior,Music *a* Bands,30,31
39,Super Junior,Music *a* Bands,31,32
38,Super Junior,Music *a* Bands,32,33
90,Super Junior,Music *a* Bands,33,34
43,Super Junior,Music *a* Bands,34,35
26,Super Junior,Music *a* Bands,35,36
10,Popslash,Music *a* Bands,0,1
7,Popslash,Music *a* Bands,1,2
5,Popslash,Music *a* Bands,2,3
6,Popslash,Music *a* Bands,3,4
7,Popslash,Music *a* Bands,4,5
3,Popslash,Music *a* Bands,5,6
6,Popslash,Music *a* Bands,6,7
3,Popslash,Music *a* Bands,7,8
45,Popslash,Music *a* Bands,8,9
6,Popslash,Music *a* Bands,9,10
8,Popslash,Music *a* Bands,10,11
12,Popslash,Music *a* Bands,11,12
7,Popslash,Music *a* Bands,12,13
3,Popslash,Music *a* Bands,13,14
2,Popslash,Music *a* Bands,14,15
2,Popslash,Music *a* Bands,15,16
2,Popslash,Music *a* Bands,16,17
2,Popslash,Music *a* Bands,17,18
3,Popslash,Music *a* Bands,18,19
5,Popslash,Music *a* Bands,19,20
5,Popslash,Music *a* Bands,20,21
7,Popslash,Music *a* Bands,21,22
4,Popslash,Music *a* Bands,22,23
13,Popslash,Music *a* Bands,23,24
30,Popslash,Music *a* Bands,24,25
4,Popslash,Music *a* Bands,25,26
2,Popslash,Music *a* Bands,26,27
6,Popslash,Music *a* Bands,27,28
6,Popslash,Music *a* Bands,28,29
6,Popslash,Music *a* Bands,29,30
11,Popslash,Music *a* Bands,30,31
11,Popslash,Music *a* Bands,31,32
6,Popslash,Music *a* Bands,32,33
8,Popslash,Music *a* Bands,33,34
5,Popslash,Music *a* Bands,34,35
8,Popslash,Music *a* Bands,35,36
391,Wanna One (Band),Music *a* Bands,0,1
275,Wanna One (Band),Music *a* Bands,1,2
300,Wanna One (Band),Music *a* Bands,2,3
319,Wanna One (Band),Music *a* Bands,3,4
222,Wanna One (Band),Music *a* Bands,4,5
221,Wanna One (Band),Music *a* Bands,5,6
69,Wanna One (Band),Music *a* Bands,6,7
4,Wanna One (Band),Music *a* Bands,7,8
4,Wanna One (Band),Music *a* Bands,8,9
0,Wanna One (Band),Music *a* Bands,9,10
0,Wanna One (Band),Music *a* Bands,10,11
0,Wanna One (Band),Music *a* Bands,11,12
0,Wanna One (Band),Music *a* Bands,12,13
0,Wanna One (Band),Music *a* Bands,13,14
0,Wanna One (Band),Music *a* Bands,14,15
0,Wanna One (Band),Music *a* Bands,15,16
0,Wanna One (Band),Music *a* Bands,16,17
0,Wanna One (Band),Music *a* Bands,17,18
0,Wanna One (Band),Music *a* Bands,18,19
0,Wanna One (Band),Music *a* Bands,19,20
0,Wanna One (Band),Music *a* Bands,20,21
0,Wanna One (Band),Music *a* Bands,21,22
0,Wanna One (Band),Music *a* Bands,22,23
0,Wanna One (Band),Music *a* Bands,23,24
0,Wanna One (Band),Music *a* Bands,24,25
0,Wanna One (Band),Music *a* Bands,25,26
0,Wanna One (Band),Music *a* Bands,26,27
0,Wanna One (Band),Music *a* Bands,27,28
0,Wanna One (Band),Music *a* Bands,28,29
0,Wanna One (Band),Music *a* Bands,29,30
0,Wanna One (Band),Music *a* Bands,30,31
0,Wanna One (Band),Music *a* Bands,31,32
0,Wanna One (Band),Music *a* Bands,32,33
0,Wanna One (Band),Music *a* Bands,33,34
0,Wanna One (Band),Music *a* Bands,34,35
0,Wanna One (Band),Music *a* Bands,35,36
240,Produce 101 (TV),Music *a* Bands,0,1
169,Produce 101 (TV),Music *a* Bands,1,2
196,Produce 101 (TV),Music *a* Bands,2,3
233,Produce 101 (TV),Music *a* Bands,3,4
201,Produce 101 (TV),Music *a* Bands,4,5
271,Produce 101 (TV),Music *a* Bands,5,6
154,Produce 101 (TV),Music *a* Bands,6,7
83,Produce 101 (TV),Music *a* Bands,7,8
28,Produce 101 (TV),Music *a* Bands,8,9
2,Produce 101 (TV),Music *a* Bands,9,10
4,Produce 101 (TV),Music *a* Bands,10,11
0,Produce 101 (TV),Music *a* Bands,11,12
3,Produce 101 (TV),Music *a* Bands,12,13
0,Produce 101 (TV),Music *a* Bands,13,14
0,Produce 101 (TV),Music *a* Bands,14,15
0,Produce 101 (TV),Music *a* Bands,15,16
0,Produce 101 (TV),Music *a* Bands,16,17
1,Produce 101 (TV),Music *a* Bands,17,18
3,Produce 101 (TV),Music *a* Bands,18,19
0,Produce 101 (TV),Music *a* Bands,19,20
2,Produce 101 (TV),Music *a* Bands,20,21
1,Produce 101 (TV),Music *a* Bands,21,22
1,Produce 101 (TV),Music *a* Bands,22,23
0,Produce 101 (TV),Music *a* Bands,23,24
0,Produce 101 (TV),Music *a* Bands,24,25
0,Produce 101 (TV),Music *a* Bands,25,26
0,Produce 101 (TV),Music *a* Bands,26,27
0,Produce 101 (TV),Music *a* Bands,27,28
0,Produce 101 (TV),Music *a* Bands,28,29
0,Produce 101 (TV),Music *a* Bands,29,30
0,Produce 101 (TV),Music *a* Bands,30,31
0,Produce 101 (TV),Music *a* Bands,31,32
0,Produce 101 (TV),Music *a* Bands,32,33
0,Produce 101 (TV),Music *a* Bands,33,34
0,Produce 101 (TV),Music *a* Bands,34,35
0,Produce 101 (TV),Music *a* Bands,35,36
51,Pop Music RPF,Music *a* Bands,0,1
46,Pop Music RPF,Music *a* Bands,1,2
48,Pop Music RPF,Music *a* Bands,2,3
31,Pop Music RPF,Music *a* Bands,3,4
55,Pop Music RPF,Music *a* Bands,4,5
37,Pop Music RPF,Music *a* Bands,5,6
14,Pop Music RPF,Music *a* Bands,6,7
27,Pop Music RPF,Music *a* Bands,7,8
28,Pop Music RPF,Music *a* Bands,8,9
30,Pop Music RPF,Music *a* Bands,9,10
22,Pop Music RPF,Music *a* Bands,10,11
15,Pop Music RPF,Music *a* Bands,11,12
42,Pop Music RPF,Music *a* Bands,12,13
14,Pop Music RPF,Music *a* Bands,13,14
22,Pop Music RPF,Music *a* Bands,14,15
17,Pop Music RPF,Music *a* Bands,15,16
61,Pop Music RPF,Music *a* Bands,16,17
39,Pop Music RPF,Music *a* Bands,17,18
28,Pop Music RPF,Music *a* Bands,18,19
23,Pop Music RPF,Music *a* Bands,19,20
31,Pop Music RPF,Music *a* Bands,20,21
38,Pop Music RPF,Music *a* Bands,21,22
35,Pop Music RPF,Music *a* Bands,22,23
28,Pop Music RPF,Music *a* Bands,23,24
38,Pop Music RPF,Music *a* Bands,24,25
17,Pop Music RPF,Music *a* Bands,25,26
31,Pop Music RPF,Music *a* Bands,26,27
24,Pop Music RPF,Music *a* Bands,27,28
25,Pop Music RPF,Music *a* Bands,28,29
31,Pop Music RPF,Music *a* Bands,29,30
22,Pop Music RPF,Music *a* Bands,30,31
20,Pop Music RPF,Music *a* Bands,31,32
21,Pop Music RPF,Music *a* Bands,32,33
36,Pop Music RPF,Music *a* Bands,33,34
26,Pop Music RPF,Music *a* Bands,34,35
48,Pop Music RPF,Music *a* Bands,35,36
27,Infinite (Band),Music *a* Bands,0,1
20,Infinite (Band),Music *a* Bands,1,2
15,Infinite (Band),Music *a* Bands,2,3
26,Infinite (Band),Music *a* Bands,3,4
22,Infinite (Band),Music *a* Bands,4,5
33,Infinite (Band),Music *a* Bands,5,6
33,Infinite (Band),Music *a* Bands,6,7
40,Infinite (Band),Music *a* Bands,7,8
43,Infinite (Band),Music *a* Bands,8,9
61,Infinite (Band),Music *a* Bands,9,10
49,Infinite (Band),Music *a* Bands,10,11
53,Infinite (Band),Music *a* Bands,11,12
56,Infinite (Band),Music *a* Bands,12,13
26,Infinite (Band),Music *a* Bands,13,14
33,Infinite (Band),Music *a* Bands,14,15
29,Infinite (Band),Music *a* Bands,15,16
39,Infinite (Band),Music *a* Bands,16,17
46,Infinite (Band),Music *a* Bands,17,18
31,Infinite (Band),Music *a* Bands,18,19
53,Infinite (Band),Music *a* Bands,19,20
68,Infinite (Band),Music *a* Bands,20,21
39,Infinite (Band),Music *a* Bands,21,22
20,Infinite (Band),Music *a* Bands,22,23
26,Infinite (Band),Music *a* Bands,23,24
32,Infinite (Band),Music *a* Bands,24,25
30,Infinite (Band),Music *a* Bands,25,26
44,Infinite (Band),Music *a* Bands,26,27
37,Infinite (Band),Music *a* Bands,27,28
48,Infinite (Band),Music *a* Bands,28,29
30,Infinite (Band),Music *a* Bands,29,30
33,Infinite (Band),Music *a* Bands,30,31
25,Infinite (Band),Music *a* Bands,31,32
35,Infinite (Band),Music *a* Bands,32,33
30,Infinite (Band),Music *a* Bands,33,34
29,Infinite (Band),Music *a* Bands,34,35
31,Infinite (Band),Music *a* Bands,35,36
60,B.A.P,Music *a* Bands,0,1
35,B.A.P,Music *a* Bands,1,2
41,B.A.P,Music *a* Bands,2,3
34,B.A.P,Music *a* Bands,3,4
40,B.A.P,Music *a* Bands,4,5
49,B.A.P,Music *a* Bands,5,6
40,B.A.P,Music *a* Bands,6,7
30,B.A.P,Music *a* Bands,7,8
39,B.A.P,Music *a* Bands,8,9
32,B.A.P,Music *a* Bands,9,10
23,B.A.P,Music *a* Bands,10,11
25,B.A.P,Music *a* Bands,11,12
21,B.A.P,Music *a* Bands,12,13
25,B.A.P,Music *a* Bands,13,14
22,B.A.P,Music *a* Bands,14,15
35,B.A.P,Music *a* Bands,15,16
44,B.A.P,Music *a* Bands,16,17
14,B.A.P,Music *a* Bands,17,18
24,B.A.P,Music *a* Bands,18,19
28,B.A.P,Music *a* Bands,19,20
18,B.A.P,Music *a* Bands,20,21
14,B.A.P,Music *a* Bands,21,22
20,B.A.P,Music *a* Bands,22,23
53,B.A.P,Music *a* Bands,23,24
39,B.A.P,Music *a* Bands,24,25
29,B.A.P,Music *a* Bands,25,26
10,B.A.P,Music *a* Bands,26,27
39,B.A.P,Music *a* Bands,27,28
38,B.A.P,Music *a* Bands,28,29
26,B.A.P,Music *a* Bands,29,30
29,B.A.P,Music *a* Bands,30,31
12,B.A.P,Music *a* Bands,31,32
9,B.A.P,Music *a* Bands,32,33
23,B.A.P,Music *a* Bands,33,34
24,B.A.P,Music *a* Bands,34,35
18,B.A.P,Music *a* Bands,35,36
44,Big Bang (Band),Music *a* Bands,0,1
48,Big Bang (Band),Music *a* Bands,1,2
58,Big Bang (Band),Music *a* Bands,2,3
35,Big Bang (Band),Music *a* Bands,3,4
60,Big Bang (Band),Music *a* Bands,4,5
52,Big Bang (Band),Music *a* Bands,5,6
25,Big Bang (Band),Music *a* Bands,6,7
35,Big Bang (Band),Music *a* Bands,7,8
50,Big Bang (Band),Music *a* Bands,8,9
24,Big Bang (Band),Music *a* Bands,9,10
27,Big Bang (Band),Music *a* Bands,10,11
38,Big Bang (Band),Music *a* Bands,11,12
35,Big Bang (Band),Music *a* Bands,12,13
40,Big Bang (Band),Music *a* Bands,13,14
16,Big Bang (Band),Music *a* Bands,14,15
36,Big Bang (Band),Music *a* Bands,15,16
58,Big Bang (Band),Music *a* Bands,16,17
29,Big Bang (Band),Music *a* Bands,17,18
34,Big Bang (Band),Music *a* Bands,18,19
34,Big Bang (Band),Music *a* Bands,19,20
27,Big Bang (Band),Music *a* Bands,20,21
32,Big Bang (Band),Music *a* Bands,21,22
41,Big Bang (Band),Music *a* Bands,22,23
37,Big Bang (Band),Music *a* Bands,23,24
25,Big Bang (Band),Music *a* Bands,24,25
31,Big Bang (Band),Music *a* Bands,25,26
30,Big Bang (Band),Music *a* Bands,26,27
16,Big Bang (Band),Music *a* Bands,27,28
16,Big Bang (Band),Music *a* Bands,28,29
14,Big Bang (Band),Music *a* Bands,29,30
16,Big Bang (Band),Music *a* Bands,30,31
25,Big Bang (Band),Music *a* Bands,31,32
7,Big Bang (Band),Music *a* Bands,32,33
9,Big Bang (Band),Music *a* Bands,33,34
11,Big Bang (Band),Music *a* Bands,34,35
5,Big Bang (Band),Music *a* Bands,35,36
3,KAT-TUN (Band),Music *a* Bands,0,1
1,KAT-TUN (Band),Music *a* Bands,1,2
7,KAT-TUN (Band),Music *a* Bands,2,3
3,KAT-TUN (Band),Music *a* Bands,3,4
12,KAT-TUN (Band),Music *a* Bands,4,5
5,KAT-TUN (Band),Music *a* Bands,5,6
5,KAT-TUN (Band),Music *a* Bands,6,7
1,KAT-TUN (Band),Music *a* Bands,7,8
25,KAT-TUN (Band),Music *a* Bands,8,9
10,KAT-TUN (Band),Music *a* Bands,9,10
3,KAT-TUN (Band),Music *a* Bands,10,11
3,KAT-TUN (Band),Music *a* Bands,11,12
5,KAT-TUN (Band),Music *a* Bands,12,13
8,KAT-TUN (Band),Music *a* Bands,13,14
5,KAT-TUN (Band),Music *a* Bands,14,15
6,KAT-TUN (Band),Music *a* Bands,15,16
1,KAT-TUN (Band),Music *a* Bands,16,17
4,KAT-TUN (Band),Music *a* Bands,17,18
19,KAT-TUN (Band),Music *a* Bands,18,19
2,KAT-TUN (Band),Music *a* Bands,19,20
0,KAT-TUN (Band),Music *a* Bands,20,21
7,KAT-TUN (Band),Music *a* Bands,21,22
11,KAT-TUN (Band),Music *a* Bands,22,23
2,KAT-TUN (Band),Music *a* Bands,23,24
3,KAT-TUN (Band),Music *a* Bands,24,25
6,KAT-TUN (Band),Music *a* Bands,25,26
6,KAT-TUN (Band),Music *a* Bands,26,27
4,KAT-TUN (Band),Music *a* Bands,27,28
13,KAT-TUN (Band),Music *a* Bands,28,29
8,KAT-TUN (Band),Music *a* Bands,29,30
5,KAT-TUN (Band),Music *a* Bands,30,31
7,KAT-TUN (Band),Music *a* Bands,31,32
4,KAT-TUN (Band),Music *a* Bands,32,33
6,KAT-TUN (Band),Music *a* Bands,33,34
2,KAT-TUN (Band),Music *a* Bands,34,35
6,KAT-TUN (Band),Music *a* Bands,35,36
27,1960s Music Scene RPF,Music *a* Bands,0,1
20,1960s Music Scene RPF,Music *a* Bands,1,2
33,1960s Music Scene RPF,Music *a* Bands,2,3
39,1960s Music Scene RPF,Music *a* Bands,3,4
47,1960s Music Scene RPF,Music *a* Bands,4,5
35,1960s Music Scene RPF,Music *a* Bands,5,6
38,1960s Music Scene RPF,Music *a* Bands,6,7
16,1960s Music Scene RPF,Music *a* Bands,7,8
39,1960s Music Scene RPF,Music *a* Bands,8,9
78,1960s Music Scene RPF,Music *a* Bands,9,10
44,1960s Music Scene RPF,Music *a* Bands,10,11
50,1960s Music Scene RPF,Music *a* Bands,11,12
25,1960s Music Scene RPF,Music *a* Bands,12,13
15,1960s Music Scene RPF,Music *a* Bands,13,14
29,1960s Music Scene RPF,Music *a* Bands,14,15
18,1960s Music Scene RPF,Music *a* Bands,15,16
24,1960s Music Scene RPF,Music *a* Bands,16,17
24,1960s Music Scene RPF,Music *a* Bands,17,18
28,1960s Music Scene RPF,Music *a* Bands,18,19
19,1960s Music Scene RPF,Music *a* Bands,19,20
16,1960s Music Scene RPF,Music *a* Bands,20,21
30,1960s Music Scene RPF,Music *a* Bands,21,22
10,1960s Music Scene RPF,Music *a* Bands,22,23
22,1960s Music Scene RPF,Music *a* Bands,23,24
23,1960s Music Scene RPF,Music *a* Bands,24,25
8,1960s Music Scene RPF,Music *a* Bands,25,26
7,1960s Music Scene RPF,Music *a* Bands,26,27
11,1960s Music Scene RPF,Music *a* Bands,27,28
20,1960s Music Scene RPF,Music *a* Bands,28,29
22,1960s Music Scene RPF,Music *a* Bands,29,30
17,1960s Music Scene RPF,Music *a* Bands,30,31
10,1960s Music Scene RPF,Music *a* Bands,31,32
13,1960s Music Scene RPF,Music *a* Bands,32,33
11,1960s Music Scene RPF,Music *a* Bands,33,34
11,1960s Music Scene RPF,Music *a* Bands,34,35
17,1960s Music Scene RPF,Music *a* Bands,35,36
50,the GazettE,Music *a* Bands,0,1
37,the GazettE,Music *a* Bands,1,2
35,the GazettE,Music *a* Bands,2,3
24,the GazettE,Music *a* Bands,3,4
16,the GazettE,Music *a* Bands,4,5
21,the GazettE,Music *a* Bands,5,6
12,the GazettE,Music *a* Bands,6,7
24,the GazettE,Music *a* Bands,7,8
18,the GazettE,Music *a* Bands,8,9
16,the GazettE,Music *a* Bands,9,10
19,the GazettE,Music *a* Bands,10,11
19,the GazettE,Music *a* Bands,11,12
16,the GazettE,Music *a* Bands,12,13
55,the GazettE,Music *a* Bands,13,14
35,the GazettE,Music *a* Bands,14,15
18,the GazettE,Music *a* Bands,15,16
25,the GazettE,Music *a* Bands,16,17
36,the GazettE,Music *a* Bands,17,18
33,the GazettE,Music *a* Bands,18,19
36,the GazettE,Music *a* Bands,19,20
15,the GazettE,Music *a* Bands,20,21
14,the GazettE,Music *a* Bands,21,22
37,the GazettE,Music *a* Bands,22,23
25,the GazettE,Music *a* Bands,23,24
13,the GazettE,Music *a* Bands,24,25
13,the GazettE,Music *a* Bands,25,26
16,the GazettE,Music *a* Bands,26,27
24,the GazettE,Music *a* Bands,27,28
22,the GazettE,Music *a* Bands,28,29
22,the GazettE,Music *a* Bands,29,30
12,the GazettE,Music *a* Bands,30,31
15,the GazettE,Music *a* Bands,31,32
19,the GazettE,Music *a* Bands,32,33
29,the GazettE,Music *a* Bands,33,34
13,the GazettE,Music *a* Bands,34,35
17,the GazettE,Music *a* Bands,35,36
3,Tommy Ratliff (Musician),Music *a* Bands,0,1
0,Tommy Ratliff (Musician),Music *a* Bands,1,2
4,Tommy Ratliff (Musician),Music *a* Bands,2,3
3,Tommy Ratliff (Musician),Music *a* Bands,3,4
0,Tommy Ratliff (Musician),Music *a* Bands,4,5
4,Tommy Ratliff (Musician),Music *a* Bands,5,6
3,Tommy Ratliff (Musician),Music *a* Bands,6,7
1,Tommy Ratliff (Musician),Music *a* Bands,7,8
4,Tommy Ratliff (Musician),Music *a* Bands,8,9
1,Tommy Ratliff (Musician),Music *a* Bands,9,10
1,Tommy Ratliff (Musician),Music *a* Bands,10,11
4,Tommy Ratliff (Musician),Music *a* Bands,11,12
1,Tommy Ratliff (Musician),Music *a* Bands,12,13
1,Tommy Ratliff (Musician),Music *a* Bands,13,14
1,Tommy Ratliff (Musician),Music *a* Bands,14,15
1,Tommy Ratliff (Musician),Music *a* Bands,15,16
2,Tommy Ratliff (Musician),Music *a* Bands,16,17
1,Tommy Ratliff (Musician),Music *a* Bands,17,18
1,Tommy Ratliff (Musician),Music *a* Bands,18,19
4,Tommy Ratliff (Musician),Music *a* Bands,19,20
1,Tommy Ratliff (Musician),Music *a* Bands,20,21
6,Tommy Ratliff (Musician),Music *a* Bands,21,22
4,Tommy Ratliff (Musician),Music *a* Bands,22,23
1,Tommy Ratliff (Musician),Music *a* Bands,23,24
4,Tommy Ratliff (Musician),Music *a* Bands,24,25
4,Tommy Ratliff (Musician),Music *a* Bands,25,26
7,Tommy Ratliff (Musician),Music *a* Bands,26,27
7,Tommy Ratliff (Musician),Music *a* Bands,27,28
2,Tommy Ratliff (Musician),Music *a* Bands,28,29
8,Tommy Ratliff (Musician),Music *a* Bands,29,30
7,Tommy Ratliff (Musician),Music *a* Bands,30,31
16,Tommy Ratliff (Musician),Music *a* Bands,31,32
6,Tommy Ratliff (Musician),Music *a* Bands,32,33
6,Tommy Ratliff (Musician),Music *a* Bands,33,34
9,Tommy Ratliff (Musician),Music *a* Bands,34,35
8,Tommy Ratliff (Musician),Music *a* Bands,35,36
32,Vocaloid,Music *a* Bands,0,1
19,Vocaloid,Music *a* Bands,1,2
16,Vocaloid,Music *a* Bands,2,3
18,Vocaloid,Music *a* Bands,3,4
19,Vocaloid,Music *a* Bands,4,5
24,Vocaloid,Music *a* Bands,5,6
21,Vocaloid,Music *a* Bands,6,7
26,Vocaloid,Music *a* Bands,7,8
16,Vocaloid,Music *a* Bands,8,9
26,Vocaloid,Music *a* Bands,9,10
37,Vocaloid,Music *a* Bands,10,11
16,Vocaloid,Music *a* Bands,11,12
23,Vocaloid,Music *a* Bands,12,13
22,Vocaloid,Music *a* Bands,13,14
16,Vocaloid,Music *a* Bands,14,15
14,Vocaloid,Music *a* Bands,15,16
23,Vocaloid,Music *a* Bands,16,17
15,Vocaloid,Music *a* Bands,17,18
16,Vocaloid,Music *a* Bands,18,19
32,Vocaloid,Music *a* Bands,19,20
24,Vocaloid,Music *a* Bands,20,21
22,Vocaloid,Music *a* Bands,21,22
22,Vocaloid,Music *a* Bands,22,23
26,Vocaloid,Music *a* Bands,23,24
27,Vocaloid,Music *a* Bands,24,25
15,Vocaloid,Music *a* Bands,25,26
19,Vocaloid,Music *a* Bands,26,27
20,Vocaloid,Music *a* Bands,27,28
35,Vocaloid,Music *a* Bands,28,29
30,Vocaloid,Music *a* Bands,29,30
39,Vocaloid,Music *a* Bands,30,31
19,Vocaloid,Music *a* Bands,31,32
25,Vocaloid,Music *a* Bands,32,33
18,Vocaloid,Music *a* Bands,33,34
34,Vocaloid,Music *a* Bands,34,35
9,Vocaloid,Music *a* Bands,35,36
17,Cobra Starship,Music *a* Bands,0,1
4,Cobra Starship,Music *a* Bands,1,2
13,Cobra Starship,Music *a* Bands,2,3
6,Cobra Starship,Music *a* Bands,3,4
6,Cobra Starship,Music *a* Bands,4,5
7,Cobra Starship,Music *a* Bands,5,6
13,Cobra Starship,Music *a* Bands,6,7
5,Cobra Starship,Music *a* Bands,7,8
7,Cobra Starship,Music *a* Bands,8,9
5,Cobra Starship,Music *a* Bands,9,10
7,Cobra Starship,Music *a* Bands,10,11
10,Cobra Starship,Music *a* Bands,11,12
9,Cobra Starship,Music *a* Bands,12,13
7,Cobra Starship,Music *a* Bands,13,14
14,Cobra Starship,Music *a* Bands,14,15
22,Cobra Starship,Music *a* Bands,15,16
26,Cobra Starship,Music *a* Bands,16,17
8,Cobra Starship,Music *a* Bands,17,18
5,Cobra Starship,Music *a* Bands,18,19
16,Cobra Starship,Music *a* Bands,19,20
12,Cobra Starship,Music *a* Bands,20,21
8,Cobra Starship,Music *a* Bands,21,22
16,Cobra Starship,Music *a* Bands,22,23
12,Cobra Starship,Music *a* Bands,23,24
13,Cobra Starship,Music *a* Bands,24,25
7,Cobra Starship,Music *a* Bands,25,26
11,Cobra Starship,Music *a* Bands,26,27
19,Cobra Starship,Music *a* Bands,27,28
5,Cobra Starship,Music *a* Bands,28,29
20,Cobra Starship,Music *a* Bands,29,30
23,Cobra Starship,Music *a* Bands,30,31
10,Cobra Starship,Music *a* Bands,31,32
8,Cobra Starship,Music *a* Bands,32,33
9,Cobra Starship,Music *a* Bands,33,34
12,Cobra Starship,Music *a* Bands,34,35
13,Cobra Starship,Music *a* Bands,35,36
31,Zayn Malik (Musician),Music *a* Bands,0,1
21,Zayn Malik (Musician),Music *a* Bands,1,2
25,Zayn Malik (Musician),Music *a* Bands,2,3
25,Zayn Malik (Musician),Music *a* Bands,3,4
42,Zayn Malik (Musician),Music *a* Bands,4,5
42,Zayn Malik (Musician),Music *a* Bands,5,6
31,Zayn Malik (Musician),Music *a* Bands,6,7
24,Zayn Malik (Musician),Music *a* Bands,7,8
19,Zayn Malik (Musician),Music *a* Bands,8,9
20,Zayn Malik (Musician),Music *a* Bands,9,10
22,Zayn Malik (Musician),Music *a* Bands,10,11
31,Zayn Malik (Musician),Music *a* Bands,11,12
28,Zayn Malik (Musician),Music *a* Bands,12,13
23,Zayn Malik (Musician),Music *a* Bands,13,14
33,Zayn Malik (Musician),Music *a* Bands,14,15
42,Zayn Malik (Musician),Music *a* Bands,15,16
60,Zayn Malik (Musician),Music *a* Bands,16,17
49,Zayn Malik (Musician),Music *a* Bands,17,18
51,Zayn Malik (Musician),Music *a* Bands,18,19
45,Zayn Malik (Musician),Music *a* Bands,19,20
43,Zayn Malik (Musician),Music *a* Bands,20,21
59,Zayn Malik (Musician),Music *a* Bands,21,22
35,Zayn Malik (Musician),Music *a* Bands,22,23
48,Zayn Malik (Musician),Music *a* Bands,23,24
34,Zayn Malik (Musician),Music *a* Bands,24,25
21,Zayn Malik (Musician),Music *a* Bands,25,26
15,Zayn Malik (Musician),Music *a* Bands,26,27
16,Zayn Malik (Musician),Music *a* Bands,27,28
14,Zayn Malik (Musician),Music *a* Bands,28,29
10,Zayn Malik (Musician),Music *a* Bands,29,30
6,Zayn Malik (Musician),Music *a* Bands,30,31
7,Zayn Malik (Musician),Music *a* Bands,31,32
8,Zayn Malik (Musician),Music *a* Bands,32,33
3,Zayn Malik (Musician),Music *a* Bands,33,34
3,Zayn Malik (Musician),Music *a* Bands,34,35
6,Zayn Malik (Musician),Music *a* Bands,35,36
19,The Beatles,Music *a* Bands,0,1
14,The Beatles,Music *a* Bands,1,2
21,The Beatles,Music *a* Bands,2,3
29,The Beatles,Music *a* Bands,3,4
30,The Beatles,Music *a* Bands,4,5
22,The Beatles,Music *a* Bands,5,6
32,The Beatles,Music *a* Bands,6,7
11,The Beatles,Music *a* Bands,7,8
26,The Beatles,Music *a* Bands,8,9
69,The Beatles,Music *a* Bands,9,10
42,The Beatles,Music *a* Bands,10,11
48,The Beatles,Music *a* Bands,11,12
22,The Beatles,Music *a* Bands,12,13
13,The Beatles,Music *a* Bands,13,14
28,The Beatles,Music *a* Bands,14,15
15,The Beatles,Music *a* Bands,15,16
23,The Beatles,Music *a* Bands,16,17
22,The Beatles,Music *a* Bands,17,18
23,The Beatles,Music *a* Bands,18,19
16,The Beatles,Music *a* Bands,19,20
10,The Beatles,Music *a* Bands,20,21
27,The Beatles,Music *a* Bands,21,22
10,The Beatles,Music *a* Bands,22,23
11,The Beatles,Music *a* Bands,23,24
21,The Beatles,Music *a* Bands,24,25
7,The Beatles,Music *a* Bands,25,26
6,The Beatles,Music *a* Bands,26,27
10,The Beatles,Music *a* Bands,27,28
16,The Beatles,Music *a* Bands,28,29
15,The Beatles,Music *a* Bands,29,30
14,The Beatles,Music *a* Bands,30,31
9,The Beatles,Music *a* Bands,31,32
12,The Beatles,Music *a* Bands,32,33
8,The Beatles,Music *a* Bands,33,34
8,The Beatles,Music *a* Bands,34,35
12,The Beatles,Music *a* Bands,35,36
2,NSYNC,Music *a* Bands,0,1
2,NSYNC,Music *a* Bands,1,2
1,NSYNC,Music *a* Bands,2,3
1,NSYNC,Music *a* Bands,3,4
6,NSYNC,Music *a* Bands,4,5
0,NSYNC,Music *a* Bands,5,6
1,NSYNC,Music *a* Bands,6,7
0,NSYNC,Music *a* Bands,7,8
19,NSYNC,Music *a* Bands,8,9
1,NSYNC,Music *a* Bands,9,10
3,NSYNC,Music *a* Bands,10,11
2,NSYNC,Music *a* Bands,11,12
1,NSYNC,Music *a* Bands,12,13
0,NSYNC,Music *a* Bands,13,14
1,NSYNC,Music *a* Bands,14,15
0,NSYNC,Music *a* Bands,15,16
0,NSYNC,Music *a* Bands,16,17
0,NSYNC,Music *a* Bands,17,18
0,NSYNC,Music *a* Bands,18,19
0,NSYNC,Music *a* Bands,19,20
2,NSYNC,Music *a* Bands,20,21
5,NSYNC,Music *a* Bands,21,22
1,NSYNC,Music *a* Bands,22,23
7,NSYNC,Music *a* Bands,23,24
1,NSYNC,Music *a* Bands,24,25
1,NSYNC,Music *a* Bands,25,26
0,NSYNC,Music *a* Bands,26,27
4,NSYNC,Music *a* Bands,27,28
1,NSYNC,Music *a* Bands,28,29
3,NSYNC,Music *a* Bands,29,30
4,NSYNC,Music *a* Bands,30,31
5,NSYNC,Music *a* Bands,31,32
1,NSYNC,Music *a* Bands,32,33
4,NSYNC,Music *a* Bands,33,34
0,NSYNC,Music *a* Bands,34,35
8,NSYNC,Music *a* Bands,35,36
14,Tokio Hotel,Music *a* Bands,0,1
6,Tokio Hotel,Music *a* Bands,1,2
29,Tokio Hotel,Music *a* Bands,2,3
7,Tokio Hotel,Music *a* Bands,3,4
6,Tokio Hotel,Music *a* Bands,4,5
4,Tokio Hotel,Music *a* Bands,5,6
5,Tokio Hotel,Music *a* Bands,6,7
6,Tokio Hotel,Music *a* Bands,7,8
14,Tokio Hotel,Music *a* Bands,8,9
5,Tokio Hotel,Music *a* Bands,9,10
9,Tokio Hotel,Music *a* Bands,10,11
3,Tokio Hotel,Music *a* Bands,11,12
7,Tokio Hotel,Music *a* Bands,12,13
7,Tokio Hotel,Music *a* Bands,13,14
3,Tokio Hotel,Music *a* Bands,14,15
8,Tokio Hotel,Music *a* Bands,15,16
3,Tokio Hotel,Music *a* Bands,16,17
11,Tokio Hotel,Music *a* Bands,17,18
10,Tokio Hotel,Music *a* Bands,18,19
13,Tokio Hotel,Music *a* Bands,19,20
5,Tokio Hotel,Music *a* Bands,20,21
18,Tokio Hotel,Music *a* Bands,21,22
5,Tokio Hotel,Music *a* Bands,22,23
10,Tokio Hotel,Music *a* Bands,23,24
0,Tokio Hotel,Music *a* Bands,24,25
2,Tokio Hotel,Music *a* Bands,25,26
4,Tokio Hotel,Music *a* Bands,26,27
2,Tokio Hotel,Music *a* Bands,27,28
9,Tokio Hotel,Music *a* Bands,28,29
17,Tokio Hotel,Music *a* Bands,29,30
12,Tokio Hotel,Music *a* Bands,30,31
32,Tokio Hotel,Music *a* Bands,31,32
35,Tokio Hotel,Music *a* Bands,32,33
58,Tokio Hotel,Music *a* Bands,33,34
8,Tokio Hotel,Music *a* Bands,34,35
2,Tokio Hotel,Music *a* Bands,35,36
13,Hey! Say! JUMP,Music *a* Bands,0,1
14,Hey! Say! JUMP,Music *a* Bands,1,2
15,Hey! Say! JUMP,Music *a* Bands,2,3
19,Hey! Say! JUMP,Music *a* Bands,3,4
31,Hey! Say! JUMP,Music *a* Bands,4,5
57,Hey! Say! JUMP,Music *a* Bands,5,6
21,Hey! Say! JUMP,Music *a* Bands,6,7
28,Hey! Say! JUMP,Music *a* Bands,7,8
35,Hey! Say! JUMP,Music *a* Bands,8,9
20,Hey! Say! JUMP,Music *a* Bands,9,10
14,Hey! Say! JUMP,Music *a* Bands,10,11
21,Hey! Say! JUMP,Music *a* Bands,11,12
22,Hey! Say! JUMP,Music *a* Bands,12,13
13,Hey! Say! JUMP,Music *a* Bands,13,14
20,Hey! Say! JUMP,Music *a* Bands,14,15
22,Hey! Say! JUMP,Music *a* Bands,15,16
14,Hey! Say! JUMP,Music *a* Bands,16,17
11,Hey! Say! JUMP,Music *a* Bands,17,18
9,Hey! Say! JUMP,Music *a* Bands,18,19
4,Hey! Say! JUMP,Music *a* Bands,19,20
5,Hey! Say! JUMP,Music *a* Bands,20,21
19,Hey! Say! JUMP,Music *a* Bands,21,22
25,Hey! Say! JUMP,Music *a* Bands,22,23
7,Hey! Say! JUMP,Music *a* Bands,23,24
15,Hey! Say! JUMP,Music *a* Bands,24,25
6,Hey! Say! JUMP,Music *a* Bands,25,26
19,Hey! Say! JUMP,Music *a* Bands,26,27
16,Hey! Say! JUMP,Music *a* Bands,27,28
21,Hey! Say! JUMP,Music *a* Bands,28,29
22,Hey! Say! JUMP,Music *a* Bands,29,30
10,Hey! Say! JUMP,Music *a* Bands,30,31
11,Hey! Say! JUMP,Music *a* Bands,31,32
17,Hey! Say! JUMP,Music *a* Bands,32,33
15,Hey! Say! JUMP,Music *a* Bands,33,34
5,Hey! Say! JUMP,Music *a* Bands,34,35
12,Hey! Say! JUMP,Music *a* Bands,35,36
17,All Time Low (Band),Music *a* Bands,0,1
7,All Time Low (Band),Music *a* Bands,1,2
11,All Time Low (Band),Music *a* Bands,2,3
17,All Time Low (Band),Music *a* Bands,3,4
8,All Time Low (Band),Music *a* Bands,4,5
10,All Time Low (Band),Music *a* Bands,5,6
17,All Time Low (Band),Music *a* Bands,6,7
12,All Time Low (Band),Music *a* Bands,7,8
14,All Time Low (Band),Music *a* Bands,8,9
8,All Time Low (Band),Music *a* Bands,9,10
18,All Time Low (Band),Music *a* Bands,10,11
13,All Time Low (Band),Music *a* Bands,11,12
3,All Time Low (Band),Music *a* Bands,12,13
7,All Time Low (Band),Music *a* Bands,13,14
19,All Time Low (Band),Music *a* Bands,14,15
7,All Time Low (Band),Music *a* Bands,15,16
2,All Time Low (Band),Music *a* Bands,16,17
15,All Time Low (Band),Music *a* Bands,17,18
11,All Time Low (Band),Music *a* Bands,18,19
7,All Time Low (Band),Music *a* Bands,19,20
12,All Time Low (Band),Music *a* Bands,20,21
16,All Time Low (Band),Music *a* Bands,21,22
19,All Time Low (Band),Music *a* Bands,22,23
18,All Time Low (Band),Music *a* Bands,23,24
14,All Time Low (Band),Music *a* Bands,24,25
17,All Time Low (Band),Music *a* Bands,25,26
10,All Time Low (Band),Music *a* Bands,26,27
23,All Time Low (Band),Music *a* Bands,27,28
29,All Time Low (Band),Music *a* Bands,28,29
33,All Time Low (Band),Music *a* Bands,29,30
19,All Time Low (Band),Music *a* Bands,30,31
36,All Time Low (Band),Music *a* Bands,31,32
28,All Time Low (Band),Music *a* Bands,32,33
15,All Time Low (Band),Music *a* Bands,33,34
16,All Time Low (Band),Music *a* Bands,34,35
9,All Time Low (Band),Music *a* Bands,35,36
6,NewS (Band),Music *a* Bands,0,1
2,NewS (Band),Music *a* Bands,1,2
8,NewS (Band),Music *a* Bands,2,3
2,NewS (Band),Music *a* Bands,3,4
3,NewS (Band),Music *a* Bands,4,5
5,NewS (Band),Music *a* Bands,5,6
4,NewS (Band),Music *a* Bands,6,7
7,NewS (Band),Music *a* Bands,7,8
5,NewS (Band),Music *a* Bands,8,9
3,NewS (Band),Music *a* Bands,9,10
2,NewS (Band),Music *a* Bands,10,11
1,NewS (Band),Music *a* Bands,11,12
11,NewS (Band),Music *a* Bands,12,13
22,NewS (Band),Music *a* Bands,13,14
7,NewS (Band),Music *a* Bands,14,15
7,NewS (Band),Music *a* Bands,15,16
1,NewS (Band),Music *a* Bands,16,17
6,NewS (Band),Music *a* Bands,17,18
22,NewS (Band),Music *a* Bands,18,19
0,NewS (Band),Music *a* Bands,19,20
5,NewS (Band),Music *a* Bands,20,21
4,NewS (Band),Music *a* Bands,21,22
5,NewS (Band),Music *a* Bands,22,23
3,NewS (Band),Music *a* Bands,23,24
4,NewS (Band),Music *a* Bands,24,25
3,NewS (Band),Music *a* Bands,25,26
8,NewS (Band),Music *a* Bands,26,27
5,NewS (Band),Music *a* Bands,27,28
4,NewS (Band),Music *a* Bands,28,29
5,NewS (Band),Music *a* Bands,29,30
9,NewS (Band),Music *a* Bands,30,31
7,NewS (Band),Music *a* Bands,31,32
4,NewS (Band),Music *a* Bands,32,33
3,NewS (Band),Music *a* Bands,33,34
0,NewS (Band),Music *a* Bands,34,35
6,NewS (Band),Music *a* Bands,35,36
9,The Academy Is...,Music *a* Bands,0,1
5,The Academy Is...,Music *a* Bands,1,2
9,The Academy Is...,Music *a* Bands,2,3
2,The Academy Is...,Music *a* Bands,3,4
4,The Academy Is...,Music *a* Bands,4,5
8,The Academy Is...,Music *a* Bands,5,6
8,The Academy Is...,Music *a* Bands,6,7
6,The Academy Is...,Music *a* Bands,7,8
3,The Academy Is...,Music *a* Bands,8,9
4,The Academy Is...,Music *a* Bands,9,10
4,The Academy Is...,Music *a* Bands,10,11
5,The Academy Is...,Music *a* Bands,11,12
2,The Academy Is...,Music *a* Bands,12,13
5,The Academy Is...,Music *a* Bands,13,14
10,The Academy Is...,Music *a* Bands,14,15
21,The Academy Is...,Music *a* Bands,15,16
15,The Academy Is...,Music *a* Bands,16,17
5,The Academy Is...,Music *a* Bands,17,18
2,The Academy Is...,Music *a* Bands,18,19
10,The Academy Is...,Music *a* Bands,19,20
6,The Academy Is...,Music *a* Bands,20,21
6,The Academy Is...,Music *a* Bands,21,22
10,The Academy Is...,Music *a* Bands,22,23
5,The Academy Is...,Music *a* Bands,23,24
7,The Academy Is...,Music *a* Bands,24,25
2,The Academy Is...,Music *a* Bands,25,26
8,The Academy Is...,Music *a* Bands,26,27
4,The Academy Is...,Music *a* Bands,27,28
6,The Academy Is...,Music *a* Bands,28,29
12,The Academy Is...,Music *a* Bands,29,30
14,The Academy Is...,Music *a* Bands,30,31
10,The Academy Is...,Music *a* Bands,31,32
6,The Academy Is...,Music *a* Bands,32,33
9,The Academy Is...,Music *a* Bands,33,34
8,The Academy Is...,Music *a* Bands,34,35
9,The Academy Is...,Music *a* Bands,35,36
24,Gorillaz,Music *a* Bands,0,1
21,Gorillaz,Music *a* Bands,1,2
34,Gorillaz,Music *a* Bands,2,3
41,Gorillaz,Music *a* Bands,3,4
48,Gorillaz,Music *a* Bands,4,5
70,Gorillaz,Music *a* Bands,5,6
74,Gorillaz,Music *a* Bands,6,7
72,Gorillaz,Music *a* Bands,7,8
55,Gorillaz,Music *a* Bands,8,9
17,Gorillaz,Music *a* Bands,9,10
7,Gorillaz,Music *a* Bands,10,11
6,Gorillaz,Music *a* Bands,11,12
9,Gorillaz,Music *a* Bands,12,13
6,Gorillaz,Music *a* Bands,13,14
6,Gorillaz,Music *a* Bands,14,15
14,Gorillaz,Music *a* Bands,15,16
4,Gorillaz,Music *a* Bands,16,17
10,Gorillaz,Music *a* Bands,17,18
4,Gorillaz,Music *a* Bands,18,19
4,Gorillaz,Music *a* Bands,19,20
3,Gorillaz,Music *a* Bands,20,21
5,Gorillaz,Music *a* Bands,21,22
6,Gorillaz,Music *a* Bands,22,23
11,Gorillaz,Music *a* Bands,23,24
17,Gorillaz,Music *a* Bands,24,25
4,Gorillaz,Music *a* Bands,25,26
8,Gorillaz,Music *a* Bands,26,27
6,Gorillaz,Music *a* Bands,27,28
15,Gorillaz,Music *a* Bands,28,29
23,Gorillaz,Music *a* Bands,29,30
7,Gorillaz,Music *a* Bands,30,31
8,Gorillaz,Music *a* Bands,31,32
4,Gorillaz,Music *a* Bands,32,33
7,Gorillaz,Music *a* Bands,33,34
22,Gorillaz,Music *a* Bands,34,35
2,Gorillaz,Music *a* Bands,35,36
1,Kris Allen (Musician),Music *a* Bands,0,1
1,Kris Allen (Musician),Music *a* Bands,1,2
0,Kris Allen (Musician),Music *a* Bands,2,3
0,Kris Allen (Musician),Music *a* Bands,3,4
0,Kris Allen (Musician),Music *a* Bands,4,5
0,Kris Allen (Musician),Music *a* Bands,5,6
0,Kris Allen (Musician),Music *a* Bands,6,7
0,Kris Allen (Musician),Music *a* Bands,7,8
0,Kris Allen (Musician),Music *a* Bands,8,9
0,Kris Allen (Musician),Music *a* Bands,9,10
0,Kris Allen (Musician),Music *a* Bands,10,11
0,Kris Allen (Musician),Music *a* Bands,11,12
1,Kris Allen (Musician),Music *a* Bands,12,13
0,Kris Allen (Musician),Music *a* Bands,13,14
1,Kris Allen (Musician),Music *a* Bands,14,15
0,Kris Allen (Musician),Music *a* Bands,15,16
0,Kris Allen (Musician),Music *a* Bands,16,17
0,Kris Allen (Musician),Music *a* Bands,17,18
0,Kris Allen (Musician),Music *a* Bands,18,19
0,Kris Allen (Musician),Music *a* Bands,19,20
3,Kris Allen (Musician),Music *a* Bands,20,21
0,Kris Allen (Musician),Music *a* Bands,21,22
0,Kris Allen (Musician),Music *a* Bands,22,23
0,Kris Allen (Musician),Music *a* Bands,23,24
0,Kris Allen (Musician),Music *a* Bands,24,25
0,Kris Allen (Musician),Music *a* Bands,25,26
1,Kris Allen (Musician),Music *a* Bands,26,27
1,Kris Allen (Musician),Music *a* Bands,27,28
4,Kris Allen (Musician),Music *a* Bands,28,29
1,Kris Allen (Musician),Music *a* Bands,29,30
1,Kris Allen (Musician),Music *a* Bands,30,31
3,Kris Allen (Musician),Music *a* Bands,31,32
1,Kris Allen (Musician),Music *a* Bands,32,33
0,Kris Allen (Musician),Music *a* Bands,33,34
0,Kris Allen (Musician),Music *a* Bands,34,35
3,Kris Allen (Musician),Music *a* Bands,35,36
15,Danger Days: The True Lives of the Fabulous Killjoys (Album),Music *a* Bands,0,1
8,Danger Days: The True Lives of the Fabulous Killjoys (Album),Music *a* Bands,1,2
15,Danger Days: The True Lives of the Fabulous Killjoys (Album),Music *a* Bands,2,3
10,Danger Days: The True Lives of the Fabulous Killjoys (Album),Music *a* Bands,3,4
12,Danger Days: The True Lives of the Fabulous Killjoys (Album),Music *a* Bands,4,5
7,Danger Days: The True Lives of the Fabulous Killjoys (Album),Music *a* Bands,5,6
10,Danger Days: The True Lives of the Fabulous Killjoys (Album),Music *a* Bands,6,7
15,Danger Days: The True Lives of the Fabulous Killjoys (Album),Music *a* Bands,7,8
11,Danger Days: The True Lives of the Fabulous Killjoys (Album),Music *a* Bands,8,9
7,Danger Days: The True Lives of the Fabulous Killjoys (Album),Music *a* Bands,9,10
4,Danger Days: The True Lives of the Fabulous Killjoys (Album),Music *a* Bands,10,11
10,Danger Days: The True Lives of the Fabulous Killjoys (Album),Music *a* Bands,11,12
8,Danger Days: The True Lives of the Fabulous Killjoys (Album),Music *a* Bands,12,13
4,Danger Days: The True Lives of the Fabulous Killjoys (Album),Music *a* Bands,13,14
10,Danger Days: The True Lives of the Fabulous Killjoys (Album),Music *a* Bands,14,15
10,Danger Days: The True Lives of the Fabulous Killjoys (Album),Music *a* Bands,15,16
13,Danger Days: The True Lives of the Fabulous Killjoys (Album),Music *a* Bands,16,17
8,Danger Days: The True Lives of the Fabulous Killjoys (Album),Music *a* Bands,17,18
10,Danger Days: The True Lives of the Fabulous Killjoys (Album),Music *a* Bands,18,19
7,Danger Days: The True Lives of the Fabulous Killjoys (Album),Music *a* Bands,19,20
5,Danger Days: The True Lives of the Fabulous Killjoys (Album),Music *a* Bands,20,21
7,Danger Days: The True Lives of the Fabulous Killjoys (Album),Music *a* Bands,21,22
10,Danger Days: The True Lives of the Fabulous Killjoys (Album),Music *a* Bands,22,23
8,Danger Days: The True Lives of the Fabulous Killjoys (Album),Music *a* Bands,23,24
11,Danger Days: The True Lives of the Fabulous Killjoys (Album),Music *a* Bands,24,25
5,Danger Days: The True Lives of the Fabulous Killjoys (Album),Music *a* Bands,25,26
5,Danger Days: The True Lives of the Fabulous Killjoys (Album),Music *a* Bands,26,27
12,Danger Days: The True Lives of the Fabulous Killjoys (Album),Music *a* Bands,27,28
14,Danger Days: The True Lives of the Fabulous Killjoys (Album),Music *a* Bands,28,29
23,Danger Days: The True Lives of the Fabulous Killjoys (Album),Music *a* Bands,29,30
2,Danger Days: The True Lives of the Fabulous Killjoys (Album),Music *a* Bands,30,31
16,Danger Days: The True Lives of the Fabulous Killjoys (Album),Music *a* Bands,31,32
16,Danger Days: The True Lives of the Fabulous Killjoys (Album),Music *a* Bands,32,33
5,Danger Days: The True Lives of the Fabulous Killjoys (Album),Music *a* Bands,33,34
12,Danger Days: The True Lives of the Fabulous Killjoys (Album),Music *a* Bands,34,35
15,Danger Days: The True Lives of the Fabulous Killjoys (Album),Music *a* Bands,35,36
