659,Doctor Who & Related Fandoms,Other Media,0,1
358,Doctor Who & Related Fandoms,Other Media,1,2
546,Doctor Who & Related Fandoms,Other Media,2,3
471,Doctor Who & Related Fandoms,Other Media,3,4
534,Doctor Who & Related Fandoms,Other Media,4,5
759,Doctor Who & Related Fandoms,Other Media,5,6
575,Doctor Who & Related Fandoms,Other Media,6,7
530,Doctor Who & Related Fandoms,Other Media,7,8
607,Doctor Who & Related Fandoms,Other Media,8,9
451,Doctor Who & Related Fandoms,Other Media,9,10
457,Doctor Who & Related Fandoms,Other Media,10,11
495,Doctor Who & Related Fandoms,Other Media,11,12
535,Doctor Who & Related Fandoms,Other Media,12,13
468,Doctor Who & Related Fandoms,Other Media,13,14
507,Doctor Who & Related Fandoms,Other Media,14,15
451,Doctor Who & Related Fandoms,Other Media,15,16
522,Doctor Who & Related Fandoms,Other Media,16,17
593,Doctor Who & Related Fandoms,Other Media,17,18
461,Doctor Who & Related Fandoms,Other Media,18,19
524,Doctor Who & Related Fandoms,Other Media,19,20
664,Doctor Who & Related Fandoms,Other Media,20,21
599,Doctor Who & Related Fandoms,Other Media,21,22
658,Doctor Who & Related Fandoms,Other Media,22,23
742,Doctor Who & Related Fandoms,Other Media,23,24
902,Doctor Who & Related Fandoms,Other Media,24,25
632,Doctor Who & Related Fandoms,Other Media,25,26
636,Doctor Who & Related Fandoms,Other Media,26,27
621,Doctor Who & Related Fandoms,Other Media,27,28
615,Doctor Who & Related Fandoms,Other Media,28,29
569,Doctor Who & Related Fandoms,Other Media,29,30
522,Doctor Who & Related Fandoms,Other Media,30,31
487,Doctor Who & Related Fandoms,Other Media,31,32
517,Doctor Who & Related Fandoms,Other Media,32,33
506,Doctor Who & Related Fandoms,Other Media,33,34
541,Doctor Who & Related Fandoms,Other Media,34,35
612,Doctor Who & Related Fandoms,Other Media,35,36
2749,Star Wars - All Media Types,Other Media,0,1
1370,Star Wars - All Media Types,Other Media,1,2
1201,Star Wars - All Media Types,Other Media,2,3
1150,Star Wars - All Media Types,Other Media,3,4
1270,Star Wars - All Media Types,Other Media,4,5
1334,Star Wars - All Media Types,Other Media,5,6
1189,Star Wars - All Media Types,Other Media,6,7
1634,Star Wars - All Media Types,Other Media,7,8
1604,Star Wars - All Media Types,Other Media,8,9
1388,Star Wars - All Media Types,Other Media,9,10
1672,Star Wars - All Media Types,Other Media,10,11
2096,Star Wars - All Media Types,Other Media,11,12
2226,Star Wars - All Media Types,Other Media,12,13
1301,Star Wars - All Media Types,Other Media,13,14
1382,Star Wars - All Media Types,Other Media,14,15
1089,Star Wars - All Media Types,Other Media,15,16
1278,Star Wars - All Media Types,Other Media,16,17
1378,Star Wars - All Media Types,Other Media,17,18
1447,Star Wars - All Media Types,Other Media,18,19
1818,Star Wars - All Media Types,Other Media,19,20
1938,Star Wars - All Media Types,Other Media,20,21
1937,Star Wars - All Media Types,Other Media,21,22
2342,Star Wars - All Media Types,Other Media,22,23
3240,Star Wars - All Media Types,Other Media,23,24
1432,Star Wars - All Media Types,Other Media,24,25
239,Star Wars - All Media Types,Other Media,25,26
182,Star Wars - All Media Types,Other Media,26,27
142,Star Wars - All Media Types,Other Media,27,28
186,Star Wars - All Media Types,Other Media,28,29
159,Star Wars - All Media Types,Other Media,29,30
207,Star Wars - All Media Types,Other Media,30,31
209,Star Wars - All Media Types,Other Media,31,32
170,Star Wars - All Media Types,Other Media,32,33
208,Star Wars - All Media Types,Other Media,33,34
195,Star Wars - All Media Types,Other Media,34,35
161,Star Wars - All Media Types,Other Media,35,36
1557,Video Blogging RPF,Other Media,0,1
919,Video Blogging RPF,Other Media,1,2
1123,Video Blogging RPF,Other Media,2,3
1029,Video Blogging RPF,Other Media,3,4
971,Video Blogging RPF,Other Media,4,5
1066,Video Blogging RPF,Other Media,5,6
1039,Video Blogging RPF,Other Media,6,7
803,Video Blogging RPF,Other Media,7,8
993,Video Blogging RPF,Other Media,8,9
875,Video Blogging RPF,Other Media,9,10
822,Video Blogging RPF,Other Media,10,11
934,Video Blogging RPF,Other Media,11,12
1098,Video Blogging RPF,Other Media,12,13
812,Video Blogging RPF,Other Media,13,14
951,Video Blogging RPF,Other Media,14,15
695,Video Blogging RPF,Other Media,15,16
1006,Video Blogging RPF,Other Media,16,17
1130,Video Blogging RPF,Other Media,17,18
958,Video Blogging RPF,Other Media,18,19
782,Video Blogging RPF,Other Media,19,20
883,Video Blogging RPF,Other Media,20,21
829,Video Blogging RPF,Other Media,21,22
782,Video Blogging RPF,Other Media,22,23
818,Video Blogging RPF,Other Media,23,24
1055,Video Blogging RPF,Other Media,24,25
936,Video Blogging RPF,Other Media,25,26
886,Video Blogging RPF,Other Media,26,27
737,Video Blogging RPF,Other Media,27,28
952,Video Blogging RPF,Other Media,28,29
779,Video Blogging RPF,Other Media,29,30
762,Video Blogging RPF,Other Media,30,31
648,Video Blogging RPF,Other Media,31,32
718,Video Blogging RPF,Other Media,32,33
683,Video Blogging RPF,Other Media,33,34
634,Video Blogging RPF,Other Media,34,35
552,Video Blogging RPF,Other Media,35,36
268,MS Paint Adventures,Other Media,0,1
198,MS Paint Adventures,Other Media,1,2
307,MS Paint Adventures,Other Media,2,3
242,MS Paint Adventures,Other Media,3,4
239,MS Paint Adventures,Other Media,4,5
325,MS Paint Adventures,Other Media,5,6
246,MS Paint Adventures,Other Media,6,7
251,MS Paint Adventures,Other Media,7,8
258,MS Paint Adventures,Other Media,8,9
219,MS Paint Adventures,Other Media,9,10
216,MS Paint Adventures,Other Media,10,11
270,MS Paint Adventures,Other Media,11,12
297,MS Paint Adventures,Other Media,12,13
265,MS Paint Adventures,Other Media,13,14
278,MS Paint Adventures,Other Media,14,15
274,MS Paint Adventures,Other Media,15,16
337,MS Paint Adventures,Other Media,16,17
528,MS Paint Adventures,Other Media,17,18
361,MS Paint Adventures,Other Media,18,19
478,MS Paint Adventures,Other Media,19,20
494,MS Paint Adventures,Other Media,20,21
304,MS Paint Adventures,Other Media,21,22
283,MS Paint Adventures,Other Media,22,23
374,MS Paint Adventures,Other Media,23,24
363,MS Paint Adventures,Other Media,24,25
282,MS Paint Adventures,Other Media,25,26
291,MS Paint Adventures,Other Media,26,27
302,MS Paint Adventures,Other Media,27,28
399,MS Paint Adventures,Other Media,28,29
503,MS Paint Adventures,Other Media,29,30
453,MS Paint Adventures,Other Media,30,31
425,MS Paint Adventures,Other Media,31,32
436,MS Paint Adventures,Other Media,32,33
467,MS Paint Adventures,Other Media,33,34
399,MS Paint Adventures,Other Media,34,35
591,MS Paint Adventures,Other Media,35,36
268,Homestuck,Other Media,0,1
198,Homestuck,Other Media,1,2
307,Homestuck,Other Media,2,3
241,Homestuck,Other Media,3,4
239,Homestuck,Other Media,4,5
325,Homestuck,Other Media,5,6
245,Homestuck,Other Media,6,7
251,Homestuck,Other Media,7,8
258,Homestuck,Other Media,8,9
218,Homestuck,Other Media,9,10
216,Homestuck,Other Media,10,11
270,Homestuck,Other Media,11,12
297,Homestuck,Other Media,12,13
265,Homestuck,Other Media,13,14
278,Homestuck,Other Media,14,15
273,Homestuck,Other Media,15,16
337,Homestuck,Other Media,16,17
528,Homestuck,Other Media,17,18
359,Homestuck,Other Media,18,19
477,Homestuck,Other Media,19,20
492,Homestuck,Other Media,20,21
304,Homestuck,Other Media,21,22
283,Homestuck,Other Media,22,23
373,Homestuck,Other Media,23,24
362,Homestuck,Other Media,24,25
280,Homestuck,Other Media,25,26
291,Homestuck,Other Media,26,27
300,Homestuck,Other Media,27,28
399,Homestuck,Other Media,28,29
503,Homestuck,Other Media,29,30
451,Homestuck,Other Media,30,31
424,Homestuck,Other Media,31,32
436,Homestuck,Other Media,32,33
466,Homestuck,Other Media,33,34
398,Homestuck,Other Media,34,35
590,Homestuck,Other Media,35,36
548,Music RPF,Other Media,0,1
414,Music RPF,Other Media,1,2
557,Music RPF,Other Media,2,3
408,Music RPF,Other Media,3,4
561,Music RPF,Other Media,4,5
506,Music RPF,Other Media,5,6
453,Music RPF,Other Media,6,7
427,Music RPF,Other Media,7,8
453,Music RPF,Other Media,8,9
477,Music RPF,Other Media,9,10
422,Music RPF,Other Media,10,11
475,Music RPF,Other Media,11,12
513,Music RPF,Other Media,12,13
408,Music RPF,Other Media,13,14
525,Music RPF,Other Media,14,15
400,Music RPF,Other Media,15,16
576,Music RPF,Other Media,16,17
595,Music RPF,Other Media,17,18
495,Music RPF,Other Media,18,19
561,Music RPF,Other Media,19,20
499,Music RPF,Other Media,20,21
494,Music RPF,Other Media,21,22
521,Music RPF,Other Media,22,23
553,Music RPF,Other Media,23,24
529,Music RPF,Other Media,24,25
387,Music RPF,Other Media,25,26
422,Music RPF,Other Media,26,27
445,Music RPF,Other Media,27,28
490,Music RPF,Other Media,28,29
490,Music RPF,Other Media,29,30
426,Music RPF,Other Media,30,31
428,Music RPF,Other Media,31,32
404,Music RPF,Other Media,32,33
393,Music RPF,Other Media,33,34
327,Music RPF,Other Media,34,35
442,Music RPF,Other Media,35,36
832,Original Work,Other Media,0,1
901,Original Work,Other Media,1,2
874,Original Work,Other Media,2,3
653,Original Work,Other Media,3,4
735,Original Work,Other Media,4,5
792,Original Work,Other Media,5,6
721,Original Work,Other Media,6,7
684,Original Work,Other Media,7,8
759,Original Work,Other Media,8,9
650,Original Work,Other Media,9,10
663,Original Work,Other Media,10,11
705,Original Work,Other Media,11,12
876,Original Work,Other Media,12,13
594,Original Work,Other Media,13,14
690,Original Work,Other Media,14,15
563,Original Work,Other Media,15,16
494,Original Work,Other Media,16,17
548,Original Work,Other Media,17,18
541,Original Work,Other Media,18,19
456,Original Work,Other Media,19,20
503,Original Work,Other Media,20,21
496,Original Work,Other Media,21,22
459,Original Work,Other Media,22,23
422,Original Work,Other Media,23,24
387,Original Work,Other Media,24,25
400,Original Work,Other Media,25,26
387,Original Work,Other Media,26,27
303,Original Work,Other Media,27,28
393,Original Work,Other Media,28,29
358,Original Work,Other Media,29,30
355,Original Work,Other Media,30,31
347,Original Work,Other Media,31,32
285,Original Work,Other Media,32,33
415,Original Work,Other Media,33,34
287,Original Work,Other Media,34,35
286,Original Work,Other Media,35,36
212,Star Trek: Alternate Original Series (Movies),Other Media,0,1
142,Star Trek: Alternate Original Series (Movies),Other Media,1,2
212,Star Trek: Alternate Original Series (Movies),Other Media,2,3
271,Star Trek: Alternate Original Series (Movies),Other Media,3,4
273,Star Trek: Alternate Original Series (Movies),Other Media,4,5
323,Star Trek: Alternate Original Series (Movies),Other Media,5,6
251,Star Trek: Alternate Original Series (Movies),Other Media,6,7
233,Star Trek: Alternate Original Series (Movies),Other Media,7,8
280,Star Trek: Alternate Original Series (Movies),Other Media,8,9
248,Star Trek: Alternate Original Series (Movies),Other Media,9,10
217,Star Trek: Alternate Original Series (Movies),Other Media,10,11
260,Star Trek: Alternate Original Series (Movies),Other Media,11,12
272,Star Trek: Alternate Original Series (Movies),Other Media,12,13
242,Star Trek: Alternate Original Series (Movies),Other Media,13,14
275,Star Trek: Alternate Original Series (Movies),Other Media,14,15
419,Star Trek: Alternate Original Series (Movies),Other Media,15,16
511,Star Trek: Alternate Original Series (Movies),Other Media,16,17
342,Star Trek: Alternate Original Series (Movies),Other Media,17,18
152,Star Trek: Alternate Original Series (Movies),Other Media,18,19
158,Star Trek: Alternate Original Series (Movies),Other Media,19,20
162,Star Trek: Alternate Original Series (Movies),Other Media,20,21
139,Star Trek: Alternate Original Series (Movies),Other Media,21,22
171,Star Trek: Alternate Original Series (Movies),Other Media,22,23
197,Star Trek: Alternate Original Series (Movies),Other Media,23,24
183,Star Trek: Alternate Original Series (Movies),Other Media,24,25
110,Star Trek: Alternate Original Series (Movies),Other Media,25,26
122,Star Trek: Alternate Original Series (Movies),Other Media,26,27
104,Star Trek: Alternate Original Series (Movies),Other Media,27,28
176,Star Trek: Alternate Original Series (Movies),Other Media,28,29
159,Star Trek: Alternate Original Series (Movies),Other Media,29,30
134,Star Trek: Alternate Original Series (Movies),Other Media,30,31
127,Star Trek: Alternate Original Series (Movies),Other Media,31,32
145,Star Trek: Alternate Original Series (Movies),Other Media,32,33
146,Star Trek: Alternate Original Series (Movies),Other Media,33,34
187,Star Trek: Alternate Original Series (Movies),Other Media,34,35
160,Star Trek: Alternate Original Series (Movies),Other Media,35,36
189,Rooster Teeth/Achievement Hunter RPF,Other Media,0,1
123,Rooster Teeth/Achievement Hunter RPF,Other Media,1,2
147,Rooster Teeth/Achievement Hunter RPF,Other Media,2,3
120,Rooster Teeth/Achievement Hunter RPF,Other Media,3,4
141,Rooster Teeth/Achievement Hunter RPF,Other Media,4,5
171,Rooster Teeth/Achievement Hunter RPF,Other Media,5,6
180,Rooster Teeth/Achievement Hunter RPF,Other Media,6,7
131,Rooster Teeth/Achievement Hunter RPF,Other Media,7,8
111,Rooster Teeth/Achievement Hunter RPF,Other Media,8,9
132,Rooster Teeth/Achievement Hunter RPF,Other Media,9,10
192,Rooster Teeth/Achievement Hunter RPF,Other Media,10,11
219,Rooster Teeth/Achievement Hunter RPF,Other Media,11,12
227,Rooster Teeth/Achievement Hunter RPF,Other Media,12,13
138,Rooster Teeth/Achievement Hunter RPF,Other Media,13,14
171,Rooster Teeth/Achievement Hunter RPF,Other Media,14,15
130,Rooster Teeth/Achievement Hunter RPF,Other Media,15,16
215,Rooster Teeth/Achievement Hunter RPF,Other Media,16,17
200,Rooster Teeth/Achievement Hunter RPF,Other Media,17,18
193,Rooster Teeth/Achievement Hunter RPF,Other Media,18,19
197,Rooster Teeth/Achievement Hunter RPF,Other Media,19,20
200,Rooster Teeth/Achievement Hunter RPF,Other Media,20,21
175,Rooster Teeth/Achievement Hunter RPF,Other Media,21,22
215,Rooster Teeth/Achievement Hunter RPF,Other Media,22,23
203,Rooster Teeth/Achievement Hunter RPF,Other Media,23,24
255,Rooster Teeth/Achievement Hunter RPF,Other Media,24,25
236,Rooster Teeth/Achievement Hunter RPF,Other Media,25,26
251,Rooster Teeth/Achievement Hunter RPF,Other Media,26,27
250,Rooster Teeth/Achievement Hunter RPF,Other Media,27,28
279,Rooster Teeth/Achievement Hunter RPF,Other Media,28,29
264,Rooster Teeth/Achievement Hunter RPF,Other Media,29,30
241,Rooster Teeth/Achievement Hunter RPF,Other Media,30,31
219,Rooster Teeth/Achievement Hunter RPF,Other Media,31,32
261,Rooster Teeth/Achievement Hunter RPF,Other Media,32,33
285,Rooster Teeth/Achievement Hunter RPF,Other Media,33,34
293,Rooster Teeth/Achievement Hunter RPF,Other Media,34,35
291,Rooster Teeth/Achievement Hunter RPF,Other Media,35,36
530,Phandom/The Fantastic Foursome (YouTube RPF),Other Media,0,1
267,Phandom/The Fantastic Foursome (YouTube RPF),Other Media,1,2
260,Phandom/The Fantastic Foursome (YouTube RPF),Other Media,2,3
260,Phandom/The Fantastic Foursome (YouTube RPF),Other Media,3,4
253,Phandom/The Fantastic Foursome (YouTube RPF),Other Media,4,5
324,Phandom/The Fantastic Foursome (YouTube RPF),Other Media,5,6
293,Phandom/The Fantastic Foursome (YouTube RPF),Other Media,6,7
223,Phandom/The Fantastic Foursome (YouTube RPF),Other Media,7,8
302,Phandom/The Fantastic Foursome (YouTube RPF),Other Media,8,9
292,Phandom/The Fantastic Foursome (YouTube RPF),Other Media,9,10
277,Phandom/The Fantastic Foursome (YouTube RPF),Other Media,10,11
319,Phandom/The Fantastic Foursome (YouTube RPF),Other Media,11,12
396,Phandom/The Fantastic Foursome (YouTube RPF),Other Media,12,13
268,Phandom/The Fantastic Foursome (YouTube RPF),Other Media,13,14
227,Phandom/The Fantastic Foursome (YouTube RPF),Other Media,14,15
204,Phandom/The Fantastic Foursome (YouTube RPF),Other Media,15,16
353,Phandom/The Fantastic Foursome (YouTube RPF),Other Media,16,17
313,Phandom/The Fantastic Foursome (YouTube RPF),Other Media,17,18
304,Phandom/The Fantastic Foursome (YouTube RPF),Other Media,18,19
229,Phandom/The Fantastic Foursome (YouTube RPF),Other Media,19,20
274,Phandom/The Fantastic Foursome (YouTube RPF),Other Media,20,21
229,Phandom/The Fantastic Foursome (YouTube RPF),Other Media,21,22
234,Phandom/The Fantastic Foursome (YouTube RPF),Other Media,22,23
277,Phandom/The Fantastic Foursome (YouTube RPF),Other Media,23,24
387,Phandom/The Fantastic Foursome (YouTube RPF),Other Media,24,25
310,Phandom/The Fantastic Foursome (YouTube RPF),Other Media,25,26
287,Phandom/The Fantastic Foursome (YouTube RPF),Other Media,26,27
196,Phandom/The Fantastic Foursome (YouTube RPF),Other Media,27,28
268,Phandom/The Fantastic Foursome (YouTube RPF),Other Media,28,29
202,Phandom/The Fantastic Foursome (YouTube RPF),Other Media,29,30
238,Phandom/The Fantastic Foursome (YouTube RPF),Other Media,30,31
158,Phandom/The Fantastic Foursome (YouTube RPF),Other Media,31,32
199,Phandom/The Fantastic Foursome (YouTube RPF),Other Media,32,33
166,Phandom/The Fantastic Foursome (YouTube RPF),Other Media,33,34
105,Phandom/The Fantastic Foursome (YouTube RPF),Other Media,34,35
88,Phandom/The Fantastic Foursome (YouTube RPF),Other Media,35,36
129,Star Trek: The Original Series,Other Media,0,1
112,Star Trek: The Original Series,Other Media,1,2
129,Star Trek: The Original Series,Other Media,2,3
172,Star Trek: The Original Series,Other Media,3,4
193,Star Trek: The Original Series,Other Media,4,5
172,Star Trek: The Original Series,Other Media,5,6
130,Star Trek: The Original Series,Other Media,6,7
143,Star Trek: The Original Series,Other Media,7,8
173,Star Trek: The Original Series,Other Media,8,9
170,Star Trek: The Original Series,Other Media,9,10
92,Star Trek: The Original Series,Other Media,10,11
140,Star Trek: The Original Series,Other Media,11,12
120,Star Trek: The Original Series,Other Media,12,13
109,Star Trek: The Original Series,Other Media,13,14
114,Star Trek: The Original Series,Other Media,14,15
138,Star Trek: The Original Series,Other Media,15,16
128,Star Trek: The Original Series,Other Media,16,17
69,Star Trek: The Original Series,Other Media,17,18
54,Star Trek: The Original Series,Other Media,18,19
52,Star Trek: The Original Series,Other Media,19,20
69,Star Trek: The Original Series,Other Media,20,21
54,Star Trek: The Original Series,Other Media,21,22
91,Star Trek: The Original Series,Other Media,22,23
124,Star Trek: The Original Series,Other Media,23,24
97,Star Trek: The Original Series,Other Media,24,25
99,Star Trek: The Original Series,Other Media,25,26
63,Star Trek: The Original Series,Other Media,26,27
67,Star Trek: The Original Series,Other Media,27,28
92,Star Trek: The Original Series,Other Media,28,29
115,Star Trek: The Original Series,Other Media,29,30
120,Star Trek: The Original Series,Other Media,30,31
64,Star Trek: The Original Series,Other Media,31,32
81,Star Trek: The Original Series,Other Media,32,33
91,Star Trek: The Original Series,Other Media,33,34
120,Star Trek: The Original Series,Other Media,34,35
102,Star Trek: The Original Series,Other Media,35,36
232,Professional Wrestling,Other Media,0,1
175,Professional Wrestling,Other Media,1,2
172,Professional Wrestling,Other Media,2,3
152,Professional Wrestling,Other Media,3,4
206,Professional Wrestling,Other Media,4,5
167,Professional Wrestling,Other Media,5,6
164,Professional Wrestling,Other Media,6,7
121,Professional Wrestling,Other Media,7,8
152,Professional Wrestling,Other Media,8,9
116,Professional Wrestling,Other Media,9,10
147,Professional Wrestling,Other Media,10,11
127,Professional Wrestling,Other Media,11,12
162,Professional Wrestling,Other Media,12,13
264,Professional Wrestling,Other Media,13,14
174,Professional Wrestling,Other Media,14,15
180,Professional Wrestling,Other Media,15,16
243,Professional Wrestling,Other Media,16,17
244,Professional Wrestling,Other Media,17,18
206,Professional Wrestling,Other Media,18,19
200,Professional Wrestling,Other Media,19,20
157,Professional Wrestling,Other Media,20,21
147,Professional Wrestling,Other Media,21,22
144,Professional Wrestling,Other Media,22,23
90,Professional Wrestling,Other Media,23,24
116,Professional Wrestling,Other Media,24,25
156,Professional Wrestling,Other Media,25,26
75,Professional Wrestling,Other Media,26,27
98,Professional Wrestling,Other Media,27,28
102,Professional Wrestling,Other Media,28,29
74,Professional Wrestling,Other Media,29,30
80,Professional Wrestling,Other Media,30,31
75,Professional Wrestling,Other Media,31,32
69,Professional Wrestling,Other Media,32,33
62,Professional Wrestling,Other Media,33,34
64,Professional Wrestling,Other Media,34,35
73,Professional Wrestling,Other Media,35,36
99,Red vs. Blue,Other Media,0,1
101,Red vs. Blue,Other Media,1,2
74,Red vs. Blue,Other Media,2,3
66,Red vs. Blue,Other Media,3,4
116,Red vs. Blue,Other Media,4,5
88,Red vs. Blue,Other Media,5,6
168,Red vs. Blue,Other Media,6,7
94,Red vs. Blue,Other Media,7,8
116,Red vs. Blue,Other Media,8,9
92,Red vs. Blue,Other Media,9,10
81,Red vs. Blue,Other Media,10,11
76,Red vs. Blue,Other Media,11,12
97,Red vs. Blue,Other Media,12,13
66,Red vs. Blue,Other Media,13,14
110,Red vs. Blue,Other Media,14,15
111,Red vs. Blue,Other Media,15,16
115,Red vs. Blue,Other Media,16,17
115,Red vs. Blue,Other Media,17,18
77,Red vs. Blue,Other Media,18,19
99,Red vs. Blue,Other Media,19,20
149,Red vs. Blue,Other Media,20,21
122,Red vs. Blue,Other Media,21,22
121,Red vs. Blue,Other Media,22,23
97,Red vs. Blue,Other Media,23,24
100,Red vs. Blue,Other Media,24,25
104,Red vs. Blue,Other Media,25,26
161,Red vs. Blue,Other Media,26,27
239,Red vs. Blue,Other Media,27,28
172,Red vs. Blue,Other Media,28,29
159,Red vs. Blue,Other Media,29,30
157,Red vs. Blue,Other Media,30,31
175,Red vs. Blue,Other Media,31,32
162,Red vs. Blue,Other Media,32,33
144,Red vs. Blue,Other Media,33,34
99,Red vs. Blue,Other Media,34,35
68,Red vs. Blue,Other Media,35,36
221,World Wrestling Entertainment,Other Media,0,1
161,World Wrestling Entertainment,Other Media,1,2
154,World Wrestling Entertainment,Other Media,2,3
140,World Wrestling Entertainment,Other Media,3,4
167,World Wrestling Entertainment,Other Media,4,5
131,World Wrestling Entertainment,Other Media,5,6
140,World Wrestling Entertainment,Other Media,6,7
98,World Wrestling Entertainment,Other Media,7,8
138,World Wrestling Entertainment,Other Media,8,9
105,World Wrestling Entertainment,Other Media,9,10
135,World Wrestling Entertainment,Other Media,10,11
120,World Wrestling Entertainment,Other Media,11,12
153,World Wrestling Entertainment,Other Media,12,13
260,World Wrestling Entertainment,Other Media,13,14
164,World Wrestling Entertainment,Other Media,14,15
165,World Wrestling Entertainment,Other Media,15,16
234,World Wrestling Entertainment,Other Media,16,17
234,World Wrestling Entertainment,Other Media,17,18
189,World Wrestling Entertainment,Other Media,18,19
187,World Wrestling Entertainment,Other Media,19,20
141,World Wrestling Entertainment,Other Media,20,21
134,World Wrestling Entertainment,Other Media,21,22
125,World Wrestling Entertainment,Other Media,22,23
85,World Wrestling Entertainment,Other Media,23,24
103,World Wrestling Entertainment,Other Media,24,25
139,World Wrestling Entertainment,Other Media,25,26
70,World Wrestling Entertainment,Other Media,26,27
91,World Wrestling Entertainment,Other Media,27,28
94,World Wrestling Entertainment,Other Media,28,29
67,World Wrestling Entertainment,Other Media,29,30
76,World Wrestling Entertainment,Other Media,30,31
70,World Wrestling Entertainment,Other Media,31,32
65,World Wrestling Entertainment,Other Media,32,33
58,World Wrestling Entertainment,Other Media,33,34
57,World Wrestling Entertainment,Other Media,34,35
66,World Wrestling Entertainment,Other Media,35,36
22,Welcome to Night Vale,Other Media,0,1
31,Welcome to Night Vale,Other Media,1,2
14,Welcome to Night Vale,Other Media,2,3
23,Welcome to Night Vale,Other Media,3,4
23,Welcome to Night Vale,Other Media,4,5
31,Welcome to Night Vale,Other Media,5,6
26,Welcome to Night Vale,Other Media,6,7
44,Welcome to Night Vale,Other Media,7,8
32,Welcome to Night Vale,Other Media,8,9
23,Welcome to Night Vale,Other Media,9,10
34,Welcome to Night Vale,Other Media,10,11
35,Welcome to Night Vale,Other Media,11,12
34,Welcome to Night Vale,Other Media,12,13
45,Welcome to Night Vale,Other Media,13,14
38,Welcome to Night Vale,Other Media,14,15
28,Welcome to Night Vale,Other Media,15,16
29,Welcome to Night Vale,Other Media,16,17
41,Welcome to Night Vale,Other Media,17,18
42,Welcome to Night Vale,Other Media,18,19
54,Welcome to Night Vale,Other Media,19,20
42,Welcome to Night Vale,Other Media,20,21
57,Welcome to Night Vale,Other Media,21,22
42,Welcome to Night Vale,Other Media,22,23
50,Welcome to Night Vale,Other Media,23,24
72,Welcome to Night Vale,Other Media,24,25
59,Welcome to Night Vale,Other Media,25,26
125,Welcome to Night Vale,Other Media,26,27
86,Welcome to Night Vale,Other Media,27,28
71,Welcome to Night Vale,Other Media,28,29
82,Welcome to Night Vale,Other Media,29,30
100,Welcome to Night Vale,Other Media,30,31
111,Welcome to Night Vale,Other Media,31,32
79,Welcome to Night Vale,Other Media,32,33
100,Welcome to Night Vale,Other Media,33,34
87,Welcome to Night Vale,Other Media,34,35
86,Welcome to Night Vale,Other Media,35,36
35,Carmilla - All Media Types,Other Media,0,1
49,Carmilla - All Media Types,Other Media,1,2
57,Carmilla - All Media Types,Other Media,2,3
39,Carmilla - All Media Types,Other Media,3,4
40,Carmilla - All Media Types,Other Media,4,5
47,Carmilla - All Media Types,Other Media,5,6
39,Carmilla - All Media Types,Other Media,6,7
33,Carmilla - All Media Types,Other Media,7,8
27,Carmilla - All Media Types,Other Media,8,9
33,Carmilla - All Media Types,Other Media,9,10
51,Carmilla - All Media Types,Other Media,10,11
38,Carmilla - All Media Types,Other Media,11,12
57,Carmilla - All Media Types,Other Media,12,13
60,Carmilla - All Media Types,Other Media,13,14
115,Carmilla - All Media Types,Other Media,14,15
99,Carmilla - All Media Types,Other Media,15,16
67,Carmilla - All Media Types,Other Media,16,17
33,Carmilla - All Media Types,Other Media,17,18
47,Carmilla - All Media Types,Other Media,18,19
44,Carmilla - All Media Types,Other Media,19,20
40,Carmilla - All Media Types,Other Media,20,21
63,Carmilla - All Media Types,Other Media,21,22
71,Carmilla - All Media Types,Other Media,22,23
98,Carmilla - All Media Types,Other Media,23,24
168,Carmilla - All Media Types,Other Media,24,25
123,Carmilla - All Media Types,Other Media,25,26
207,Carmilla - All Media Types,Other Media,26,27
230,Carmilla - All Media Types,Other Media,27,28
238,Carmilla - All Media Types,Other Media,28,29
236,Carmilla - All Media Types,Other Media,29,30
258,Carmilla - All Media Types,Other Media,30,31
162,Carmilla - All Media Types,Other Media,31,32
89,Carmilla - All Media Types,Other Media,32,33
131,Carmilla - All Media Types,Other Media,33,34
224,Carmilla - All Media Types,Other Media,34,35
348,Carmilla - All Media Types,Other Media,35,36
75,Assassin's Creed - All Media Types,Other Media,0,1
96,Assassin's Creed - All Media Types,Other Media,1,2
69,Assassin's Creed - All Media Types,Other Media,2,3
55,Assassin's Creed - All Media Types,Other Media,3,4
70,Assassin's Creed - All Media Types,Other Media,4,5
112,Assassin's Creed - All Media Types,Other Media,5,6
71,Assassin's Creed - All Media Types,Other Media,6,7
68,Assassin's Creed - All Media Types,Other Media,7,8
81,Assassin's Creed - All Media Types,Other Media,8,9
68,Assassin's Creed - All Media Types,Other Media,9,10
59,Assassin's Creed - All Media Types,Other Media,10,11
112,Assassin's Creed - All Media Types,Other Media,11,12
58,Assassin's Creed - All Media Types,Other Media,12,13
37,Assassin's Creed - All Media Types,Other Media,13,14
68,Assassin's Creed - All Media Types,Other Media,14,15
58,Assassin's Creed - All Media Types,Other Media,15,16
58,Assassin's Creed - All Media Types,Other Media,16,17
80,Assassin's Creed - All Media Types,Other Media,17,18
71,Assassin's Creed - All Media Types,Other Media,18,19
69,Assassin's Creed - All Media Types,Other Media,19,20
85,Assassin's Creed - All Media Types,Other Media,20,21
95,Assassin's Creed - All Media Types,Other Media,21,22
91,Assassin's Creed - All Media Types,Other Media,22,23
108,Assassin's Creed - All Media Types,Other Media,23,24
155,Assassin's Creed - All Media Types,Other Media,24,25
69,Assassin's Creed - All Media Types,Other Media,25,26
63,Assassin's Creed - All Media Types,Other Media,26,27
53,Assassin's Creed - All Media Types,Other Media,27,28
70,Assassin's Creed - All Media Types,Other Media,28,29
68,Assassin's Creed - All Media Types,Other Media,29,30
70,Assassin's Creed - All Media Types,Other Media,30,31
64,Assassin's Creed - All Media Types,Other Media,31,32
42,Assassin's Creed - All Media Types,Other Media,32,33
57,Assassin's Creed - All Media Types,Other Media,33,34
54,Assassin's Creed - All Media Types,Other Media,34,35
89,Assassin's Creed - All Media Types,Other Media,35,36
35,Carmilla (Web Series),Other Media,0,1
48,Carmilla (Web Series),Other Media,1,2
55,Carmilla (Web Series),Other Media,2,3
39,Carmilla (Web Series),Other Media,3,4
36,Carmilla (Web Series),Other Media,4,5
44,Carmilla (Web Series),Other Media,5,6
34,Carmilla (Web Series),Other Media,6,7
30,Carmilla (Web Series),Other Media,7,8
24,Carmilla (Web Series),Other Media,8,9
30,Carmilla (Web Series),Other Media,9,10
45,Carmilla (Web Series),Other Media,10,11
32,Carmilla (Web Series),Other Media,11,12
51,Carmilla (Web Series),Other Media,12,13
53,Carmilla (Web Series),Other Media,13,14
106,Carmilla (Web Series),Other Media,14,15
94,Carmilla (Web Series),Other Media,15,16
61,Carmilla (Web Series),Other Media,16,17
33,Carmilla (Web Series),Other Media,17,18
44,Carmilla (Web Series),Other Media,18,19
39,Carmilla (Web Series),Other Media,19,20
35,Carmilla (Web Series),Other Media,20,21
57,Carmilla (Web Series),Other Media,21,22
65,Carmilla (Web Series),Other Media,22,23
92,Carmilla (Web Series),Other Media,23,24
154,Carmilla (Web Series),Other Media,24,25
119,Carmilla (Web Series),Other Media,25,26
205,Carmilla (Web Series),Other Media,26,27
227,Carmilla (Web Series),Other Media,27,28
234,Carmilla (Web Series),Other Media,28,29
235,Carmilla (Web Series),Other Media,29,30
257,Carmilla (Web Series),Other Media,30,31
161,Carmilla (Web Series),Other Media,31,32
86,Carmilla (Web Series),Other Media,32,33
132,Carmilla (Web Series),Other Media,33,34
223,Carmilla (Web Series),Other Media,34,35
345,Carmilla (Web Series),Other Media,35,36
195,Dungeons & Dragons - All Media Types,Other Media,0,1
73,Dungeons & Dragons - All Media Types,Other Media,1,2
143,Dungeons & Dragons - All Media Types,Other Media,2,3
132,Dungeons & Dragons - All Media Types,Other Media,3,4
115,Dungeons & Dragons - All Media Types,Other Media,4,5
106,Dungeons & Dragons - All Media Types,Other Media,5,6
149,Dungeons & Dragons - All Media Types,Other Media,6,7
102,Dungeons & Dragons - All Media Types,Other Media,7,8
112,Dungeons & Dragons - All Media Types,Other Media,8,9
148,Dungeons & Dragons - All Media Types,Other Media,9,10
272,Dungeons & Dragons - All Media Types,Other Media,10,11
196,Dungeons & Dragons - All Media Types,Other Media,11,12
222,Dungeons & Dragons - All Media Types,Other Media,12,13
166,Dungeons & Dragons - All Media Types,Other Media,13,14
168,Dungeons & Dragons - All Media Types,Other Media,14,15
164,Dungeons & Dragons - All Media Types,Other Media,15,16
146,Dungeons & Dragons - All Media Types,Other Media,16,17
141,Dungeons & Dragons - All Media Types,Other Media,17,18
77,Dungeons & Dragons - All Media Types,Other Media,18,19
61,Dungeons & Dragons - All Media Types,Other Media,19,20
63,Dungeons & Dragons - All Media Types,Other Media,20,21
65,Dungeons & Dragons - All Media Types,Other Media,21,22
46,Dungeons & Dragons - All Media Types,Other Media,22,23
23,Dungeons & Dragons - All Media Types,Other Media,23,24
37,Dungeons & Dragons - All Media Types,Other Media,24,25
29,Dungeons & Dragons - All Media Types,Other Media,25,26
18,Dungeons & Dragons - All Media Types,Other Media,26,27
13,Dungeons & Dragons - All Media Types,Other Media,27,28
8,Dungeons & Dragons - All Media Types,Other Media,28,29
9,Dungeons & Dragons - All Media Types,Other Media,29,30
13,Dungeons & Dragons - All Media Types,Other Media,30,31
17,Dungeons & Dragons - All Media Types,Other Media,31,32
8,Dungeons & Dragons - All Media Types,Other Media,32,33
7,Dungeons & Dragons - All Media Types,Other Media,33,34
8,Dungeons & Dragons - All Media Types,Other Media,34,35
9,Dungeons & Dragons - All Media Types,Other Media,35,36
90,Game Grumps,Other Media,0,1
70,Game Grumps,Other Media,1,2
71,Game Grumps,Other Media,2,3
88,Game Grumps,Other Media,3,4
84,Game Grumps,Other Media,4,5
62,Game Grumps,Other Media,5,6
67,Game Grumps,Other Media,6,7
55,Game Grumps,Other Media,7,8
64,Game Grumps,Other Media,8,9
50,Game Grumps,Other Media,9,10
56,Game Grumps,Other Media,10,11
65,Game Grumps,Other Media,11,12
95,Game Grumps,Other Media,12,13
74,Game Grumps,Other Media,13,14
95,Game Grumps,Other Media,14,15
99,Game Grumps,Other Media,15,16
95,Game Grumps,Other Media,16,17
141,Game Grumps,Other Media,17,18
132,Game Grumps,Other Media,18,19
70,Game Grumps,Other Media,19,20
110,Game Grumps,Other Media,20,21
79,Game Grumps,Other Media,21,22
58,Game Grumps,Other Media,22,23
63,Game Grumps,Other Media,23,24
53,Game Grumps,Other Media,24,25
64,Game Grumps,Other Media,25,26
64,Game Grumps,Other Media,26,27
48,Game Grumps,Other Media,27,28
58,Game Grumps,Other Media,28,29
40,Game Grumps,Other Media,29,30
24,Game Grumps,Other Media,30,31
20,Game Grumps,Other Media,31,32
23,Game Grumps,Other Media,32,33
24,Game Grumps,Other Media,33,34
31,Game Grumps,Other Media,34,35
26,Game Grumps,Other Media,35,36
349,The Adventure Zone (Podcast),Other Media,0,1
293,The Adventure Zone (Podcast),Other Media,1,2
263,The Adventure Zone (Podcast),Other Media,2,3
216,The Adventure Zone (Podcast),Other Media,3,4
315,The Adventure Zone (Podcast),Other Media,4,5
224,The Adventure Zone (Podcast),Other Media,5,6
173,The Adventure Zone (Podcast),Other Media,6,7
152,The Adventure Zone (Podcast),Other Media,7,8
217,The Adventure Zone (Podcast),Other Media,8,9
163,The Adventure Zone (Podcast),Other Media,9,10
128,The Adventure Zone (Podcast),Other Media,10,11
100,The Adventure Zone (Podcast),Other Media,11,12
94,The Adventure Zone (Podcast),Other Media,12,13
131,The Adventure Zone (Podcast),Other Media,13,14
55,The Adventure Zone (Podcast),Other Media,14,15
17,The Adventure Zone (Podcast),Other Media,15,16
9,The Adventure Zone (Podcast),Other Media,16,17
3,The Adventure Zone (Podcast),Other Media,17,18
3,The Adventure Zone (Podcast),Other Media,18,19
5,The Adventure Zone (Podcast),Other Media,19,20
2,The Adventure Zone (Podcast),Other Media,20,21
0,The Adventure Zone (Podcast),Other Media,21,22
0,The Adventure Zone (Podcast),Other Media,22,23
0,The Adventure Zone (Podcast),Other Media,23,24
0,The Adventure Zone (Podcast),Other Media,24,25
0,The Adventure Zone (Podcast),Other Media,25,26
0,The Adventure Zone (Podcast),Other Media,26,27
0,The Adventure Zone (Podcast),Other Media,27,28
0,The Adventure Zone (Podcast),Other Media,28,29
0,The Adventure Zone (Podcast),Other Media,29,30
0,The Adventure Zone (Podcast),Other Media,30,31
0,The Adventure Zone (Podcast),Other Media,31,32
0,The Adventure Zone (Podcast),Other Media,32,33
0,The Adventure Zone (Podcast),Other Media,33,34
0,The Adventure Zone (Podcast),Other Media,34,35
0,The Adventure Zone (Podcast),Other Media,35,36
15,Cabin Pressure,Other Media,0,1
22,Cabin Pressure,Other Media,1,2
28,Cabin Pressure,Other Media,2,3
16,Cabin Pressure,Other Media,3,4
21,Cabin Pressure,Other Media,4,5
26,Cabin Pressure,Other Media,5,6
12,Cabin Pressure,Other Media,6,7
26,Cabin Pressure,Other Media,7,8
31,Cabin Pressure,Other Media,8,9
32,Cabin Pressure,Other Media,9,10
19,Cabin Pressure,Other Media,10,11
29,Cabin Pressure,Other Media,11,12
31,Cabin Pressure,Other Media,12,13
17,Cabin Pressure,Other Media,13,14
10,Cabin Pressure,Other Media,14,15
36,Cabin Pressure,Other Media,15,16
24,Cabin Pressure,Other Media,16,17
23,Cabin Pressure,Other Media,17,18
18,Cabin Pressure,Other Media,18,19
27,Cabin Pressure,Other Media,19,20
25,Cabin Pressure,Other Media,20,21
20,Cabin Pressure,Other Media,21,22
29,Cabin Pressure,Other Media,22,23
45,Cabin Pressure,Other Media,23,24
47,Cabin Pressure,Other Media,24,25
24,Cabin Pressure,Other Media,25,26
32,Cabin Pressure,Other Media,26,27
39,Cabin Pressure,Other Media,27,28
41,Cabin Pressure,Other Media,28,29
33,Cabin Pressure,Other Media,29,30
38,Cabin Pressure,Other Media,30,31
41,Cabin Pressure,Other Media,31,32
33,Cabin Pressure,Other Media,32,33
51,Cabin Pressure,Other Media,33,34
69,Cabin Pressure,Other Media,34,35
51,Cabin Pressure,Other Media,35,36
18,The Yogscast,Other Media,0,1
14,The Yogscast,Other Media,1,2
13,The Yogscast,Other Media,2,3
17,The Yogscast,Other Media,3,4
22,The Yogscast,Other Media,4,5
16,The Yogscast,Other Media,5,6
34,The Yogscast,Other Media,6,7
13,The Yogscast,Other Media,7,8
7,The Yogscast,Other Media,8,9
21,The Yogscast,Other Media,9,10
17,The Yogscast,Other Media,10,11
22,The Yogscast,Other Media,11,12
39,The Yogscast,Other Media,12,13
19,The Yogscast,Other Media,13,14
42,The Yogscast,Other Media,14,15
28,The Yogscast,Other Media,15,16
47,The Yogscast,Other Media,16,17
52,The Yogscast,Other Media,17,18
38,The Yogscast,Other Media,18,19
38,The Yogscast,Other Media,19,20
35,The Yogscast,Other Media,20,21
64,The Yogscast,Other Media,21,22
54,The Yogscast,Other Media,22,23
65,The Yogscast,Other Media,23,24
85,The Yogscast,Other Media,24,25
81,The Yogscast,Other Media,25,26
65,The Yogscast,Other Media,26,27
88,The Yogscast,Other Media,27,28
73,The Yogscast,Other Media,28,29
54,The Yogscast,Other Media,29,30
79,The Yogscast,Other Media,30,31
65,The Yogscast,Other Media,31,32
63,The Yogscast,Other Media,32,33
92,The Yogscast,Other Media,33,34
120,The Yogscast,Other Media,34,35
85,The Yogscast,Other Media,35,36
79,Critical Role (Web Series),Other Media,0,1
36,Critical Role (Web Series),Other Media,1,2
104,Critical Role (Web Series),Other Media,2,3
93,Critical Role (Web Series),Other Media,3,4
76,Critical Role (Web Series),Other Media,4,5
80,Critical Role (Web Series),Other Media,5,6
116,Critical Role (Web Series),Other Media,6,7
76,Critical Role (Web Series),Other Media,7,8
86,Critical Role (Web Series),Other Media,8,9
101,Critical Role (Web Series),Other Media,9,10
154,Critical Role (Web Series),Other Media,10,11
139,Critical Role (Web Series),Other Media,11,12
196,Critical Role (Web Series),Other Media,12,13
152,Critical Role (Web Series),Other Media,13,14
147,Critical Role (Web Series),Other Media,14,15
152,Critical Role (Web Series),Other Media,15,16
131,Critical Role (Web Series),Other Media,16,17
126,Critical Role (Web Series),Other Media,17,18
69,Critical Role (Web Series),Other Media,18,19
50,Critical Role (Web Series),Other Media,19,20
44,Critical Role (Web Series),Other Media,20,21
61,Critical Role (Web Series),Other Media,21,22
37,Critical Role (Web Series),Other Media,22,23
16,Critical Role (Web Series),Other Media,23,24
26,Critical Role (Web Series),Other Media,24,25
25,Critical Role (Web Series),Other Media,25,26
10,Critical Role (Web Series),Other Media,26,27
4,Critical Role (Web Series),Other Media,27,28
1,Critical Role (Web Series),Other Media,28,29
0,Critical Role (Web Series),Other Media,29,30
1,Critical Role (Web Series),Other Media,30,31
1,Critical Role (Web Series),Other Media,31,32
0,Critical Role (Web Series),Other Media,32,33
0,Critical Role (Web Series),Other Media,33,34
0,Critical Role (Web Series),Other Media,34,35
0,Critical Role (Web Series),Other Media,35,36
50,Pop Music RPF,Other Media,0,1
45,Pop Music RPF,Other Media,1,2
48,Pop Music RPF,Other Media,2,3
31,Pop Music RPF,Other Media,3,4
55,Pop Music RPF,Other Media,4,5
37,Pop Music RPF,Other Media,5,6
14,Pop Music RPF,Other Media,6,7
27,Pop Music RPF,Other Media,7,8
28,Pop Music RPF,Other Media,8,9
30,Pop Music RPF,Other Media,9,10
22,Pop Music RPF,Other Media,10,11
15,Pop Music RPF,Other Media,11,12
42,Pop Music RPF,Other Media,12,13
13,Pop Music RPF,Other Media,13,14
23,Pop Music RPF,Other Media,14,15
17,Pop Music RPF,Other Media,15,16
61,Pop Music RPF,Other Media,16,17
39,Pop Music RPF,Other Media,17,18
27,Pop Music RPF,Other Media,18,19
24,Pop Music RPF,Other Media,19,20
31,Pop Music RPF,Other Media,20,21
38,Pop Music RPF,Other Media,21,22
35,Pop Music RPF,Other Media,22,23
28,Pop Music RPF,Other Media,23,24
38,Pop Music RPF,Other Media,24,25
17,Pop Music RPF,Other Media,25,26
31,Pop Music RPF,Other Media,26,27
24,Pop Music RPF,Other Media,27,28
25,Pop Music RPF,Other Media,28,29
31,Pop Music RPF,Other Media,29,30
22,Pop Music RPF,Other Media,30,31
20,Pop Music RPF,Other Media,31,32
21,Pop Music RPF,Other Media,32,33
36,Pop Music RPF,Other Media,33,34
26,Pop Music RPF,Other Media,34,35
48,Pop Music RPF,Other Media,35,36
36,Creepypasta - Fandom,Other Media,0,1
31,Creepypasta - Fandom,Other Media,1,2
50,Creepypasta - Fandom,Other Media,2,3
27,Creepypasta - Fandom,Other Media,3,4
34,Creepypasta - Fandom,Other Media,4,5
27,Creepypasta - Fandom,Other Media,5,6
18,Creepypasta - Fandom,Other Media,6,7
27,Creepypasta - Fandom,Other Media,7,8
29,Creepypasta - Fandom,Other Media,8,9
18,Creepypasta - Fandom,Other Media,9,10
16,Creepypasta - Fandom,Other Media,10,11
17,Creepypasta - Fandom,Other Media,11,12
15,Creepypasta - Fandom,Other Media,12,13
24,Creepypasta - Fandom,Other Media,13,14
23,Creepypasta - Fandom,Other Media,14,15
13,Creepypasta - Fandom,Other Media,15,16
32,Creepypasta - Fandom,Other Media,16,17
42,Creepypasta - Fandom,Other Media,17,18
24,Creepypasta - Fandom,Other Media,18,19
11,Creepypasta - Fandom,Other Media,19,20
12,Creepypasta - Fandom,Other Media,20,21
18,Creepypasta - Fandom,Other Media,21,22
37,Creepypasta - Fandom,Other Media,22,23
20,Creepypasta - Fandom,Other Media,23,24
18,Creepypasta - Fandom,Other Media,24,25
23,Creepypasta - Fandom,Other Media,25,26
31,Creepypasta - Fandom,Other Media,26,27
38,Creepypasta - Fandom,Other Media,27,28
22,Creepypasta - Fandom,Other Media,28,29
19,Creepypasta - Fandom,Other Media,29,30
40,Creepypasta - Fandom,Other Media,30,31
32,Creepypasta - Fandom,Other Media,31,32
24,Creepypasta - Fandom,Other Media,32,33
29,Creepypasta - Fandom,Other Media,33,34
18,Creepypasta - Fandom,Other Media,34,35
19,Creepypasta - Fandom,Other Media,35,36
86,Rhett & Link,Other Media,0,1
27,Rhett & Link,Other Media,1,2
66,Rhett & Link,Other Media,2,3
76,Rhett & Link,Other Media,3,4
59,Rhett & Link,Other Media,4,5
50,Rhett & Link,Other Media,5,6
58,Rhett & Link,Other Media,6,7
49,Rhett & Link,Other Media,7,8
79,Rhett & Link,Other Media,8,9
86,Rhett & Link,Other Media,9,10
41,Rhett & Link,Other Media,10,11
65,Rhett & Link,Other Media,11,12
63,Rhett & Link,Other Media,12,13
49,Rhett & Link,Other Media,13,14
79,Rhett & Link,Other Media,14,15
37,Rhett & Link,Other Media,15,16
38,Rhett & Link,Other Media,16,17
105,Rhett & Link,Other Media,17,18
62,Rhett & Link,Other Media,18,19
44,Rhett & Link,Other Media,19,20
39,Rhett & Link,Other Media,20,21
29,Rhett & Link,Other Media,21,22
33,Rhett & Link,Other Media,22,23
40,Rhett & Link,Other Media,23,24
33,Rhett & Link,Other Media,24,25
33,Rhett & Link,Other Media,25,26
40,Rhett & Link,Other Media,26,27
30,Rhett & Link,Other Media,27,28
52,Rhett & Link,Other Media,28,29
33,Rhett & Link,Other Media,29,30
6,Rhett & Link,Other Media,30,31
14,Rhett & Link,Other Media,31,32
20,Rhett & Link,Other Media,32,33
19,Rhett & Link,Other Media,33,34
7,Rhett & Link,Other Media,34,35
1,Rhett & Link,Other Media,35,36
14,BBC Radio 1 RPF,Other Media,0,1
27,BBC Radio 1 RPF,Other Media,1,2
21,BBC Radio 1 RPF,Other Media,2,3
6,BBC Radio 1 RPF,Other Media,3,4
10,BBC Radio 1 RPF,Other Media,4,5
11,BBC Radio 1 RPF,Other Media,5,6
10,BBC Radio 1 RPF,Other Media,6,7
7,BBC Radio 1 RPF,Other Media,7,8
10,BBC Radio 1 RPF,Other Media,8,9
6,BBC Radio 1 RPF,Other Media,9,10
4,BBC Radio 1 RPF,Other Media,10,11
9,BBC Radio 1 RPF,Other Media,11,12
9,BBC Radio 1 RPF,Other Media,12,13
9,BBC Radio 1 RPF,Other Media,13,14
13,BBC Radio 1 RPF,Other Media,14,15
10,BBC Radio 1 RPF,Other Media,15,16
9,BBC Radio 1 RPF,Other Media,16,17
2,BBC Radio 1 RPF,Other Media,17,18
5,BBC Radio 1 RPF,Other Media,18,19
5,BBC Radio 1 RPF,Other Media,19,20
11,BBC Radio 1 RPF,Other Media,20,21
22,BBC Radio 1 RPF,Other Media,21,22
16,BBC Radio 1 RPF,Other Media,22,23
5,BBC Radio 1 RPF,Other Media,23,24
34,BBC Radio 1 RPF,Other Media,24,25
23,BBC Radio 1 RPF,Other Media,25,26
28,BBC Radio 1 RPF,Other Media,26,27
25,BBC Radio 1 RPF,Other Media,27,28
27,BBC Radio 1 RPF,Other Media,28,29
40,BBC Radio 1 RPF,Other Media,29,30
40,BBC Radio 1 RPF,Other Media,30,31
18,BBC Radio 1 RPF,Other Media,31,32
22,BBC Radio 1 RPF,Other Media,32,33
31,BBC Radio 1 RPF,Other Media,33,34
23,BBC Radio 1 RPF,Other Media,34,35
18,BBC Radio 1 RPF,Other Media,35,36
106,Dungeons & Dragons (Roleplaying Game),Other Media,0,1
36,Dungeons & Dragons (Roleplaying Game),Other Media,1,2
31,Dungeons & Dragons (Roleplaying Game),Other Media,2,3
20,Dungeons & Dragons (Roleplaying Game),Other Media,3,4
40,Dungeons & Dragons (Roleplaying Game),Other Media,4,5
23,Dungeons & Dragons (Roleplaying Game),Other Media,5,6
26,Dungeons & Dragons (Roleplaying Game),Other Media,6,7
22,Dungeons & Dragons (Roleplaying Game),Other Media,7,8
20,Dungeons & Dragons (Roleplaying Game),Other Media,8,9
46,Dungeons & Dragons (Roleplaying Game),Other Media,9,10
114,Dungeons & Dragons (Roleplaying Game),Other Media,10,11
55,Dungeons & Dragons (Roleplaying Game),Other Media,11,12
23,Dungeons & Dragons (Roleplaying Game),Other Media,12,13
12,Dungeons & Dragons (Roleplaying Game),Other Media,13,14
18,Dungeons & Dragons (Roleplaying Game),Other Media,14,15
11,Dungeons & Dragons (Roleplaying Game),Other Media,15,16
13,Dungeons & Dragons (Roleplaying Game),Other Media,16,17
11,Dungeons & Dragons (Roleplaying Game),Other Media,17,18
5,Dungeons & Dragons (Roleplaying Game),Other Media,18,19
5,Dungeons & Dragons (Roleplaying Game),Other Media,19,20
12,Dungeons & Dragons (Roleplaying Game),Other Media,20,21
3,Dungeons & Dragons (Roleplaying Game),Other Media,21,22
6,Dungeons & Dragons (Roleplaying Game),Other Media,22,23
4,Dungeons & Dragons (Roleplaying Game),Other Media,23,24
9,Dungeons & Dragons (Roleplaying Game),Other Media,24,25
3,Dungeons & Dragons (Roleplaying Game),Other Media,25,26
9,Dungeons & Dragons (Roleplaying Game),Other Media,26,27
11,Dungeons & Dragons (Roleplaying Game),Other Media,27,28
8,Dungeons & Dragons (Roleplaying Game),Other Media,28,29
9,Dungeons & Dragons (Roleplaying Game),Other Media,29,30
12,Dungeons & Dragons (Roleplaying Game),Other Media,30,31
16,Dungeons & Dragons (Roleplaying Game),Other Media,31,32
8,Dungeons & Dragons (Roleplaying Game),Other Media,32,33
7,Dungeons & Dragons (Roleplaying Game),Other Media,33,34
8,Dungeons & Dragons (Roleplaying Game),Other Media,34,35
9,Dungeons & Dragons (Roleplaying Game),Other Media,35,36
59,Eddsworld - All Media Types,Other Media,0,1
42,Eddsworld - All Media Types,Other Media,1,2
41,Eddsworld - All Media Types,Other Media,2,3
47,Eddsworld - All Media Types,Other Media,3,4
62,Eddsworld - All Media Types,Other Media,4,5
63,Eddsworld - All Media Types,Other Media,5,6
49,Eddsworld - All Media Types,Other Media,6,7
55,Eddsworld - All Media Types,Other Media,7,8
52,Eddsworld - All Media Types,Other Media,8,9
64,Eddsworld - All Media Types,Other Media,9,10
57,Eddsworld - All Media Types,Other Media,10,11
44,Eddsworld - All Media Types,Other Media,11,12
49,Eddsworld - All Media Types,Other Media,12,13
37,Eddsworld - All Media Types,Other Media,13,14
57,Eddsworld - All Media Types,Other Media,14,15
80,Eddsworld - All Media Types,Other Media,15,16
41,Eddsworld - All Media Types,Other Media,16,17
32,Eddsworld - All Media Types,Other Media,17,18
19,Eddsworld - All Media Types,Other Media,18,19
32,Eddsworld - All Media Types,Other Media,19,20
33,Eddsworld - All Media Types,Other Media,20,21
20,Eddsworld - All Media Types,Other Media,21,22
1,Eddsworld - All Media Types,Other Media,22,23
0,Eddsworld - All Media Types,Other Media,23,24
0,Eddsworld - All Media Types,Other Media,24,25
0,Eddsworld - All Media Types,Other Media,25,26
0,Eddsworld - All Media Types,Other Media,26,27
0,Eddsworld - All Media Types,Other Media,27,28
0,Eddsworld - All Media Types,Other Media,28,29
0,Eddsworld - All Media Types,Other Media,29,30
0,Eddsworld - All Media Types,Other Media,30,31
1,Eddsworld - All Media Types,Other Media,31,32
0,Eddsworld - All Media Types,Other Media,32,33
0,Eddsworld - All Media Types,Other Media,33,34
0,Eddsworld - All Media Types,Other Media,34,35
0,Eddsworld - All Media Types,Other Media,35,36
40,Banana Bus Squad,Other Media,0,1
15,Banana Bus Squad,Other Media,1,2
34,Banana Bus Squad,Other Media,2,3
35,Banana Bus Squad,Other Media,3,4
27,Banana Bus Squad,Other Media,4,5
40,Banana Bus Squad,Other Media,5,6
41,Banana Bus Squad,Other Media,6,7
40,Banana Bus Squad,Other Media,7,8
38,Banana Bus Squad,Other Media,8,9
39,Banana Bus Squad,Other Media,9,10
31,Banana Bus Squad,Other Media,10,11
41,Banana Bus Squad,Other Media,11,12
46,Banana Bus Squad,Other Media,12,13
65,Banana Bus Squad,Other Media,13,14
35,Banana Bus Squad,Other Media,14,15
32,Banana Bus Squad,Other Media,15,16
37,Banana Bus Squad,Other Media,16,17
28,Banana Bus Squad,Other Media,17,18
23,Banana Bus Squad,Other Media,18,19
16,Banana Bus Squad,Other Media,19,20
22,Banana Bus Squad,Other Media,20,21
23,Banana Bus Squad,Other Media,21,22
33,Banana Bus Squad,Other Media,22,23
17,Banana Bus Squad,Other Media,23,24
14,Banana Bus Squad,Other Media,24,25
24,Banana Bus Squad,Other Media,25,26
14,Banana Bus Squad,Other Media,26,27
15,Banana Bus Squad,Other Media,27,28
24,Banana Bus Squad,Other Media,28,29
13,Banana Bus Squad,Other Media,29,30
8,Banana Bus Squad,Other Media,30,31
16,Banana Bus Squad,Other Media,31,32
11,Banana Bus Squad,Other Media,32,33
10,Banana Bus Squad,Other Media,33,34
2,Banana Bus Squad,Other Media,34,35
0,Banana Bus Squad,Other Media,35,36
41,Unspecified Fandom,Other Media,0,1
24,Unspecified Fandom,Other Media,1,2
32,Unspecified Fandom,Other Media,2,3
34,Unspecified Fandom,Other Media,3,4
42,Unspecified Fandom,Other Media,4,5
29,Unspecified Fandom,Other Media,5,6
19,Unspecified Fandom,Other Media,6,7
23,Unspecified Fandom,Other Media,7,8
31,Unspecified Fandom,Other Media,8,9
33,Unspecified Fandom,Other Media,9,10
29,Unspecified Fandom,Other Media,10,11
26,Unspecified Fandom,Other Media,11,12
16,Unspecified Fandom,Other Media,12,13
18,Unspecified Fandom,Other Media,13,14
25,Unspecified Fandom,Other Media,14,15
17,Unspecified Fandom,Other Media,15,16
17,Unspecified Fandom,Other Media,16,17
18,Unspecified Fandom,Other Media,17,18
15,Unspecified Fandom,Other Media,18,19
20,Unspecified Fandom,Other Media,19,20
24,Unspecified Fandom,Other Media,20,21
20,Unspecified Fandom,Other Media,21,22
12,Unspecified Fandom,Other Media,22,23
6,Unspecified Fandom,Other Media,23,24
11,Unspecified Fandom,Other Media,24,25
14,Unspecified Fandom,Other Media,25,26
6,Unspecified Fandom,Other Media,26,27
7,Unspecified Fandom,Other Media,27,28
9,Unspecified Fandom,Other Media,28,29
18,Unspecified Fandom,Other Media,29,30
15,Unspecified Fandom,Other Media,30,31
15,Unspecified Fandom,Other Media,31,32
11,Unspecified Fandom,Other Media,32,33
13,Unspecified Fandom,Other Media,33,34
8,Unspecified Fandom,Other Media,34,35
4,Unspecified Fandom,Other Media,35,36
84,Camp Camp (Web Series),Other Media,0,1
83,Camp Camp (Web Series),Other Media,1,2
132,Camp Camp (Web Series),Other Media,2,3
194,Camp Camp (Web Series),Other Media,3,4
112,Camp Camp (Web Series),Other Media,4,5
82,Camp Camp (Web Series),Other Media,5,6
17,Camp Camp (Web Series),Other Media,6,7
5,Camp Camp (Web Series),Other Media,7,8
3,Camp Camp (Web Series),Other Media,8,9
2,Camp Camp (Web Series),Other Media,9,10
1,Camp Camp (Web Series),Other Media,10,11
6,Camp Camp (Web Series),Other Media,11,12
3,Camp Camp (Web Series),Other Media,12,13
4,Camp Camp (Web Series),Other Media,13,14
13,Camp Camp (Web Series),Other Media,14,15
14,Camp Camp (Web Series),Other Media,15,16
2,Camp Camp (Web Series),Other Media,16,17
5,Camp Camp (Web Series),Other Media,17,18
3,Camp Camp (Web Series),Other Media,18,19
0,Camp Camp (Web Series),Other Media,19,20
0,Camp Camp (Web Series),Other Media,20,21
0,Camp Camp (Web Series),Other Media,21,22
0,Camp Camp (Web Series),Other Media,22,23
0,Camp Camp (Web Series),Other Media,23,24
0,Camp Camp (Web Series),Other Media,24,25
0,Camp Camp (Web Series),Other Media,25,26
0,Camp Camp (Web Series),Other Media,26,27
0,Camp Camp (Web Series),Other Media,27,28
0,Camp Camp (Web Series),Other Media,28,29
0,Camp Camp (Web Series),Other Media,29,30
0,Camp Camp (Web Series),Other Media,30,31
0,Camp Camp (Web Series),Other Media,31,32
0,Camp Camp (Web Series),Other Media,32,33
0,Camp Camp (Web Series),Other Media,33,34
0,Camp Camp (Web Series),Other Media,34,35
0,Camp Camp (Web Series),Other Media,35,36
23,Slender Man Mythos,Other Media,0,1
14,Slender Man Mythos,Other Media,1,2
37,Slender Man Mythos,Other Media,2,3
20,Slender Man Mythos,Other Media,3,4
25,Slender Man Mythos,Other Media,4,5
13,Slender Man Mythos,Other Media,5,6
10,Slender Man Mythos,Other Media,6,7
11,Slender Man Mythos,Other Media,7,8
13,Slender Man Mythos,Other Media,8,9
8,Slender Man Mythos,Other Media,9,10
7,Slender Man Mythos,Other Media,10,11
6,Slender Man Mythos,Other Media,11,12
4,Slender Man Mythos,Other Media,12,13
8,Slender Man Mythos,Other Media,13,14
6,Slender Man Mythos,Other Media,14,15
4,Slender Man Mythos,Other Media,15,16
22,Slender Man Mythos,Other Media,16,17
30,Slender Man Mythos,Other Media,17,18
10,Slender Man Mythos,Other Media,18,19
8,Slender Man Mythos,Other Media,19,20
3,Slender Man Mythos,Other Media,20,21
8,Slender Man Mythos,Other Media,21,22
23,Slender Man Mythos,Other Media,22,23
10,Slender Man Mythos,Other Media,23,24
9,Slender Man Mythos,Other Media,24,25
16,Slender Man Mythos,Other Media,25,26
16,Slender Man Mythos,Other Media,26,27
25,Slender Man Mythos,Other Media,27,28
14,Slender Man Mythos,Other Media,28,29
14,Slender Man Mythos,Other Media,29,30
34,Slender Man Mythos,Other Media,30,31
19,Slender Man Mythos,Other Media,31,32
15,Slender Man Mythos,Other Media,32,33
21,Slender Man Mythos,Other Media,33,34
13,Slender Man Mythos,Other Media,34,35
15,Slender Man Mythos,Other Media,35,36
2,Lizzie Bennet Diaries,Other Media,0,1
1,Lizzie Bennet Diaries,Other Media,1,2
1,Lizzie Bennet Diaries,Other Media,2,3
2,Lizzie Bennet Diaries,Other Media,3,4
3,Lizzie Bennet Diaries,Other Media,4,5
2,Lizzie Bennet Diaries,Other Media,5,6
1,Lizzie Bennet Diaries,Other Media,6,7
1,Lizzie Bennet Diaries,Other Media,7,8
3,Lizzie Bennet Diaries,Other Media,8,9
0,Lizzie Bennet Diaries,Other Media,9,10
1,Lizzie Bennet Diaries,Other Media,10,11
1,Lizzie Bennet Diaries,Other Media,11,12
3,Lizzie Bennet Diaries,Other Media,12,13
1,Lizzie Bennet Diaries,Other Media,13,14
1,Lizzie Bennet Diaries,Other Media,14,15
1,Lizzie Bennet Diaries,Other Media,15,16
1,Lizzie Bennet Diaries,Other Media,16,17
1,Lizzie Bennet Diaries,Other Media,17,18
1,Lizzie Bennet Diaries,Other Media,18,19
4,Lizzie Bennet Diaries,Other Media,19,20
3,Lizzie Bennet Diaries,Other Media,20,21
2,Lizzie Bennet Diaries,Other Media,21,22
1,Lizzie Bennet Diaries,Other Media,22,23
5,Lizzie Bennet Diaries,Other Media,23,24
5,Lizzie Bennet Diaries,Other Media,24,25
1,Lizzie Bennet Diaries,Other Media,25,26
1,Lizzie Bennet Diaries,Other Media,26,27
1,Lizzie Bennet Diaries,Other Media,27,28
4,Lizzie Bennet Diaries,Other Media,28,29
1,Lizzie Bennet Diaries,Other Media,29,30
4,Lizzie Bennet Diaries,Other Media,30,31
0,Lizzie Bennet Diaries,Other Media,31,32
0,Lizzie Bennet Diaries,Other Media,32,33
3,Lizzie Bennet Diaries,Other Media,33,34
2,Lizzie Bennet Diaries,Other Media,34,35
4,Lizzie Bennet Diaries,Other Media,35,36
13,Fandom - Fandom,Other Media,0,1
4,Fandom - Fandom,Other Media,1,2
6,Fandom - Fandom,Other Media,2,3
6,Fandom - Fandom,Other Media,3,4
11,Fandom - Fandom,Other Media,4,5
11,Fandom - Fandom,Other Media,5,6
4,Fandom - Fandom,Other Media,6,7
12,Fandom - Fandom,Other Media,7,8
18,Fandom - Fandom,Other Media,8,9
8,Fandom - Fandom,Other Media,9,10
16,Fandom - Fandom,Other Media,10,11
5,Fandom - Fandom,Other Media,11,12
11,Fandom - Fandom,Other Media,12,13
8,Fandom - Fandom,Other Media,13,14
7,Fandom - Fandom,Other Media,14,15
6,Fandom - Fandom,Other Media,15,16
8,Fandom - Fandom,Other Media,16,17
14,Fandom - Fandom,Other Media,17,18
6,Fandom - Fandom,Other Media,18,19
31,Fandom - Fandom,Other Media,19,20
5,Fandom - Fandom,Other Media,20,21
17,Fandom - Fandom,Other Media,21,22
7,Fandom - Fandom,Other Media,22,23
11,Fandom - Fandom,Other Media,23,24
8,Fandom - Fandom,Other Media,24,25
2,Fandom - Fandom,Other Media,25,26
9,Fandom - Fandom,Other Media,26,27
2,Fandom - Fandom,Other Media,27,28
10,Fandom - Fandom,Other Media,28,29
9,Fandom - Fandom,Other Media,29,30
10,Fandom - Fandom,Other Media,30,31
4,Fandom - Fandom,Other Media,31,32
6,Fandom - Fandom,Other Media,32,33
12,Fandom - Fandom,Other Media,33,34
10,Fandom - Fandom,Other Media,34,35
10,Fandom - Fandom,Other Media,35,36
28,Lego - All Media Types,Other Media,0,1
55,Lego - All Media Types,Other Media,1,2
34,Lego - All Media Types,Other Media,2,3
33,Lego - All Media Types,Other Media,3,4
21,Lego - All Media Types,Other Media,4,5
26,Lego - All Media Types,Other Media,5,6
26,Lego - All Media Types,Other Media,6,7
25,Lego - All Media Types,Other Media,7,8
23,Lego - All Media Types,Other Media,8,9
43,Lego - All Media Types,Other Media,9,10
19,Lego - All Media Types,Other Media,10,11
8,Lego - All Media Types,Other Media,11,12
7,Lego - All Media Types,Other Media,12,13
7,Lego - All Media Types,Other Media,13,14
5,Lego - All Media Types,Other Media,14,15
5,Lego - All Media Types,Other Media,15,16
8,Lego - All Media Types,Other Media,16,17
8,Lego - All Media Types,Other Media,17,18
10,Lego - All Media Types,Other Media,18,19
3,Lego - All Media Types,Other Media,19,20
3,Lego - All Media Types,Other Media,20,21
9,Lego - All Media Types,Other Media,21,22
21,Lego - All Media Types,Other Media,22,23
7,Lego - All Media Types,Other Media,23,24
11,Lego - All Media Types,Other Media,24,25
6,Lego - All Media Types,Other Media,25,26
7,Lego - All Media Types,Other Media,26,27
11,Lego - All Media Types,Other Media,27,28
10,Lego - All Media Types,Other Media,28,29
4,Lego - All Media Types,Other Media,29,30
3,Lego - All Media Types,Other Media,30,31
4,Lego - All Media Types,Other Media,31,32
5,Lego - All Media Types,Other Media,32,33
6,Lego - All Media Types,Other Media,33,34
8,Lego - All Media Types,Other Media,34,35
6,Lego - All Media Types,Other Media,35,36
49,The Creatures | Cow Chop RPF,Other Media,0,1
32,The Creatures | Cow Chop RPF,Other Media,1,2
45,The Creatures | Cow Chop RPF,Other Media,2,3
77,The Creatures | Cow Chop RPF,Other Media,3,4
36,The Creatures | Cow Chop RPF,Other Media,4,5
30,The Creatures | Cow Chop RPF,Other Media,5,6
25,The Creatures | Cow Chop RPF,Other Media,6,7
22,The Creatures | Cow Chop RPF,Other Media,7,8
10,The Creatures | Cow Chop RPF,Other Media,8,9
5,The Creatures | Cow Chop RPF,Other Media,9,10
5,The Creatures | Cow Chop RPF,Other Media,10,11
6,The Creatures | Cow Chop RPF,Other Media,11,12
14,The Creatures | Cow Chop RPF,Other Media,12,13
7,The Creatures | Cow Chop RPF,Other Media,13,14
7,The Creatures | Cow Chop RPF,Other Media,14,15
8,The Creatures | Cow Chop RPF,Other Media,15,16
8,The Creatures | Cow Chop RPF,Other Media,16,17
19,The Creatures | Cow Chop RPF,Other Media,17,18
11,The Creatures | Cow Chop RPF,Other Media,18,19
10,The Creatures | Cow Chop RPF,Other Media,19,20
13,The Creatures | Cow Chop RPF,Other Media,20,21
11,The Creatures | Cow Chop RPF,Other Media,21,22
17,The Creatures | Cow Chop RPF,Other Media,22,23
13,The Creatures | Cow Chop RPF,Other Media,23,24
10,The Creatures | Cow Chop RPF,Other Media,24,25
10,The Creatures | Cow Chop RPF,Other Media,25,26
17,The Creatures | Cow Chop RPF,Other Media,26,27
22,The Creatures | Cow Chop RPF,Other Media,27,28
19,The Creatures | Cow Chop RPF,Other Media,28,29
16,The Creatures | Cow Chop RPF,Other Media,29,30
18,The Creatures | Cow Chop RPF,Other Media,30,31
14,The Creatures | Cow Chop RPF,Other Media,31,32
23,The Creatures | Cow Chop RPF,Other Media,32,33
19,The Creatures | Cow Chop RPF,Other Media,33,34
12,The Creatures | Cow Chop RPF,Other Media,34,35
17,The Creatures | Cow Chop RPF,Other Media,35,36
20,Warhammer - All Media Types,Other Media,0,1
6,Warhammer - All Media Types,Other Media,1,2
7,Warhammer - All Media Types,Other Media,2,3
5,Warhammer - All Media Types,Other Media,3,4
8,Warhammer - All Media Types,Other Media,4,5
15,Warhammer - All Media Types,Other Media,5,6
10,Warhammer - All Media Types,Other Media,6,7
29,Warhammer - All Media Types,Other Media,7,8
28,Warhammer - All Media Types,Other Media,8,9
17,Warhammer - All Media Types,Other Media,9,10
24,Warhammer - All Media Types,Other Media,10,11
25,Warhammer - All Media Types,Other Media,11,12
23,Warhammer - All Media Types,Other Media,12,13
16,Warhammer - All Media Types,Other Media,13,14
15,Warhammer - All Media Types,Other Media,14,15
7,Warhammer - All Media Types,Other Media,15,16
3,Warhammer - All Media Types,Other Media,16,17
8,Warhammer - All Media Types,Other Media,17,18
24,Warhammer - All Media Types,Other Media,18,19
29,Warhammer - All Media Types,Other Media,19,20
14,Warhammer - All Media Types,Other Media,20,21
16,Warhammer - All Media Types,Other Media,21,22
12,Warhammer - All Media Types,Other Media,22,23
7,Warhammer - All Media Types,Other Media,23,24
8,Warhammer - All Media Types,Other Media,24,25
4,Warhammer - All Media Types,Other Media,25,26
8,Warhammer - All Media Types,Other Media,26,27
6,Warhammer - All Media Types,Other Media,27,28
10,Warhammer - All Media Types,Other Media,28,29
3,Warhammer - All Media Types,Other Media,29,30
18,Warhammer - All Media Types,Other Media,30,31
6,Warhammer - All Media Types,Other Media,31,32
13,Warhammer - All Media Types,Other Media,32,33
23,Warhammer - All Media Types,Other Media,33,34
7,Warhammer - All Media Types,Other Media,34,35
3,Warhammer - All Media Types,Other Media,35,36
1,Kagerou Project,Other Media,0,1
3,Kagerou Project,Other Media,1,2
7,Kagerou Project,Other Media,2,3
3,Kagerou Project,Other Media,3,4
11,Kagerou Project,Other Media,4,5
5,Kagerou Project,Other Media,5,6
6,Kagerou Project,Other Media,6,7
16,Kagerou Project,Other Media,7,8
6,Kagerou Project,Other Media,8,9
7,Kagerou Project,Other Media,9,10
9,Kagerou Project,Other Media,10,11
9,Kagerou Project,Other Media,11,12
10,Kagerou Project,Other Media,12,13
6,Kagerou Project,Other Media,13,14
3,Kagerou Project,Other Media,14,15
9,Kagerou Project,Other Media,15,16
17,Kagerou Project,Other Media,16,17
6,Kagerou Project,Other Media,17,18
12,Kagerou Project,Other Media,18,19
15,Kagerou Project,Other Media,19,20
12,Kagerou Project,Other Media,20,21
4,Kagerou Project,Other Media,21,22
8,Kagerou Project,Other Media,22,23
11,Kagerou Project,Other Media,23,24
12,Kagerou Project,Other Media,24,25
15,Kagerou Project,Other Media,25,26
6,Kagerou Project,Other Media,26,27
9,Kagerou Project,Other Media,27,28
19,Kagerou Project,Other Media,28,29
10,Kagerou Project,Other Media,29,30
16,Kagerou Project,Other Media,30,31
24,Kagerou Project,Other Media,31,32
22,Kagerou Project,Other Media,32,33
14,Kagerou Project,Other Media,33,34
27,Kagerou Project,Other Media,34,35
13,Kagerou Project,Other Media,35,36
115,Wolf 359 (Radio),Other Media,0,1
30,Wolf 359 (Radio),Other Media,1,2
55,Wolf 359 (Radio),Other Media,2,3
45,Wolf 359 (Radio),Other Media,3,4
32,Wolf 359 (Radio),Other Media,4,5
35,Wolf 359 (Radio),Other Media,5,6
47,Wolf 359 (Radio),Other Media,6,7
14,Wolf 359 (Radio),Other Media,7,8
12,Wolf 359 (Radio),Other Media,8,9
15,Wolf 359 (Radio),Other Media,9,10
17,Wolf 359 (Radio),Other Media,10,11
14,Wolf 359 (Radio),Other Media,11,12
34,Wolf 359 (Radio),Other Media,12,13
23,Wolf 359 (Radio),Other Media,13,14
14,Wolf 359 (Radio),Other Media,14,15
16,Wolf 359 (Radio),Other Media,15,16
25,Wolf 359 (Radio),Other Media,16,17
10,Wolf 359 (Radio),Other Media,17,18
10,Wolf 359 (Radio),Other Media,18,19
21,Wolf 359 (Radio),Other Media,19,20
23,Wolf 359 (Radio),Other Media,20,21
21,Wolf 359 (Radio),Other Media,21,22
28,Wolf 359 (Radio),Other Media,22,23
23,Wolf 359 (Radio),Other Media,23,24
25,Wolf 359 (Radio),Other Media,24,25
8,Wolf 359 (Radio),Other Media,25,26
16,Wolf 359 (Radio),Other Media,26,27
34,Wolf 359 (Radio),Other Media,27,28
10,Wolf 359 (Radio),Other Media,28,29
6,Wolf 359 (Radio),Other Media,29,30
0,Wolf 359 (Radio),Other Media,30,31
0,Wolf 359 (Radio),Other Media,31,32
0,Wolf 359 (Radio),Other Media,32,33
0,Wolf 359 (Radio),Other Media,33,34
0,Wolf 359 (Radio),Other Media,34,35
0,Wolf 359 (Radio),Other Media,35,36
20,Warhammer 40.000,Other Media,0,1
6,Warhammer 40.000,Other Media,1,2
7,Warhammer 40.000,Other Media,2,3
5,Warhammer 40.000,Other Media,3,4
6,Warhammer 40.000,Other Media,4,5
13,Warhammer 40.000,Other Media,5,6
10,Warhammer 40.000,Other Media,6,7
29,Warhammer 40.000,Other Media,7,8
25,Warhammer 40.000,Other Media,8,9
17,Warhammer 40.000,Other Media,9,10
24,Warhammer 40.000,Other Media,10,11
24,Warhammer 40.000,Other Media,11,12
23,Warhammer 40.000,Other Media,12,13
15,Warhammer 40.000,Other Media,13,14
14,Warhammer 40.000,Other Media,14,15
7,Warhammer 40.000,Other Media,15,16
2,Warhammer 40.000,Other Media,16,17
8,Warhammer 40.000,Other Media,17,18
24,Warhammer 40.000,Other Media,18,19
29,Warhammer 40.000,Other Media,19,20
14,Warhammer 40.000,Other Media,20,21
16,Warhammer 40.000,Other Media,21,22
12,Warhammer 40.000,Other Media,22,23
7,Warhammer 40.000,Other Media,23,24
8,Warhammer 40.000,Other Media,24,25
4,Warhammer 40.000,Other Media,25,26
8,Warhammer 40.000,Other Media,26,27
6,Warhammer 40.000,Other Media,27,28
10,Warhammer 40.000,Other Media,28,29
3,Warhammer 40.000,Other Media,29,30
13,Warhammer 40.000,Other Media,30,31
6,Warhammer 40.000,Other Media,31,32
13,Warhammer 40.000,Other Media,32,33
23,Warhammer 40.000,Other Media,33,34
7,Warhammer 40.000,Other Media,34,35
3,Warhammer 40.000,Other Media,35,36
22,Anthropomorphism,Other Media,0,1
9,Anthropomorphism,Other Media,1,2
8,Anthropomorphism,Other Media,2,3
13,Anthropomorphism,Other Media,3,4
8,Anthropomorphism,Other Media,4,5
19,Anthropomorphism,Other Media,5,6
21,Anthropomorphism,Other Media,6,7
26,Anthropomorphism,Other Media,7,8
21,Anthropomorphism,Other Media,8,9
15,Anthropomorphism,Other Media,9,10
5,Anthropomorphism,Other Media,10,11
4,Anthropomorphism,Other Media,11,12
29,Anthropomorphism,Other Media,12,13
8,Anthropomorphism,Other Media,13,14
10,Anthropomorphism,Other Media,14,15
4,Anthropomorphism,Other Media,15,16
6,Anthropomorphism,Other Media,16,17
11,Anthropomorphism,Other Media,17,18
5,Anthropomorphism,Other Media,18,19
10,Anthropomorphism,Other Media,19,20
12,Anthropomorphism,Other Media,20,21
34,Anthropomorphism,Other Media,21,22
21,Anthropomorphism,Other Media,22,23
8,Anthropomorphism,Other Media,23,24
18,Anthropomorphism,Other Media,24,25
0,Anthropomorphism,Other Media,25,26
7,Anthropomorphism,Other Media,26,27
0,Anthropomorphism,Other Media,27,28
3,Anthropomorphism,Other Media,28,29
1,Anthropomorphism,Other Media,29,30
1,Anthropomorphism,Other Media,30,31
5,Anthropomorphism,Other Media,31,32
4,Anthropomorphism,Other Media,32,33
3,Anthropomorphism,Other Media,33,34
7,Anthropomorphism,Other Media,34,35
5,Anthropomorphism,Other Media,35,36
7,Multi-Fandom,Other Media,0,1
10,Multi-Fandom,Other Media,1,2
10,Multi-Fandom,Other Media,2,3
8,Multi-Fandom,Other Media,3,4
20,Multi-Fandom,Other Media,4,5
25,Multi-Fandom,Other Media,5,6
25,Multi-Fandom,Other Media,6,7
35,Multi-Fandom,Other Media,7,8
29,Multi-Fandom,Other Media,8,9
46,Multi-Fandom,Other Media,9,10
7,Multi-Fandom,Other Media,10,11
5,Multi-Fandom,Other Media,11,12
11,Multi-Fandom,Other Media,12,13
9,Multi-Fandom,Other Media,13,14
9,Multi-Fandom,Other Media,14,15
8,Multi-Fandom,Other Media,15,16
11,Multi-Fandom,Other Media,16,17
7,Multi-Fandom,Other Media,17,18
9,Multi-Fandom,Other Media,18,19
6,Multi-Fandom,Other Media,19,20
14,Multi-Fandom,Other Media,20,21
17,Multi-Fandom,Other Media,21,22
15,Multi-Fandom,Other Media,22,23
9,Multi-Fandom,Other Media,23,24
6,Multi-Fandom,Other Media,24,25
5,Multi-Fandom,Other Media,25,26
11,Multi-Fandom,Other Media,26,27
7,Multi-Fandom,Other Media,27,28
3,Multi-Fandom,Other Media,28,29
5,Multi-Fandom,Other Media,29,30
4,Multi-Fandom,Other Media,30,31
4,Multi-Fandom,Other Media,31,32
4,Multi-Fandom,Other Media,32,33
3,Multi-Fandom,Other Media,33,34
0,Multi-Fandom,Other Media,34,35
8,Multi-Fandom,Other Media,35,36
2,Nothing Much to Do,Other Media,0,1
2,Nothing Much to Do,Other Media,1,2
2,Nothing Much to Do,Other Media,2,3
1,Nothing Much to Do,Other Media,3,4
2,Nothing Much to Do,Other Media,4,5
1,Nothing Much to Do,Other Media,5,6
1,Nothing Much to Do,Other Media,6,7
2,Nothing Much to Do,Other Media,7,8
2,Nothing Much to Do,Other Media,8,9
2,Nothing Much to Do,Other Media,9,10
2,Nothing Much to Do,Other Media,10,11
3,Nothing Much to Do,Other Media,11,12
4,Nothing Much to Do,Other Media,12,13
2,Nothing Much to Do,Other Media,13,14
2,Nothing Much to Do,Other Media,14,15
2,Nothing Much to Do,Other Media,15,16
2,Nothing Much to Do,Other Media,16,17
8,Nothing Much to Do,Other Media,17,18
5,Nothing Much to Do,Other Media,18,19
9,Nothing Much to Do,Other Media,19,20
9,Nothing Much to Do,Other Media,20,21
12,Nothing Much to Do,Other Media,21,22
27,Nothing Much to Do,Other Media,22,23
11,Nothing Much to Do,Other Media,23,24
10,Nothing Much to Do,Other Media,24,25
10,Nothing Much to Do,Other Media,25,26
17,Nothing Much to Do,Other Media,26,27
13,Nothing Much to Do,Other Media,27,28
39,Nothing Much to Do,Other Media,28,29
25,Nothing Much to Do,Other Media,29,30
9,Nothing Much to Do,Other Media,30,31
16,Nothing Much to Do,Other Media,31,32
13,Nothing Much to Do,Other Media,32,33
13,Nothing Much to Do,Other Media,33,34
29,Nothing Much to Do,Other Media,34,35
122,Nothing Much to Do,Other Media,35,36
14,Marble Hornets,Other Media,0,1
6,Marble Hornets,Other Media,1,2
16,Marble Hornets,Other Media,2,3
4,Marble Hornets,Other Media,3,4
11,Marble Hornets,Other Media,4,5
7,Marble Hornets,Other Media,5,6
7,Marble Hornets,Other Media,6,7
5,Marble Hornets,Other Media,7,8
9,Marble Hornets,Other Media,8,9
4,Marble Hornets,Other Media,9,10
5,Marble Hornets,Other Media,10,11
4,Marble Hornets,Other Media,11,12
1,Marble Hornets,Other Media,12,13
1,Marble Hornets,Other Media,13,14
3,Marble Hornets,Other Media,14,15
2,Marble Hornets,Other Media,15,16
6,Marble Hornets,Other Media,16,17
17,Marble Hornets,Other Media,17,18
4,Marble Hornets,Other Media,18,19
3,Marble Hornets,Other Media,19,20
1,Marble Hornets,Other Media,20,21
4,Marble Hornets,Other Media,21,22
12,Marble Hornets,Other Media,22,23
5,Marble Hornets,Other Media,23,24
6,Marble Hornets,Other Media,24,25
8,Marble Hornets,Other Media,25,26
8,Marble Hornets,Other Media,26,27
21,Marble Hornets,Other Media,27,28
10,Marble Hornets,Other Media,28,29
8,Marble Hornets,Other Media,29,30
27,Marble Hornets,Other Media,30,31
14,Marble Hornets,Other Media,31,32
12,Marble Hornets,Other Media,32,33
19,Marble Hornets,Other Media,33,34
9,Marble Hornets,Other Media,34,35
10,Marble Hornets,Other Media,35,36
10,Doctor Who (Big Finish Audio),Other Media,0,1
6,Doctor Who (Big Finish Audio),Other Media,1,2
6,Doctor Who (Big Finish Audio),Other Media,2,3
7,Doctor Who (Big Finish Audio),Other Media,3,4
16,Doctor Who (Big Finish Audio),Other Media,4,5
16,Doctor Who (Big Finish Audio),Other Media,5,6
13,Doctor Who (Big Finish Audio),Other Media,6,7
4,Doctor Who (Big Finish Audio),Other Media,7,8
9,Doctor Who (Big Finish Audio),Other Media,8,9
5,Doctor Who (Big Finish Audio),Other Media,9,10
8,Doctor Who (Big Finish Audio),Other Media,10,11
7,Doctor Who (Big Finish Audio),Other Media,11,12
4,Doctor Who (Big Finish Audio),Other Media,12,13
6,Doctor Who (Big Finish Audio),Other Media,13,14
5,Doctor Who (Big Finish Audio),Other Media,14,15
2,Doctor Who (Big Finish Audio),Other Media,15,16
6,Doctor Who (Big Finish Audio),Other Media,16,17
3,Doctor Who (Big Finish Audio),Other Media,17,18
4,Doctor Who (Big Finish Audio),Other Media,18,19
5,Doctor Who (Big Finish Audio),Other Media,19,20
9,Doctor Who (Big Finish Audio),Other Media,20,21
5,Doctor Who (Big Finish Audio),Other Media,21,22
6,Doctor Who (Big Finish Audio),Other Media,22,23
13,Doctor Who (Big Finish Audio),Other Media,23,24
9,Doctor Who (Big Finish Audio),Other Media,24,25
5,Doctor Who (Big Finish Audio),Other Media,25,26
4,Doctor Who (Big Finish Audio),Other Media,26,27
7,Doctor Who (Big Finish Audio),Other Media,27,28
7,Doctor Who (Big Finish Audio),Other Media,28,29
2,Doctor Who (Big Finish Audio),Other Media,29,30
7,Doctor Who (Big Finish Audio),Other Media,30,31
7,Doctor Who (Big Finish Audio),Other Media,31,32
9,Doctor Who (Big Finish Audio),Other Media,32,33
4,Doctor Who (Big Finish Audio),Other Media,33,34
7,Doctor Who (Big Finish Audio),Other Media,34,35
4,Doctor Who (Big Finish Audio),Other Media,35,36
11,Smosh,Other Media,0,1
9,Smosh,Other Media,1,2
6,Smosh,Other Media,2,3
3,Smosh,Other Media,3,4
5,Smosh,Other Media,4,5
9,Smosh,Other Media,5,6
7,Smosh,Other Media,6,7
1,Smosh,Other Media,7,8
3,Smosh,Other Media,8,9
5,Smosh,Other Media,9,10
6,Smosh,Other Media,10,11
2,Smosh,Other Media,11,12
4,Smosh,Other Media,12,13
2,Smosh,Other Media,13,14
7,Smosh,Other Media,14,15
6,Smosh,Other Media,15,16
5,Smosh,Other Media,16,17
6,Smosh,Other Media,17,18
4,Smosh,Other Media,18,19
3,Smosh,Other Media,19,20
3,Smosh,Other Media,20,21
2,Smosh,Other Media,21,22
6,Smosh,Other Media,22,23
1,Smosh,Other Media,23,24
8,Smosh,Other Media,24,25
13,Smosh,Other Media,25,26
6,Smosh,Other Media,26,27
7,Smosh,Other Media,27,28
13,Smosh,Other Media,28,29
12,Smosh,Other Media,29,30
13,Smosh,Other Media,30,31
23,Smosh,Other Media,31,32
27,Smosh,Other Media,32,33
15,Smosh,Other Media,33,34
24,Smosh,Other Media,34,35
13,Smosh,Other Media,35,36
3,Steam Powered Giraffe,Other Media,0,1
1,Steam Powered Giraffe,Other Media,1,2
3,Steam Powered Giraffe,Other Media,2,3
2,Steam Powered Giraffe,Other Media,3,4
1,Steam Powered Giraffe,Other Media,4,5
1,Steam Powered Giraffe,Other Media,5,6
1,Steam Powered Giraffe,Other Media,6,7
1,Steam Powered Giraffe,Other Media,7,8
1,Steam Powered Giraffe,Other Media,8,9
0,Steam Powered Giraffe,Other Media,9,10
2,Steam Powered Giraffe,Other Media,10,11
3,Steam Powered Giraffe,Other Media,11,12
4,Steam Powered Giraffe,Other Media,12,13
3,Steam Powered Giraffe,Other Media,13,14
9,Steam Powered Giraffe,Other Media,14,15
7,Steam Powered Giraffe,Other Media,15,16
3,Steam Powered Giraffe,Other Media,16,17
13,Steam Powered Giraffe,Other Media,17,18
12,Steam Powered Giraffe,Other Media,18,19
21,Steam Powered Giraffe,Other Media,19,20
9,Steam Powered Giraffe,Other Media,20,21
8,Steam Powered Giraffe,Other Media,21,22
19,Steam Powered Giraffe,Other Media,22,23
9,Steam Powered Giraffe,Other Media,23,24
11,Steam Powered Giraffe,Other Media,24,25
5,Steam Powered Giraffe,Other Media,25,26
3,Steam Powered Giraffe,Other Media,26,27
6,Steam Powered Giraffe,Other Media,27,28
5,Steam Powered Giraffe,Other Media,28,29
1,Steam Powered Giraffe,Other Media,29,30
1,Steam Powered Giraffe,Other Media,30,31
2,Steam Powered Giraffe,Other Media,31,32
1,Steam Powered Giraffe,Other Media,32,33
4,Steam Powered Giraffe,Other Media,33,34
4,Steam Powered Giraffe,Other Media,34,35
1,Steam Powered Giraffe,Other Media,35,36
135,Buzzfeed Unsolved (Web Series),Other Media,0,1
98,Buzzfeed Unsolved (Web Series),Other Media,1,2
63,Buzzfeed Unsolved (Web Series),Other Media,2,3
69,Buzzfeed Unsolved (Web Series),Other Media,3,4
33,Buzzfeed Unsolved (Web Series),Other Media,4,5
12,Buzzfeed Unsolved (Web Series),Other Media,5,6
15,Buzzfeed Unsolved (Web Series),Other Media,6,7
0,Buzzfeed Unsolved (Web Series),Other Media,7,8
2,Buzzfeed Unsolved (Web Series),Other Media,8,9
0,Buzzfeed Unsolved (Web Series),Other Media,9,10
0,Buzzfeed Unsolved (Web Series),Other Media,10,11
0,Buzzfeed Unsolved (Web Series),Other Media,11,12
0,Buzzfeed Unsolved (Web Series),Other Media,12,13
0,Buzzfeed Unsolved (Web Series),Other Media,13,14
0,Buzzfeed Unsolved (Web Series),Other Media,14,15
0,Buzzfeed Unsolved (Web Series),Other Media,15,16
0,Buzzfeed Unsolved (Web Series),Other Media,16,17
0,Buzzfeed Unsolved (Web Series),Other Media,17,18
0,Buzzfeed Unsolved (Web Series),Other Media,18,19
0,Buzzfeed Unsolved (Web Series),Other Media,19,20
0,Buzzfeed Unsolved (Web Series),Other Media,20,21
0,Buzzfeed Unsolved (Web Series),Other Media,21,22
0,Buzzfeed Unsolved (Web Series),Other Media,22,23
0,Buzzfeed Unsolved (Web Series),Other Media,23,24
0,Buzzfeed Unsolved (Web Series),Other Media,24,25
0,Buzzfeed Unsolved (Web Series),Other Media,25,26
0,Buzzfeed Unsolved (Web Series),Other Media,26,27
0,Buzzfeed Unsolved (Web Series),Other Media,27,28
0,Buzzfeed Unsolved (Web Series),Other Media,28,29
0,Buzzfeed Unsolved (Web Series),Other Media,29,30
0,Buzzfeed Unsolved (Web Series),Other Media,30,31
0,Buzzfeed Unsolved (Web Series),Other Media,31,32
0,Buzzfeed Unsolved (Web Series),Other Media,32,33
0,Buzzfeed Unsolved (Web Series),Other Media,33,34
0,Buzzfeed Unsolved (Web Series),Other Media,34,35
0,Buzzfeed Unsolved (Web Series),Other Media,35,36
