172,Les Misérables - All Media Types,Theater,0,1
98,Les Misérables - All Media Types,Theater,1,2
116,Les Misérables - All Media Types,Theater,2,3
96,Les Misérables - All Media Types,Theater,3,4
106,Les Misérables - All Media Types,Theater,4,5
146,Les Misérables - All Media Types,Theater,5,6
173,Les Misérables - All Media Types,Theater,6,7
79,Les Misérables - All Media Types,Theater,7,8
106,Les Misérables - All Media Types,Theater,8,9
113,Les Misérables - All Media Types,Theater,9,10
127,Les Misérables - All Media Types,Theater,10,11
134,Les Misérables - All Media Types,Theater,11,12
194,Les Misérables - All Media Types,Theater,12,13
113,Les Misérables - All Media Types,Theater,13,14
117,Les Misérables - All Media Types,Theater,14,15
130,Les Misérables - All Media Types,Theater,15,16
152,Les Misérables - All Media Types,Theater,16,17
153,Les Misérables - All Media Types,Theater,17,18
273,Les Misérables - All Media Types,Theater,18,19
147,Les Misérables - All Media Types,Theater,19,20
192,Les Misérables - All Media Types,Theater,20,21
168,Les Misérables - All Media Types,Theater,21,22
106,Les Misérables - All Media Types,Theater,22,23
134,Les Misérables - All Media Types,Theater,23,24
229,Les Misérables - All Media Types,Theater,24,25
154,Les Misérables - All Media Types,Theater,25,26
226,Les Misérables - All Media Types,Theater,26,27
151,Les Misérables - All Media Types,Theater,27,28
175,Les Misérables - All Media Types,Theater,28,29
126,Les Misérables - All Media Types,Theater,29,30
166,Les Misérables - All Media Types,Theater,30,31
147,Les Misérables - All Media Types,Theater,31,32
155,Les Misérables - All Media Types,Theater,32,33
185,Les Misérables - All Media Types,Theater,33,34
267,Les Misérables - All Media Types,Theater,34,35
212,Les Misérables - All Media Types,Theater,35,36
337,Hamilton - Miranda,Theater,0,1
248,Hamilton - Miranda,Theater,1,2
366,Hamilton - Miranda,Theater,2,3
276,Hamilton - Miranda,Theater,3,4
399,Hamilton - Miranda,Theater,4,5
480,Hamilton - Miranda,Theater,5,6
436,Hamilton - Miranda,Theater,6,7
447,Hamilton - Miranda,Theater,7,8
548,Hamilton - Miranda,Theater,8,9
427,Hamilton - Miranda,Theater,9,10
416,Hamilton - Miranda,Theater,10,11
505,Hamilton - Miranda,Theater,11,12
573,Hamilton - Miranda,Theater,12,13
456,Hamilton - Miranda,Theater,13,14
390,Hamilton - Miranda,Theater,14,15
405,Hamilton - Miranda,Theater,15,16
456,Hamilton - Miranda,Theater,16,17
496,Hamilton - Miranda,Theater,17,18
514,Hamilton - Miranda,Theater,18,19
368,Hamilton - Miranda,Theater,19,20
404,Hamilton - Miranda,Theater,20,21
372,Hamilton - Miranda,Theater,21,22
288,Hamilton - Miranda,Theater,22,23
316,Hamilton - Miranda,Theater,23,24
347,Hamilton - Miranda,Theater,24,25
172,Hamilton - Miranda,Theater,25,26
47,Hamilton - Miranda,Theater,26,27
1,Hamilton - Miranda,Theater,27,28
1,Hamilton - Miranda,Theater,28,29
1,Hamilton - Miranda,Theater,29,30
0,Hamilton - Miranda,Theater,30,31
0,Hamilton - Miranda,Theater,31,32
0,Hamilton - Miranda,Theater,32,33
1,Hamilton - Miranda,Theater,33,34
0,Hamilton - Miranda,Theater,34,35
0,Hamilton - Miranda,Theater,35,36
49,Bishoujo Senshi Sailor Moon | Pretty Guardian Sailor Moon,Theater,0,1
42,Bishoujo Senshi Sailor Moon | Pretty Guardian Sailor Moon,Theater,1,2
36,Bishoujo Senshi Sailor Moon | Pretty Guardian Sailor Moon,Theater,2,3
34,Bishoujo Senshi Sailor Moon | Pretty Guardian Sailor Moon,Theater,3,4
69,Bishoujo Senshi Sailor Moon | Pretty Guardian Sailor Moon,Theater,4,5
49,Bishoujo Senshi Sailor Moon | Pretty Guardian Sailor Moon,Theater,5,6
34,Bishoujo Senshi Sailor Moon | Pretty Guardian Sailor Moon,Theater,6,7
39,Bishoujo Senshi Sailor Moon | Pretty Guardian Sailor Moon,Theater,7,8
71,Bishoujo Senshi Sailor Moon | Pretty Guardian Sailor Moon,Theater,8,9
41,Bishoujo Senshi Sailor Moon | Pretty Guardian Sailor Moon,Theater,9,10
41,Bishoujo Senshi Sailor Moon | Pretty Guardian Sailor Moon,Theater,10,11
49,Bishoujo Senshi Sailor Moon | Pretty Guardian Sailor Moon,Theater,11,12
18,Bishoujo Senshi Sailor Moon | Pretty Guardian Sailor Moon,Theater,12,13
11,Bishoujo Senshi Sailor Moon | Pretty Guardian Sailor Moon,Theater,13,14
27,Bishoujo Senshi Sailor Moon | Pretty Guardian Sailor Moon,Theater,14,15
44,Bishoujo Senshi Sailor Moon | Pretty Guardian Sailor Moon,Theater,15,16
31,Bishoujo Senshi Sailor Moon | Pretty Guardian Sailor Moon,Theater,16,17
53,Bishoujo Senshi Sailor Moon | Pretty Guardian Sailor Moon,Theater,17,18
38,Bishoujo Senshi Sailor Moon | Pretty Guardian Sailor Moon,Theater,18,19
55,Bishoujo Senshi Sailor Moon | Pretty Guardian Sailor Moon,Theater,19,20
62,Bishoujo Senshi Sailor Moon | Pretty Guardian Sailor Moon,Theater,20,21
38,Bishoujo Senshi Sailor Moon | Pretty Guardian Sailor Moon,Theater,21,22
48,Bishoujo Senshi Sailor Moon | Pretty Guardian Sailor Moon,Theater,22,23
40,Bishoujo Senshi Sailor Moon | Pretty Guardian Sailor Moon,Theater,23,24
40,Bishoujo Senshi Sailor Moon | Pretty Guardian Sailor Moon,Theater,24,25
31,Bishoujo Senshi Sailor Moon | Pretty Guardian Sailor Moon,Theater,25,26
34,Bishoujo Senshi Sailor Moon | Pretty Guardian Sailor Moon,Theater,26,27
59,Bishoujo Senshi Sailor Moon | Pretty Guardian Sailor Moon,Theater,27,28
40,Bishoujo Senshi Sailor Moon | Pretty Guardian Sailor Moon,Theater,28,29
44,Bishoujo Senshi Sailor Moon | Pretty Guardian Sailor Moon,Theater,29,30
30,Bishoujo Senshi Sailor Moon | Pretty Guardian Sailor Moon,Theater,30,31
38,Bishoujo Senshi Sailor Moon | Pretty Guardian Sailor Moon,Theater,31,32
26,Bishoujo Senshi Sailor Moon | Pretty Guardian Sailor Moon,Theater,32,33
48,Bishoujo Senshi Sailor Moon | Pretty Guardian Sailor Moon,Theater,33,34
47,Bishoujo Senshi Sailor Moon | Pretty Guardian Sailor Moon,Theater,34,35
86,Bishoujo Senshi Sailor Moon | Pretty Guardian Sailor Moon,Theater,35,36
221,Be More Chill - Iconis/Tracz,Theater,0,1
264,Be More Chill - Iconis/Tracz,Theater,1,2
200,Be More Chill - Iconis/Tracz,Theater,2,3
266,Be More Chill - Iconis/Tracz,Theater,3,4
309,Be More Chill - Iconis/Tracz,Theater,4,5
357,Be More Chill - Iconis/Tracz,Theater,5,6
386,Be More Chill - Iconis/Tracz,Theater,6,7
199,Be More Chill - Iconis/Tracz,Theater,7,8
13,Be More Chill - Iconis/Tracz,Theater,8,9
0,Be More Chill - Iconis/Tracz,Theater,9,10
0,Be More Chill - Iconis/Tracz,Theater,10,11
0,Be More Chill - Iconis/Tracz,Theater,11,12
0,Be More Chill - Iconis/Tracz,Theater,12,13
0,Be More Chill - Iconis/Tracz,Theater,13,14
0,Be More Chill - Iconis/Tracz,Theater,14,15
0,Be More Chill - Iconis/Tracz,Theater,15,16
0,Be More Chill - Iconis/Tracz,Theater,16,17
0,Be More Chill - Iconis/Tracz,Theater,17,18
0,Be More Chill - Iconis/Tracz,Theater,18,19
0,Be More Chill - Iconis/Tracz,Theater,19,20
0,Be More Chill - Iconis/Tracz,Theater,20,21
0,Be More Chill - Iconis/Tracz,Theater,21,22
0,Be More Chill - Iconis/Tracz,Theater,22,23
0,Be More Chill - Iconis/Tracz,Theater,23,24
0,Be More Chill - Iconis/Tracz,Theater,24,25
0,Be More Chill - Iconis/Tracz,Theater,25,26
0,Be More Chill - Iconis/Tracz,Theater,26,27
0,Be More Chill - Iconis/Tracz,Theater,27,28
0,Be More Chill - Iconis/Tracz,Theater,28,29
0,Be More Chill - Iconis/Tracz,Theater,29,30
0,Be More Chill - Iconis/Tracz,Theater,30,31
0,Be More Chill - Iconis/Tracz,Theater,31,32
0,Be More Chill - Iconis/Tracz,Theater,32,33
0,Be More Chill - Iconis/Tracz,Theater,33,34
0,Be More Chill - Iconis/Tracz,Theater,34,35
0,Be More Chill - Iconis/Tracz,Theater,35,36
25,SHAKESPEARE William - Works,Theater,0,1
15,SHAKESPEARE William - Works,Theater,1,2
28,SHAKESPEARE William - Works,Theater,2,3
36,SHAKESPEARE William - Works,Theater,3,4
24,SHAKESPEARE William - Works,Theater,4,5
24,SHAKESPEARE William - Works,Theater,5,6
31,SHAKESPEARE William - Works,Theater,6,7
37,SHAKESPEARE William - Works,Theater,7,8
20,SHAKESPEARE William - Works,Theater,8,9
26,SHAKESPEARE William - Works,Theater,9,10
24,SHAKESPEARE William - Works,Theater,10,11
26,SHAKESPEARE William - Works,Theater,11,12
31,SHAKESPEARE William - Works,Theater,12,13
23,SHAKESPEARE William - Works,Theater,13,14
31,SHAKESPEARE William - Works,Theater,14,15
31,SHAKESPEARE William - Works,Theater,15,16
38,SHAKESPEARE William - Works,Theater,16,17
41,SHAKESPEARE William - Works,Theater,17,18
26,SHAKESPEARE William - Works,Theater,18,19
50,SHAKESPEARE William - Works,Theater,19,20
44,SHAKESPEARE William - Works,Theater,20,21
32,SHAKESPEARE William - Works,Theater,21,22
64,SHAKESPEARE William - Works,Theater,22,23
57,SHAKESPEARE William - Works,Theater,23,24
53,SHAKESPEARE William - Works,Theater,24,25
24,SHAKESPEARE William - Works,Theater,25,26
43,SHAKESPEARE William - Works,Theater,26,27
29,SHAKESPEARE William - Works,Theater,27,28
69,SHAKESPEARE William - Works,Theater,28,29
48,SHAKESPEARE William - Works,Theater,29,30
33,SHAKESPEARE William - Works,Theater,30,31
25,SHAKESPEARE William - Works,Theater,31,32
36,SHAKESPEARE William - Works,Theater,32,33
32,SHAKESPEARE William - Works,Theater,33,34
27,SHAKESPEARE William - Works,Theater,34,35
26,SHAKESPEARE William - Works,Theater,35,36
23,Les Misérables - Schönberg/Boublil,Theater,0,1
12,Les Misérables - Schönberg/Boublil,Theater,1,2
12,Les Misérables - Schönberg/Boublil,Theater,2,3
11,Les Misérables - Schönberg/Boublil,Theater,3,4
7,Les Misérables - Schönberg/Boublil,Theater,4,5
11,Les Misérables - Schönberg/Boublil,Theater,5,6
23,Les Misérables - Schönberg/Boublil,Theater,6,7
5,Les Misérables - Schönberg/Boublil,Theater,7,8
15,Les Misérables - Schönberg/Boublil,Theater,8,9
11,Les Misérables - Schönberg/Boublil,Theater,9,10
10,Les Misérables - Schönberg/Boublil,Theater,10,11
13,Les Misérables - Schönberg/Boublil,Theater,11,12
13,Les Misérables - Schönberg/Boublil,Theater,12,13
5,Les Misérables - Schönberg/Boublil,Theater,13,14
5,Les Misérables - Schönberg/Boublil,Theater,14,15
16,Les Misérables - Schönberg/Boublil,Theater,15,16
15,Les Misérables - Schönberg/Boublil,Theater,16,17
19,Les Misérables - Schönberg/Boublil,Theater,17,18
23,Les Misérables - Schönberg/Boublil,Theater,18,19
15,Les Misérables - Schönberg/Boublil,Theater,19,20
16,Les Misérables - Schönberg/Boublil,Theater,20,21
13,Les Misérables - Schönberg/Boublil,Theater,21,22
9,Les Misérables - Schönberg/Boublil,Theater,22,23
15,Les Misérables - Schönberg/Boublil,Theater,23,24
15,Les Misérables - Schönberg/Boublil,Theater,24,25
19,Les Misérables - Schönberg/Boublil,Theater,25,26
24,Les Misérables - Schönberg/Boublil,Theater,26,27
8,Les Misérables - Schönberg/Boublil,Theater,27,28
20,Les Misérables - Schönberg/Boublil,Theater,28,29
9,Les Misérables - Schönberg/Boublil,Theater,29,30
16,Les Misérables - Schönberg/Boublil,Theater,30,31
7,Les Misérables - Schönberg/Boublil,Theater,31,32
20,Les Misérables - Schönberg/Boublil,Theater,32,33
14,Les Misérables - Schönberg/Boublil,Theater,33,34
17,Les Misérables - Schönberg/Boublil,Theater,34,35
21,Les Misérables - Schönberg/Boublil,Theater,35,36
157,Dear Evan Hansen - Pasek & Paul/Levenson,Theater,0,1
95,Dear Evan Hansen - Pasek & Paul/Levenson,Theater,1,2
106,Dear Evan Hansen - Pasek & Paul/Levenson,Theater,2,3
100,Dear Evan Hansen - Pasek & Paul/Levenson,Theater,3,4
181,Dear Evan Hansen - Pasek & Paul/Levenson,Theater,4,5
192,Dear Evan Hansen - Pasek & Paul/Levenson,Theater,5,6
229,Dear Evan Hansen - Pasek & Paul/Levenson,Theater,6,7
146,Dear Evan Hansen - Pasek & Paul/Levenson,Theater,7,8
79,Dear Evan Hansen - Pasek & Paul/Levenson,Theater,8,9
35,Dear Evan Hansen - Pasek & Paul/Levenson,Theater,9,10
4,Dear Evan Hansen - Pasek & Paul/Levenson,Theater,10,11
1,Dear Evan Hansen - Pasek & Paul/Levenson,Theater,11,12
0,Dear Evan Hansen - Pasek & Paul/Levenson,Theater,12,13
0,Dear Evan Hansen - Pasek & Paul/Levenson,Theater,13,14
0,Dear Evan Hansen - Pasek & Paul/Levenson,Theater,14,15
0,Dear Evan Hansen - Pasek & Paul/Levenson,Theater,15,16
0,Dear Evan Hansen - Pasek & Paul/Levenson,Theater,16,17
0,Dear Evan Hansen - Pasek & Paul/Levenson,Theater,17,18
0,Dear Evan Hansen - Pasek & Paul/Levenson,Theater,18,19
0,Dear Evan Hansen - Pasek & Paul/Levenson,Theater,19,20
0,Dear Evan Hansen - Pasek & Paul/Levenson,Theater,20,21
0,Dear Evan Hansen - Pasek & Paul/Levenson,Theater,21,22
0,Dear Evan Hansen - Pasek & Paul/Levenson,Theater,22,23
0,Dear Evan Hansen - Pasek & Paul/Levenson,Theater,23,24
0,Dear Evan Hansen - Pasek & Paul/Levenson,Theater,24,25
0,Dear Evan Hansen - Pasek & Paul/Levenson,Theater,25,26
0,Dear Evan Hansen - Pasek & Paul/Levenson,Theater,26,27
0,Dear Evan Hansen - Pasek & Paul/Levenson,Theater,27,28
0,Dear Evan Hansen - Pasek & Paul/Levenson,Theater,28,29
0,Dear Evan Hansen - Pasek & Paul/Levenson,Theater,29,30
0,Dear Evan Hansen - Pasek & Paul/Levenson,Theater,30,31
0,Dear Evan Hansen - Pasek & Paul/Levenson,Theater,31,32
0,Dear Evan Hansen - Pasek & Paul/Levenson,Theater,32,33
0,Dear Evan Hansen - Pasek & Paul/Levenson,Theater,33,34
0,Dear Evan Hansen - Pasek & Paul/Levenson,Theater,34,35
0,Dear Evan Hansen - Pasek & Paul/Levenson,Theater,35,36
102,Newsies - All Media Types,Theater,0,1
97,Newsies - All Media Types,Theater,1,2
95,Newsies - All Media Types,Theater,2,3
77,Newsies - All Media Types,Theater,3,4
82,Newsies - All Media Types,Theater,4,5
59,Newsies - All Media Types,Theater,5,6
74,Newsies - All Media Types,Theater,6,7
90,Newsies - All Media Types,Theater,7,8
43,Newsies - All Media Types,Theater,8,9
72,Newsies - All Media Types,Theater,9,10
20,Newsies - All Media Types,Theater,10,11
12,Newsies - All Media Types,Theater,11,12
17,Newsies - All Media Types,Theater,12,13
12,Newsies - All Media Types,Theater,13,14
12,Newsies - All Media Types,Theater,14,15
13,Newsies - All Media Types,Theater,15,16
8,Newsies - All Media Types,Theater,16,17
11,Newsies - All Media Types,Theater,17,18
7,Newsies - All Media Types,Theater,18,19
11,Newsies - All Media Types,Theater,19,20
10,Newsies - All Media Types,Theater,20,21
10,Newsies - All Media Types,Theater,21,22
23,Newsies - All Media Types,Theater,22,23
21,Newsies - All Media Types,Theater,23,24
24,Newsies - All Media Types,Theater,24,25
13,Newsies - All Media Types,Theater,25,26
21,Newsies - All Media Types,Theater,26,27
16,Newsies - All Media Types,Theater,27,28
20,Newsies - All Media Types,Theater,28,29
32,Newsies - All Media Types,Theater,29,30
22,Newsies - All Media Types,Theater,30,31
17,Newsies - All Media Types,Theater,31,32
14,Newsies - All Media Types,Theater,32,33
16,Newsies - All Media Types,Theater,33,34
14,Newsies - All Media Types,Theater,34,35
15,Newsies - All Media Types,Theater,35,36
29,Le Fantôme de l'Opéra | Phantom of the Opera & Related Fandoms,Theater,0,1
22,Le Fantôme de l'Opéra | Phantom of the Opera & Related Fandoms,Theater,1,2
45,Le Fantôme de l'Opéra | Phantom of the Opera & Related Fandoms,Theater,2,3
15,Le Fantôme de l'Opéra | Phantom of the Opera & Related Fandoms,Theater,3,4
34,Le Fantôme de l'Opéra | Phantom of the Opera & Related Fandoms,Theater,4,5
17,Le Fantôme de l'Opéra | Phantom of the Opera & Related Fandoms,Theater,5,6
26,Le Fantôme de l'Opéra | Phantom of the Opera & Related Fandoms,Theater,6,7
22,Le Fantôme de l'Opéra | Phantom of the Opera & Related Fandoms,Theater,7,8
18,Le Fantôme de l'Opéra | Phantom of the Opera & Related Fandoms,Theater,8,9
41,Le Fantôme de l'Opéra | Phantom of the Opera & Related Fandoms,Theater,9,10
54,Le Fantôme de l'Opéra | Phantom of the Opera & Related Fandoms,Theater,10,11
20,Le Fantôme de l'Opéra | Phantom of the Opera & Related Fandoms,Theater,11,12
40,Le Fantôme de l'Opéra | Phantom of the Opera & Related Fandoms,Theater,12,13
23,Le Fantôme de l'Opéra | Phantom of the Opera & Related Fandoms,Theater,13,14
19,Le Fantôme de l'Opéra | Phantom of the Opera & Related Fandoms,Theater,14,15
17,Le Fantôme de l'Opéra | Phantom of the Opera & Related Fandoms,Theater,15,16
12,Le Fantôme de l'Opéra | Phantom of the Opera & Related Fandoms,Theater,16,17
17,Le Fantôme de l'Opéra | Phantom of the Opera & Related Fandoms,Theater,17,18
35,Le Fantôme de l'Opéra | Phantom of the Opera & Related Fandoms,Theater,18,19
23,Le Fantôme de l'Opéra | Phantom of the Opera & Related Fandoms,Theater,19,20
16,Le Fantôme de l'Opéra | Phantom of the Opera & Related Fandoms,Theater,20,21
11,Le Fantôme de l'Opéra | Phantom of the Opera & Related Fandoms,Theater,21,22
19,Le Fantôme de l'Opéra | Phantom of the Opera & Related Fandoms,Theater,22,23
25,Le Fantôme de l'Opéra | Phantom of the Opera & Related Fandoms,Theater,23,24
14,Le Fantôme de l'Opéra | Phantom of the Opera & Related Fandoms,Theater,24,25
11,Le Fantôme de l'Opéra | Phantom of the Opera & Related Fandoms,Theater,25,26
9,Le Fantôme de l'Opéra | Phantom of the Opera & Related Fandoms,Theater,26,27
4,Le Fantôme de l'Opéra | Phantom of the Opera & Related Fandoms,Theater,27,28
9,Le Fantôme de l'Opéra | Phantom of the Opera & Related Fandoms,Theater,28,29
7,Le Fantôme de l'Opéra | Phantom of the Opera & Related Fandoms,Theater,29,30
12,Le Fantôme de l'Opéra | Phantom of the Opera & Related Fandoms,Theater,30,31
11,Le Fantôme de l'Opéra | Phantom of the Opera & Related Fandoms,Theater,31,32
7,Le Fantôme de l'Opéra | Phantom of the Opera & Related Fandoms,Theater,32,33
15,Le Fantôme de l'Opéra | Phantom of the Opera & Related Fandoms,Theater,33,34
10,Le Fantôme de l'Opéra | Phantom of the Opera & Related Fandoms,Theater,34,35
11,Le Fantôme de l'Opéra | Phantom of the Opera & Related Fandoms,Theater,35,36
83,Newsies!: the Musical - Fierstein/Menken,Theater,0,1
73,Newsies!: the Musical - Fierstein/Menken,Theater,1,2
82,Newsies!: the Musical - Fierstein/Menken,Theater,2,3
64,Newsies!: the Musical - Fierstein/Menken,Theater,3,4
64,Newsies!: the Musical - Fierstein/Menken,Theater,4,5
54,Newsies!: the Musical - Fierstein/Menken,Theater,5,6
56,Newsies!: the Musical - Fierstein/Menken,Theater,6,7
70,Newsies!: the Musical - Fierstein/Menken,Theater,7,8
38,Newsies!: the Musical - Fierstein/Menken,Theater,8,9
50,Newsies!: the Musical - Fierstein/Menken,Theater,9,10
18,Newsies!: the Musical - Fierstein/Menken,Theater,10,11
7,Newsies!: the Musical - Fierstein/Menken,Theater,11,12
10,Newsies!: the Musical - Fierstein/Menken,Theater,12,13
10,Newsies!: the Musical - Fierstein/Menken,Theater,13,14
8,Newsies!: the Musical - Fierstein/Menken,Theater,14,15
9,Newsies!: the Musical - Fierstein/Menken,Theater,15,16
8,Newsies!: the Musical - Fierstein/Menken,Theater,16,17
10,Newsies!: the Musical - Fierstein/Menken,Theater,17,18
6,Newsies!: the Musical - Fierstein/Menken,Theater,18,19
7,Newsies!: the Musical - Fierstein/Menken,Theater,19,20
7,Newsies!: the Musical - Fierstein/Menken,Theater,20,21
8,Newsies!: the Musical - Fierstein/Menken,Theater,21,22
20,Newsies!: the Musical - Fierstein/Menken,Theater,22,23
14,Newsies!: the Musical - Fierstein/Menken,Theater,23,24
24,Newsies!: the Musical - Fierstein/Menken,Theater,24,25
13,Newsies!: the Musical - Fierstein/Menken,Theater,25,26
17,Newsies!: the Musical - Fierstein/Menken,Theater,26,27
13,Newsies!: the Musical - Fierstein/Menken,Theater,27,28
14,Newsies!: the Musical - Fierstein/Menken,Theater,28,29
27,Newsies!: the Musical - Fierstein/Menken,Theater,29,30
15,Newsies!: the Musical - Fierstein/Menken,Theater,30,31
10,Newsies!: the Musical - Fierstein/Menken,Theater,31,32
11,Newsies!: the Musical - Fierstein/Menken,Theater,32,33
6,Newsies!: the Musical - Fierstein/Menken,Theater,33,34
6,Newsies!: the Musical - Fierstein/Menken,Theater,34,35
5,Newsies!: the Musical - Fierstein/Menken,Theater,35,36
39,Harry Potter and the Cursed Child - Thorne & Rowling,Theater,0,1
27,Harry Potter and the Cursed Child - Thorne & Rowling,Theater,1,2
39,Harry Potter and the Cursed Child - Thorne & Rowling,Theater,2,3
31,Harry Potter and the Cursed Child - Thorne & Rowling,Theater,3,4
42,Harry Potter and the Cursed Child - Thorne & Rowling,Theater,4,5
34,Harry Potter and the Cursed Child - Thorne & Rowling,Theater,5,6
46,Harry Potter and the Cursed Child - Thorne & Rowling,Theater,6,7
30,Harry Potter and the Cursed Child - Thorne & Rowling,Theater,7,8
24,Harry Potter and the Cursed Child - Thorne & Rowling,Theater,8,9
52,Harry Potter and the Cursed Child - Thorne & Rowling,Theater,9,10
62,Harry Potter and the Cursed Child - Thorne & Rowling,Theater,10,11
32,Harry Potter and the Cursed Child - Thorne & Rowling,Theater,11,12
54,Harry Potter and the Cursed Child - Thorne & Rowling,Theater,12,13
41,Harry Potter and the Cursed Child - Thorne & Rowling,Theater,13,14
42,Harry Potter and the Cursed Child - Thorne & Rowling,Theater,14,15
61,Harry Potter and the Cursed Child - Thorne & Rowling,Theater,15,16
79,Harry Potter and the Cursed Child - Thorne & Rowling,Theater,16,17
2,Harry Potter and the Cursed Child - Thorne & Rowling,Theater,17,18
5,Harry Potter and the Cursed Child - Thorne & Rowling,Theater,18,19
0,Harry Potter and the Cursed Child - Thorne & Rowling,Theater,19,20
1,Harry Potter and the Cursed Child - Thorne & Rowling,Theater,20,21
0,Harry Potter and the Cursed Child - Thorne & Rowling,Theater,21,22
0,Harry Potter and the Cursed Child - Thorne & Rowling,Theater,22,23
0,Harry Potter and the Cursed Child - Thorne & Rowling,Theater,23,24
0,Harry Potter and the Cursed Child - Thorne & Rowling,Theater,24,25
0,Harry Potter and the Cursed Child - Thorne & Rowling,Theater,25,26
0,Harry Potter and the Cursed Child - Thorne & Rowling,Theater,26,27
0,Harry Potter and the Cursed Child - Thorne & Rowling,Theater,27,28
0,Harry Potter and the Cursed Child - Thorne & Rowling,Theater,28,29
0,Harry Potter and the Cursed Child - Thorne & Rowling,Theater,29,30
0,Harry Potter and the Cursed Child - Thorne & Rowling,Theater,30,31
0,Harry Potter and the Cursed Child - Thorne & Rowling,Theater,31,32
0,Harry Potter and the Cursed Child - Thorne & Rowling,Theater,32,33
0,Harry Potter and the Cursed Child - Thorne & Rowling,Theater,33,34
0,Harry Potter and the Cursed Child - Thorne & Rowling,Theater,34,35
0,Harry Potter and the Cursed Child - Thorne & Rowling,Theater,35,36
6,Romeo And Juliet - All Media Types,Theater,0,1
5,Romeo And Juliet - All Media Types,Theater,1,2
8,Romeo And Juliet - All Media Types,Theater,2,3
2,Romeo And Juliet - All Media Types,Theater,3,4
11,Romeo And Juliet - All Media Types,Theater,4,5
12,Romeo And Juliet - All Media Types,Theater,5,6
10,Romeo And Juliet - All Media Types,Theater,6,7
16,Romeo And Juliet - All Media Types,Theater,7,8
25,Romeo And Juliet - All Media Types,Theater,8,9
12,Romeo And Juliet - All Media Types,Theater,9,10
7,Romeo And Juliet - All Media Types,Theater,10,11
10,Romeo And Juliet - All Media Types,Theater,11,12
9,Romeo And Juliet - All Media Types,Theater,12,13
15,Romeo And Juliet - All Media Types,Theater,13,14
11,Romeo And Juliet - All Media Types,Theater,14,15
8,Romeo And Juliet - All Media Types,Theater,15,16
18,Romeo And Juliet - All Media Types,Theater,16,17
10,Romeo And Juliet - All Media Types,Theater,17,18
7,Romeo And Juliet - All Media Types,Theater,18,19
22,Romeo And Juliet - All Media Types,Theater,19,20
20,Romeo And Juliet - All Media Types,Theater,20,21
14,Romeo And Juliet - All Media Types,Theater,21,22
33,Romeo And Juliet - All Media Types,Theater,22,23
17,Romeo And Juliet - All Media Types,Theater,23,24
16,Romeo And Juliet - All Media Types,Theater,24,25
21,Romeo And Juliet - All Media Types,Theater,25,26
30,Romeo And Juliet - All Media Types,Theater,26,27
6,Romeo And Juliet - All Media Types,Theater,27,28
50,Romeo And Juliet - All Media Types,Theater,28,29
32,Romeo And Juliet - All Media Types,Theater,29,30
14,Romeo And Juliet - All Media Types,Theater,30,31
13,Romeo And Juliet - All Media Types,Theater,31,32
10,Romeo And Juliet - All Media Types,Theater,32,33
6,Romeo And Juliet - All Media Types,Theater,33,34
6,Romeo And Juliet - All Media Types,Theater,34,35
20,Romeo And Juliet - All Media Types,Theater,35,36
25,Heathers: The Musical - Murphy & O'Keefe,Theater,0,1
28,Heathers: The Musical - Murphy & O'Keefe,Theater,1,2
26,Heathers: The Musical - Murphy & O'Keefe,Theater,2,3
27,Heathers: The Musical - Murphy & O'Keefe,Theater,3,4
38,Heathers: The Musical - Murphy & O'Keefe,Theater,4,5
49,Heathers: The Musical - Murphy & O'Keefe,Theater,5,6
33,Heathers: The Musical - Murphy & O'Keefe,Theater,6,7
35,Heathers: The Musical - Murphy & O'Keefe,Theater,7,8
58,Heathers: The Musical - Murphy & O'Keefe,Theater,8,9
44,Heathers: The Musical - Murphy & O'Keefe,Theater,9,10
25,Heathers: The Musical - Murphy & O'Keefe,Theater,10,11
9,Heathers: The Musical - Murphy & O'Keefe,Theater,11,12
7,Heathers: The Musical - Murphy & O'Keefe,Theater,12,13
8,Heathers: The Musical - Murphy & O'Keefe,Theater,13,14
5,Heathers: The Musical - Murphy & O'Keefe,Theater,14,15
1,Heathers: The Musical - Murphy & O'Keefe,Theater,15,16
4,Heathers: The Musical - Murphy & O'Keefe,Theater,16,17
5,Heathers: The Musical - Murphy & O'Keefe,Theater,17,18
3,Heathers: The Musical - Murphy & O'Keefe,Theater,18,19
10,Heathers: The Musical - Murphy & O'Keefe,Theater,19,20
5,Heathers: The Musical - Murphy & O'Keefe,Theater,20,21
2,Heathers: The Musical - Murphy & O'Keefe,Theater,21,22
4,Heathers: The Musical - Murphy & O'Keefe,Theater,22,23
1,Heathers: The Musical - Murphy & O'Keefe,Theater,23,24
4,Heathers: The Musical - Murphy & O'Keefe,Theater,24,25
7,Heathers: The Musical - Murphy & O'Keefe,Theater,25,26
21,Heathers: The Musical - Murphy & O'Keefe,Theater,26,27
6,Heathers: The Musical - Murphy & O'Keefe,Theater,27,28
3,Heathers: The Musical - Murphy & O'Keefe,Theater,28,29
4,Heathers: The Musical - Murphy & O'Keefe,Theater,29,30
3,Heathers: The Musical - Murphy & O'Keefe,Theater,30,31
4,Heathers: The Musical - Murphy & O'Keefe,Theater,31,32
3,Heathers: The Musical - Murphy & O'Keefe,Theater,32,33
0,Heathers: The Musical - Murphy & O'Keefe,Theater,33,34
1,Heathers: The Musical - Murphy & O'Keefe,Theater,34,35
4,Heathers: The Musical - Murphy & O'Keefe,Theater,35,36
11,Shakespeare - History Plays,Theater,0,1
1,Shakespeare - History Plays,Theater,1,2
1,Shakespeare - History Plays,Theater,2,3
21,Shakespeare - History Plays,Theater,3,4
3,Shakespeare - History Plays,Theater,4,5
3,Shakespeare - History Plays,Theater,5,6
6,Shakespeare - History Plays,Theater,6,7
9,Shakespeare - History Plays,Theater,7,8
3,Shakespeare - History Plays,Theater,8,9
8,Shakespeare - History Plays,Theater,9,10
11,Shakespeare - History Plays,Theater,10,11
7,Shakespeare - History Plays,Theater,11,12
7,Shakespeare - History Plays,Theater,12,13
2,Shakespeare - History Plays,Theater,13,14
7,Shakespeare - History Plays,Theater,14,15
13,Shakespeare - History Plays,Theater,15,16
21,Shakespeare - History Plays,Theater,16,17
6,Shakespeare - History Plays,Theater,17,18
7,Shakespeare - History Plays,Theater,18,19
10,Shakespeare - History Plays,Theater,19,20
8,Shakespeare - History Plays,Theater,20,21
13,Shakespeare - History Plays,Theater,21,22
16,Shakespeare - History Plays,Theater,22,23
10,Shakespeare - History Plays,Theater,23,24
8,Shakespeare - History Plays,Theater,24,25
5,Shakespeare - History Plays,Theater,25,26
7,Shakespeare - History Plays,Theater,26,27
12,Shakespeare - History Plays,Theater,27,28
15,Shakespeare - History Plays,Theater,28,29
10,Shakespeare - History Plays,Theater,29,30
5,Shakespeare - History Plays,Theater,30,31
3,Shakespeare - History Plays,Theater,31,32
4,Shakespeare - History Plays,Theater,32,33
8,Shakespeare - History Plays,Theater,33,34
6,Shakespeare - History Plays,Theater,34,35
5,Shakespeare - History Plays,Theater,35,36
37,The Book of Mormon - Ambiguous Fandom,Theater,0,1
26,The Book of Mormon - Ambiguous Fandom,Theater,1,2
15,The Book of Mormon - Ambiguous Fandom,Theater,2,3
15,The Book of Mormon - Ambiguous Fandom,Theater,3,4
38,The Book of Mormon - Ambiguous Fandom,Theater,4,5
31,The Book of Mormon - Ambiguous Fandom,Theater,5,6
23,The Book of Mormon - Ambiguous Fandom,Theater,6,7
12,The Book of Mormon - Ambiguous Fandom,Theater,7,8
20,The Book of Mormon - Ambiguous Fandom,Theater,8,9
13,The Book of Mormon - Ambiguous Fandom,Theater,9,10
9,The Book of Mormon - Ambiguous Fandom,Theater,10,11
10,The Book of Mormon - Ambiguous Fandom,Theater,11,12
7,The Book of Mormon - Ambiguous Fandom,Theater,12,13
7,The Book of Mormon - Ambiguous Fandom,Theater,13,14
9,The Book of Mormon - Ambiguous Fandom,Theater,14,15
9,The Book of Mormon - Ambiguous Fandom,Theater,15,16
13,The Book of Mormon - Ambiguous Fandom,Theater,16,17
8,The Book of Mormon - Ambiguous Fandom,Theater,17,18
10,The Book of Mormon - Ambiguous Fandom,Theater,18,19
15,The Book of Mormon - Ambiguous Fandom,Theater,19,20
11,The Book of Mormon - Ambiguous Fandom,Theater,20,21
11,The Book of Mormon - Ambiguous Fandom,Theater,21,22
14,The Book of Mormon - Ambiguous Fandom,Theater,22,23
15,The Book of Mormon - Ambiguous Fandom,Theater,23,24
21,The Book of Mormon - Ambiguous Fandom,Theater,24,25
19,The Book of Mormon - Ambiguous Fandom,Theater,25,26
40,The Book of Mormon - Ambiguous Fandom,Theater,26,27
13,The Book of Mormon - Ambiguous Fandom,Theater,27,28
33,The Book of Mormon - Ambiguous Fandom,Theater,28,29
2,The Book of Mormon - Ambiguous Fandom,Theater,29,30
7,The Book of Mormon - Ambiguous Fandom,Theater,30,31
1,The Book of Mormon - Ambiguous Fandom,Theater,31,32
5,The Book of Mormon - Ambiguous Fandom,Theater,32,33
0,The Book of Mormon - Ambiguous Fandom,Theater,33,34
0,The Book of Mormon - Ambiguous Fandom,Theater,34,35
1,The Book of Mormon - Ambiguous Fandom,Theater,35,36
35,The Book of Mormon - Parker/Stone/Lopez,Theater,0,1
26,The Book of Mormon - Parker/Stone/Lopez,Theater,1,2
15,The Book of Mormon - Parker/Stone/Lopez,Theater,2,3
14,The Book of Mormon - Parker/Stone/Lopez,Theater,3,4
38,The Book of Mormon - Parker/Stone/Lopez,Theater,4,5
31,The Book of Mormon - Parker/Stone/Lopez,Theater,5,6
23,The Book of Mormon - Parker/Stone/Lopez,Theater,6,7
12,The Book of Mormon - Parker/Stone/Lopez,Theater,7,8
20,The Book of Mormon - Parker/Stone/Lopez,Theater,8,9
13,The Book of Mormon - Parker/Stone/Lopez,Theater,9,10
8,The Book of Mormon - Parker/Stone/Lopez,Theater,10,11
10,The Book of Mormon - Parker/Stone/Lopez,Theater,11,12
7,The Book of Mormon - Parker/Stone/Lopez,Theater,12,13
7,The Book of Mormon - Parker/Stone/Lopez,Theater,13,14
9,The Book of Mormon - Parker/Stone/Lopez,Theater,14,15
9,The Book of Mormon - Parker/Stone/Lopez,Theater,15,16
13,The Book of Mormon - Parker/Stone/Lopez,Theater,16,17
8,The Book of Mormon - Parker/Stone/Lopez,Theater,17,18
10,The Book of Mormon - Parker/Stone/Lopez,Theater,18,19
15,The Book of Mormon - Parker/Stone/Lopez,Theater,19,20
11,The Book of Mormon - Parker/Stone/Lopez,Theater,20,21
11,The Book of Mormon - Parker/Stone/Lopez,Theater,21,22
14,The Book of Mormon - Parker/Stone/Lopez,Theater,22,23
15,The Book of Mormon - Parker/Stone/Lopez,Theater,23,24
20,The Book of Mormon - Parker/Stone/Lopez,Theater,24,25
19,The Book of Mormon - Parker/Stone/Lopez,Theater,25,26
40,The Book of Mormon - Parker/Stone/Lopez,Theater,26,27
13,The Book of Mormon - Parker/Stone/Lopez,Theater,27,28
33,The Book of Mormon - Parker/Stone/Lopez,Theater,28,29
2,The Book of Mormon - Parker/Stone/Lopez,Theater,29,30
7,The Book of Mormon - Parker/Stone/Lopez,Theater,30,31
1,The Book of Mormon - Parker/Stone/Lopez,Theater,31,32
5,The Book of Mormon - Parker/Stone/Lopez,Theater,32,33
0,The Book of Mormon - Parker/Stone/Lopez,Theater,33,34
0,The Book of Mormon - Parker/Stone/Lopez,Theater,34,35
1,The Book of Mormon - Parker/Stone/Lopez,Theater,35,36
11,Wicked - All Media Types,Theater,0,1
12,Wicked - All Media Types,Theater,1,2
24,Wicked - All Media Types,Theater,2,3
2,Wicked - All Media Types,Theater,3,4
15,Wicked - All Media Types,Theater,4,5
4,Wicked - All Media Types,Theater,5,6
4,Wicked - All Media Types,Theater,6,7
2,Wicked - All Media Types,Theater,7,8
4,Wicked - All Media Types,Theater,8,9
3,Wicked - All Media Types,Theater,9,10
8,Wicked - All Media Types,Theater,10,11
4,Wicked - All Media Types,Theater,11,12
3,Wicked - All Media Types,Theater,12,13
4,Wicked - All Media Types,Theater,13,14
3,Wicked - All Media Types,Theater,14,15
14,Wicked - All Media Types,Theater,15,16
6,Wicked - All Media Types,Theater,16,17
5,Wicked - All Media Types,Theater,17,18
6,Wicked - All Media Types,Theater,18,19
6,Wicked - All Media Types,Theater,19,20
7,Wicked - All Media Types,Theater,20,21
8,Wicked - All Media Types,Theater,21,22
8,Wicked - All Media Types,Theater,22,23
6,Wicked - All Media Types,Theater,23,24
7,Wicked - All Media Types,Theater,24,25
9,Wicked - All Media Types,Theater,25,26
6,Wicked - All Media Types,Theater,26,27
8,Wicked - All Media Types,Theater,27,28
9,Wicked - All Media Types,Theater,28,29
9,Wicked - All Media Types,Theater,29,30
11,Wicked - All Media Types,Theater,30,31
6,Wicked - All Media Types,Theater,31,32
5,Wicked - All Media Types,Theater,32,33
15,Wicked - All Media Types,Theater,33,34
9,Wicked - All Media Types,Theater,34,35
9,Wicked - All Media Types,Theater,35,36
3,Romeo And Juliet - Shakespeare,Theater,0,1
5,Romeo And Juliet - Shakespeare,Theater,1,2
5,Romeo And Juliet - Shakespeare,Theater,2,3
1,Romeo And Juliet - Shakespeare,Theater,3,4
9,Romeo And Juliet - Shakespeare,Theater,4,5
8,Romeo And Juliet - Shakespeare,Theater,5,6
6,Romeo And Juliet - Shakespeare,Theater,6,7
13,Romeo And Juliet - Shakespeare,Theater,7,8
4,Romeo And Juliet - Shakespeare,Theater,8,9
6,Romeo And Juliet - Shakespeare,Theater,9,10
3,Romeo And Juliet - Shakespeare,Theater,10,11
5,Romeo And Juliet - Shakespeare,Theater,11,12
8,Romeo And Juliet - Shakespeare,Theater,12,13
12,Romeo And Juliet - Shakespeare,Theater,13,14
4,Romeo And Juliet - Shakespeare,Theater,14,15
2,Romeo And Juliet - Shakespeare,Theater,15,16
4,Romeo And Juliet - Shakespeare,Theater,16,17
9,Romeo And Juliet - Shakespeare,Theater,17,18
6,Romeo And Juliet - Shakespeare,Theater,18,19
18,Romeo And Juliet - Shakespeare,Theater,19,20
13,Romeo And Juliet - Shakespeare,Theater,20,21
7,Romeo And Juliet - Shakespeare,Theater,21,22
18,Romeo And Juliet - Shakespeare,Theater,22,23
12,Romeo And Juliet - Shakespeare,Theater,23,24
7,Romeo And Juliet - Shakespeare,Theater,24,25
12,Romeo And Juliet - Shakespeare,Theater,25,26
19,Romeo And Juliet - Shakespeare,Theater,26,27
5,Romeo And Juliet - Shakespeare,Theater,27,28
37,Romeo And Juliet - Shakespeare,Theater,28,29
27,Romeo And Juliet - Shakespeare,Theater,29,30
11,Romeo And Juliet - Shakespeare,Theater,30,31
8,Romeo And Juliet - Shakespeare,Theater,31,32
10,Romeo And Juliet - Shakespeare,Theater,32,33
3,Romeo And Juliet - Shakespeare,Theater,33,34
5,Romeo And Juliet - Shakespeare,Theater,34,35
12,Romeo And Juliet - Shakespeare,Theater,35,36
3,Rent - Larson,Theater,0,1
3,Rent - Larson,Theater,1,2
6,Rent - Larson,Theater,2,3
1,Rent - Larson,Theater,3,4
1,Rent - Larson,Theater,4,5
3,Rent - Larson,Theater,5,6
4,Rent - Larson,Theater,6,7
1,Rent - Larson,Theater,7,8
3,Rent - Larson,Theater,8,9
10,Rent - Larson,Theater,9,10
7,Rent - Larson,Theater,10,11
5,Rent - Larson,Theater,11,12
2,Rent - Larson,Theater,12,13
1,Rent - Larson,Theater,13,14
3,Rent - Larson,Theater,14,15
2,Rent - Larson,Theater,15,16
3,Rent - Larson,Theater,16,17
1,Rent - Larson,Theater,17,18
3,Rent - Larson,Theater,18,19
7,Rent - Larson,Theater,19,20
7,Rent - Larson,Theater,20,21
3,Rent - Larson,Theater,21,22
2,Rent - Larson,Theater,22,23
4,Rent - Larson,Theater,23,24
6,Rent - Larson,Theater,24,25
3,Rent - Larson,Theater,25,26
5,Rent - Larson,Theater,26,27
2,Rent - Larson,Theater,27,28
5,Rent - Larson,Theater,28,29
7,Rent - Larson,Theater,29,30
5,Rent - Larson,Theater,30,31
9,Rent - Larson,Theater,31,32
7,Rent - Larson,Theater,32,33
6,Rent - Larson,Theater,33,34
9,Rent - Larson,Theater,34,35
2,Rent - Larson,Theater,35,36
9,Phantom of the Opera - Lloyd Webber,Theater,0,1
6,Phantom of the Opera - Lloyd Webber,Theater,1,2
15,Phantom of the Opera - Lloyd Webber,Theater,2,3
6,Phantom of the Opera - Lloyd Webber,Theater,3,4
13,Phantom of the Opera - Lloyd Webber,Theater,4,5
6,Phantom of the Opera - Lloyd Webber,Theater,5,6
10,Phantom of the Opera - Lloyd Webber,Theater,6,7
9,Phantom of the Opera - Lloyd Webber,Theater,7,8
8,Phantom of the Opera - Lloyd Webber,Theater,8,9
18,Phantom of the Opera - Lloyd Webber,Theater,9,10
23,Phantom of the Opera - Lloyd Webber,Theater,10,11
5,Phantom of the Opera - Lloyd Webber,Theater,11,12
9,Phantom of the Opera - Lloyd Webber,Theater,12,13
6,Phantom of the Opera - Lloyd Webber,Theater,13,14
9,Phantom of the Opera - Lloyd Webber,Theater,14,15
0,Phantom of the Opera - Lloyd Webber,Theater,15,16
3,Phantom of the Opera - Lloyd Webber,Theater,16,17
4,Phantom of the Opera - Lloyd Webber,Theater,17,18
3,Phantom of the Opera - Lloyd Webber,Theater,18,19
8,Phantom of the Opera - Lloyd Webber,Theater,19,20
4,Phantom of the Opera - Lloyd Webber,Theater,20,21
5,Phantom of the Opera - Lloyd Webber,Theater,21,22
5,Phantom of the Opera - Lloyd Webber,Theater,22,23
8,Phantom of the Opera - Lloyd Webber,Theater,23,24
6,Phantom of the Opera - Lloyd Webber,Theater,24,25
7,Phantom of the Opera - Lloyd Webber,Theater,25,26
5,Phantom of the Opera - Lloyd Webber,Theater,26,27
0,Phantom of the Opera - Lloyd Webber,Theater,27,28
5,Phantom of the Opera - Lloyd Webber,Theater,28,29
2,Phantom of the Opera - Lloyd Webber,Theater,29,30
0,Phantom of the Opera - Lloyd Webber,Theater,30,31
7,Phantom of the Opera - Lloyd Webber,Theater,31,32
2,Phantom of the Opera - Lloyd Webber,Theater,32,33
4,Phantom of the Opera - Lloyd Webber,Theater,33,34
4,Phantom of the Opera - Lloyd Webber,Theater,34,35
6,Phantom of the Opera - Lloyd Webber,Theater,35,36
9,Spring Awakening - Sheik/Sater,Theater,0,1
4,Spring Awakening - Sheik/Sater,Theater,1,2
9,Spring Awakening - Sheik/Sater,Theater,2,3
12,Spring Awakening - Sheik/Sater,Theater,3,4
11,Spring Awakening - Sheik/Sater,Theater,4,5
16,Spring Awakening - Sheik/Sater,Theater,5,6
13,Spring Awakening - Sheik/Sater,Theater,6,7
16,Spring Awakening - Sheik/Sater,Theater,7,8
15,Spring Awakening - Sheik/Sater,Theater,8,9
18,Spring Awakening - Sheik/Sater,Theater,9,10
15,Spring Awakening - Sheik/Sater,Theater,10,11
4,Spring Awakening - Sheik/Sater,Theater,11,12
14,Spring Awakening - Sheik/Sater,Theater,12,13
10,Spring Awakening - Sheik/Sater,Theater,13,14
26,Spring Awakening - Sheik/Sater,Theater,14,15
20,Spring Awakening - Sheik/Sater,Theater,15,16
30,Spring Awakening - Sheik/Sater,Theater,16,17
30,Spring Awakening - Sheik/Sater,Theater,17,18
17,Spring Awakening - Sheik/Sater,Theater,18,19
7,Spring Awakening - Sheik/Sater,Theater,19,20
5,Spring Awakening - Sheik/Sater,Theater,20,21
8,Spring Awakening - Sheik/Sater,Theater,21,22
25,Spring Awakening - Sheik/Sater,Theater,22,23
14,Spring Awakening - Sheik/Sater,Theater,23,24
24,Spring Awakening - Sheik/Sater,Theater,24,25
9,Spring Awakening - Sheik/Sater,Theater,25,26
11,Spring Awakening - Sheik/Sater,Theater,26,27
9,Spring Awakening - Sheik/Sater,Theater,27,28
6,Spring Awakening - Sheik/Sater,Theater,28,29
5,Spring Awakening - Sheik/Sater,Theater,29,30
5,Spring Awakening - Sheik/Sater,Theater,30,31
1,Spring Awakening - Sheik/Sater,Theater,31,32
1,Spring Awakening - Sheik/Sater,Theater,32,33
1,Spring Awakening - Sheik/Sater,Theater,33,34
2,Spring Awakening - Sheik/Sater,Theater,34,35
5,Spring Awakening - Sheik/Sater,Theater,35,36
65,Falsettos - Lapine/Finn,Theater,0,1
25,Falsettos - Lapine/Finn,Theater,1,2
35,Falsettos - Lapine/Finn,Theater,2,3
30,Falsettos - Lapine/Finn,Theater,3,4
51,Falsettos - Lapine/Finn,Theater,4,5
72,Falsettos - Lapine/Finn,Theater,5,6
22,Falsettos - Lapine/Finn,Theater,6,7
19,Falsettos - Lapine/Finn,Theater,7,8
9,Falsettos - Lapine/Finn,Theater,8,9
4,Falsettos - Lapine/Finn,Theater,9,10
23,Falsettos - Lapine/Finn,Theater,10,11
18,Falsettos - Lapine/Finn,Theater,11,12
11,Falsettos - Lapine/Finn,Theater,12,13
5,Falsettos - Lapine/Finn,Theater,13,14
1,Falsettos - Lapine/Finn,Theater,14,15
0,Falsettos - Lapine/Finn,Theater,15,16
0,Falsettos - Lapine/Finn,Theater,16,17
0,Falsettos - Lapine/Finn,Theater,17,18
0,Falsettos - Lapine/Finn,Theater,18,19
0,Falsettos - Lapine/Finn,Theater,19,20
0,Falsettos - Lapine/Finn,Theater,20,21
0,Falsettos - Lapine/Finn,Theater,21,22
0,Falsettos - Lapine/Finn,Theater,22,23
0,Falsettos - Lapine/Finn,Theater,23,24
0,Falsettos - Lapine/Finn,Theater,24,25
0,Falsettos - Lapine/Finn,Theater,25,26
0,Falsettos - Lapine/Finn,Theater,26,27
0,Falsettos - Lapine/Finn,Theater,27,28
0,Falsettos - Lapine/Finn,Theater,28,29
0,Falsettos - Lapine/Finn,Theater,29,30
0,Falsettos - Lapine/Finn,Theater,30,31
0,Falsettos - Lapine/Finn,Theater,31,32
0,Falsettos - Lapine/Finn,Theater,32,33
0,Falsettos - Lapine/Finn,Theater,33,34
0,Falsettos - Lapine/Finn,Theater,34,35
0,Falsettos - Lapine/Finn,Theater,35,36
4,Hamlet - All Media Types,Theater,0,1
2,Hamlet - All Media Types,Theater,1,2
11,Hamlet - All Media Types,Theater,2,3
5,Hamlet - All Media Types,Theater,3,4
8,Hamlet - All Media Types,Theater,4,5
2,Hamlet - All Media Types,Theater,5,6
10,Hamlet - All Media Types,Theater,6,7
5,Hamlet - All Media Types,Theater,7,8
3,Hamlet - All Media Types,Theater,8,9
4,Hamlet - All Media Types,Theater,9,10
2,Hamlet - All Media Types,Theater,10,11
3,Hamlet - All Media Types,Theater,11,12
4,Hamlet - All Media Types,Theater,12,13
2,Hamlet - All Media Types,Theater,13,14
8,Hamlet - All Media Types,Theater,14,15
9,Hamlet - All Media Types,Theater,15,16
8,Hamlet - All Media Types,Theater,16,17
2,Hamlet - All Media Types,Theater,17,18
3,Hamlet - All Media Types,Theater,18,19
9,Hamlet - All Media Types,Theater,19,20
6,Hamlet - All Media Types,Theater,20,21
5,Hamlet - All Media Types,Theater,21,22
11,Hamlet - All Media Types,Theater,22,23
7,Hamlet - All Media Types,Theater,23,24
11,Hamlet - All Media Types,Theater,24,25
1,Hamlet - All Media Types,Theater,25,26
10,Hamlet - All Media Types,Theater,26,27
3,Hamlet - All Media Types,Theater,27,28
9,Hamlet - All Media Types,Theater,28,29
3,Hamlet - All Media Types,Theater,29,30
1,Hamlet - All Media Types,Theater,30,31
5,Hamlet - All Media Types,Theater,31,32
7,Hamlet - All Media Types,Theater,32,33
4,Hamlet - All Media Types,Theater,33,34
7,Hamlet - All Media Types,Theater,34,35
3,Hamlet - All Media Types,Theater,35,36
4,Hamlet - Shakespeare,Theater,0,1
2,Hamlet - Shakespeare,Theater,1,2
11,Hamlet - Shakespeare,Theater,2,3
5,Hamlet - Shakespeare,Theater,3,4
7,Hamlet - Shakespeare,Theater,4,5
2,Hamlet - Shakespeare,Theater,5,6
9,Hamlet - Shakespeare,Theater,6,7
5,Hamlet - Shakespeare,Theater,7,8
3,Hamlet - Shakespeare,Theater,8,9
4,Hamlet - Shakespeare,Theater,9,10
2,Hamlet - Shakespeare,Theater,10,11
3,Hamlet - Shakespeare,Theater,11,12
3,Hamlet - Shakespeare,Theater,12,13
2,Hamlet - Shakespeare,Theater,13,14
8,Hamlet - Shakespeare,Theater,14,15
9,Hamlet - Shakespeare,Theater,15,16
7,Hamlet - Shakespeare,Theater,16,17
2,Hamlet - Shakespeare,Theater,17,18
3,Hamlet - Shakespeare,Theater,18,19
8,Hamlet - Shakespeare,Theater,19,20
6,Hamlet - Shakespeare,Theater,20,21
5,Hamlet - Shakespeare,Theater,21,22
11,Hamlet - Shakespeare,Theater,22,23
7,Hamlet - Shakespeare,Theater,23,24
11,Hamlet - Shakespeare,Theater,24,25
1,Hamlet - Shakespeare,Theater,25,26
10,Hamlet - Shakespeare,Theater,26,27
3,Hamlet - Shakespeare,Theater,27,28
9,Hamlet - Shakespeare,Theater,28,29
3,Hamlet - Shakespeare,Theater,29,30
1,Hamlet - Shakespeare,Theater,30,31
4,Hamlet - Shakespeare,Theater,31,32
7,Hamlet - Shakespeare,Theater,32,33
4,Hamlet - Shakespeare,Theater,33,34
6,Hamlet - Shakespeare,Theater,34,35
3,Hamlet - Shakespeare,Theater,35,36
7,In the Heights - Miranda,Theater,0,1
9,In the Heights - Miranda,Theater,1,2
8,In the Heights - Miranda,Theater,2,3
8,In the Heights - Miranda,Theater,3,4
7,In the Heights - Miranda,Theater,4,5
14,In the Heights - Miranda,Theater,5,6
20,In the Heights - Miranda,Theater,6,7
21,In the Heights - Miranda,Theater,7,8
26,In the Heights - Miranda,Theater,8,9
18,In the Heights - Miranda,Theater,9,10
10,In the Heights - Miranda,Theater,10,11
15,In the Heights - Miranda,Theater,11,12
25,In the Heights - Miranda,Theater,12,13
19,In the Heights - Miranda,Theater,13,14
12,In the Heights - Miranda,Theater,14,15
21,In the Heights - Miranda,Theater,15,16
16,In the Heights - Miranda,Theater,16,17
15,In the Heights - Miranda,Theater,17,18
18,In the Heights - Miranda,Theater,18,19
17,In the Heights - Miranda,Theater,19,20
9,In the Heights - Miranda,Theater,20,21
6,In the Heights - Miranda,Theater,21,22
4,In the Heights - Miranda,Theater,22,23
6,In the Heights - Miranda,Theater,23,24
0,In the Heights - Miranda,Theater,24,25
1,In the Heights - Miranda,Theater,25,26
0,In the Heights - Miranda,Theater,26,27
0,In the Heights - Miranda,Theater,27,28
0,In the Heights - Miranda,Theater,28,29
0,In the Heights - Miranda,Theater,29,30
0,In the Heights - Miranda,Theater,30,31
0,In the Heights - Miranda,Theater,31,32
0,In the Heights - Miranda,Theater,32,33
0,In the Heights - Miranda,Theater,33,34
0,In the Heights - Miranda,Theater,34,35
0,In the Heights - Miranda,Theater,35,36
24,Natasha Pierre and the Great Comet of 1812 - Malloy,Theater,0,1
32,Natasha Pierre and the Great Comet of 1812 - Malloy,Theater,1,2
31,Natasha Pierre and the Great Comet of 1812 - Malloy,Theater,2,3
35,Natasha Pierre and the Great Comet of 1812 - Malloy,Theater,3,4
39,Natasha Pierre and the Great Comet of 1812 - Malloy,Theater,4,5
24,Natasha Pierre and the Great Comet of 1812 - Malloy,Theater,5,6
18,Natasha Pierre and the Great Comet of 1812 - Malloy,Theater,6,7
2,Natasha Pierre and the Great Comet of 1812 - Malloy,Theater,7,8
2,Natasha Pierre and the Great Comet of 1812 - Malloy,Theater,8,9
0,Natasha Pierre and the Great Comet of 1812 - Malloy,Theater,9,10
0,Natasha Pierre and the Great Comet of 1812 - Malloy,Theater,10,11
3,Natasha Pierre and the Great Comet of 1812 - Malloy,Theater,11,12
8,Natasha Pierre and the Great Comet of 1812 - Malloy,Theater,12,13
4,Natasha Pierre and the Great Comet of 1812 - Malloy,Theater,13,14
6,Natasha Pierre and the Great Comet of 1812 - Malloy,Theater,14,15
5,Natasha Pierre and the Great Comet of 1812 - Malloy,Theater,15,16
9,Natasha Pierre and the Great Comet of 1812 - Malloy,Theater,16,17
5,Natasha Pierre and the Great Comet of 1812 - Malloy,Theater,17,18
10,Natasha Pierre and the Great Comet of 1812 - Malloy,Theater,18,19
1,Natasha Pierre and the Great Comet of 1812 - Malloy,Theater,19,20
0,Natasha Pierre and the Great Comet of 1812 - Malloy,Theater,20,21
0,Natasha Pierre and the Great Comet of 1812 - Malloy,Theater,21,22
0,Natasha Pierre and the Great Comet of 1812 - Malloy,Theater,22,23
0,Natasha Pierre and the Great Comet of 1812 - Malloy,Theater,23,24
2,Natasha Pierre and the Great Comet of 1812 - Malloy,Theater,24,25
0,Natasha Pierre and the Great Comet of 1812 - Malloy,Theater,25,26
0,Natasha Pierre and the Great Comet of 1812 - Malloy,Theater,26,27
0,Natasha Pierre and the Great Comet of 1812 - Malloy,Theater,27,28
0,Natasha Pierre and the Great Comet of 1812 - Malloy,Theater,28,29
0,Natasha Pierre and the Great Comet of 1812 - Malloy,Theater,29,30
0,Natasha Pierre and the Great Comet of 1812 - Malloy,Theater,30,31
0,Natasha Pierre and the Great Comet of 1812 - Malloy,Theater,31,32
0,Natasha Pierre and the Great Comet of 1812 - Malloy,Theater,32,33
0,Natasha Pierre and the Great Comet of 1812 - Malloy,Theater,33,34
0,Natasha Pierre and the Great Comet of 1812 - Malloy,Theater,34,35
0,Natasha Pierre and the Great Comet of 1812 - Malloy,Theater,35,36
7,History Boys - All Media Types,Theater,0,1
4,History Boys - All Media Types,Theater,1,2
20,History Boys - All Media Types,Theater,2,3
8,History Boys - All Media Types,Theater,3,4
6,History Boys - All Media Types,Theater,4,5
6,History Boys - All Media Types,Theater,5,6
1,History Boys - All Media Types,Theater,6,7
4,History Boys - All Media Types,Theater,7,8
0,History Boys - All Media Types,Theater,8,9
0,History Boys - All Media Types,Theater,9,10
1,History Boys - All Media Types,Theater,10,11
2,History Boys - All Media Types,Theater,11,12
2,History Boys - All Media Types,Theater,12,13
0,History Boys - All Media Types,Theater,13,14
1,History Boys - All Media Types,Theater,14,15
0,History Boys - All Media Types,Theater,15,16
0,History Boys - All Media Types,Theater,16,17
0,History Boys - All Media Types,Theater,17,18
0,History Boys - All Media Types,Theater,18,19
1,History Boys - All Media Types,Theater,19,20
3,History Boys - All Media Types,Theater,20,21
1,History Boys - All Media Types,Theater,21,22
1,History Boys - All Media Types,Theater,22,23
1,History Boys - All Media Types,Theater,23,24
5,History Boys - All Media Types,Theater,24,25
0,History Boys - All Media Types,Theater,25,26
1,History Boys - All Media Types,Theater,26,27
13,History Boys - All Media Types,Theater,27,28
0,History Boys - All Media Types,Theater,28,29
7,History Boys - All Media Types,Theater,29,30
3,History Boys - All Media Types,Theater,30,31
2,History Boys - All Media Types,Theater,31,32
1,History Boys - All Media Types,Theater,32,33
0,History Boys - All Media Types,Theater,33,34
1,History Boys - All Media Types,Theater,34,35
0,History Boys - All Media Types,Theater,35,36
6,Wicked - Schwartz/Holzman,Theater,0,1
10,Wicked - Schwartz/Holzman,Theater,1,2
15,Wicked - Schwartz/Holzman,Theater,2,3
2,Wicked - Schwartz/Holzman,Theater,3,4
12,Wicked - Schwartz/Holzman,Theater,4,5
2,Wicked - Schwartz/Holzman,Theater,5,6
2,Wicked - Schwartz/Holzman,Theater,6,7
2,Wicked - Schwartz/Holzman,Theater,7,8
1,Wicked - Schwartz/Holzman,Theater,8,9
0,Wicked - Schwartz/Holzman,Theater,9,10
5,Wicked - Schwartz/Holzman,Theater,10,11
2,Wicked - Schwartz/Holzman,Theater,11,12
3,Wicked - Schwartz/Holzman,Theater,12,13
2,Wicked - Schwartz/Holzman,Theater,13,14
1,Wicked - Schwartz/Holzman,Theater,14,15
4,Wicked - Schwartz/Holzman,Theater,15,16
4,Wicked - Schwartz/Holzman,Theater,16,17
4,Wicked - Schwartz/Holzman,Theater,17,18
4,Wicked - Schwartz/Holzman,Theater,18,19
3,Wicked - Schwartz/Holzman,Theater,19,20
5,Wicked - Schwartz/Holzman,Theater,20,21
4,Wicked - Schwartz/Holzman,Theater,21,22
4,Wicked - Schwartz/Holzman,Theater,22,23
3,Wicked - Schwartz/Holzman,Theater,23,24
7,Wicked - Schwartz/Holzman,Theater,24,25
8,Wicked - Schwartz/Holzman,Theater,25,26
2,Wicked - Schwartz/Holzman,Theater,26,27
5,Wicked - Schwartz/Holzman,Theater,27,28
4,Wicked - Schwartz/Holzman,Theater,28,29
5,Wicked - Schwartz/Holzman,Theater,29,30
5,Wicked - Schwartz/Holzman,Theater,30,31
2,Wicked - Schwartz/Holzman,Theater,31,32
3,Wicked - Schwartz/Holzman,Theater,32,33
5,Wicked - Schwartz/Holzman,Theater,33,34
0,Wicked - Schwartz/Holzman,Theater,34,35
1,Wicked - Schwartz/Holzman,Theater,35,36
0,Romeo et Juliette - Presgurvic,Theater,0,1
0,Romeo et Juliette - Presgurvic,Theater,1,2
1,Romeo et Juliette - Presgurvic,Theater,2,3
1,Romeo et Juliette - Presgurvic,Theater,3,4
4,Romeo et Juliette - Presgurvic,Theater,4,5
3,Romeo et Juliette - Presgurvic,Theater,5,6
2,Romeo et Juliette - Presgurvic,Theater,6,7
2,Romeo et Juliette - Presgurvic,Theater,7,8
0,Romeo et Juliette - Presgurvic,Theater,8,9
3,Romeo et Juliette - Presgurvic,Theater,9,10
3,Romeo et Juliette - Presgurvic,Theater,10,11
1,Romeo et Juliette - Presgurvic,Theater,11,12
1,Romeo et Juliette - Presgurvic,Theater,12,13
2,Romeo et Juliette - Presgurvic,Theater,13,14
4,Romeo et Juliette - Presgurvic,Theater,14,15
6,Romeo et Juliette - Presgurvic,Theater,15,16
9,Romeo et Juliette - Presgurvic,Theater,16,17
1,Romeo et Juliette - Presgurvic,Theater,17,18
0,Romeo et Juliette - Presgurvic,Theater,18,19
5,Romeo et Juliette - Presgurvic,Theater,19,20
5,Romeo et Juliette - Presgurvic,Theater,20,21
11,Romeo et Juliette - Presgurvic,Theater,21,22
25,Romeo et Juliette - Presgurvic,Theater,22,23
8,Romeo et Juliette - Presgurvic,Theater,23,24
9,Romeo et Juliette - Presgurvic,Theater,24,25
10,Romeo et Juliette - Presgurvic,Theater,25,26
15,Romeo et Juliette - Presgurvic,Theater,26,27
1,Romeo et Juliette - Presgurvic,Theater,27,28
13,Romeo et Juliette - Presgurvic,Theater,28,29
12,Romeo et Juliette - Presgurvic,Theater,29,30
2,Romeo et Juliette - Presgurvic,Theater,30,31
2,Romeo et Juliette - Presgurvic,Theater,31,32
0,Romeo et Juliette - Presgurvic,Theater,32,33
4,Romeo et Juliette - Presgurvic,Theater,33,34
0,Romeo et Juliette - Presgurvic,Theater,34,35
11,Romeo et Juliette - Presgurvic,Theater,35,36
2,The Thrilling Adventure Hour,Theater,0,1
0,The Thrilling Adventure Hour,Theater,1,2
1,The Thrilling Adventure Hour,Theater,2,3
1,The Thrilling Adventure Hour,Theater,3,4
2,The Thrilling Adventure Hour,Theater,4,5
0,The Thrilling Adventure Hour,Theater,5,6
1,The Thrilling Adventure Hour,Theater,6,7
1,The Thrilling Adventure Hour,Theater,7,8
0,The Thrilling Adventure Hour,Theater,8,9
0,The Thrilling Adventure Hour,Theater,9,10
0,The Thrilling Adventure Hour,Theater,10,11
1,The Thrilling Adventure Hour,Theater,11,12
6,The Thrilling Adventure Hour,Theater,12,13
0,The Thrilling Adventure Hour,Theater,13,14
0,The Thrilling Adventure Hour,Theater,14,15
0,The Thrilling Adventure Hour,Theater,15,16
0,The Thrilling Adventure Hour,Theater,16,17
0,The Thrilling Adventure Hour,Theater,17,18
0,The Thrilling Adventure Hour,Theater,18,19
0,The Thrilling Adventure Hour,Theater,19,20
3,The Thrilling Adventure Hour,Theater,20,21
0,The Thrilling Adventure Hour,Theater,21,22
5,The Thrilling Adventure Hour,Theater,22,23
9,The Thrilling Adventure Hour,Theater,23,24
18,The Thrilling Adventure Hour,Theater,24,25
11,The Thrilling Adventure Hour,Theater,25,26
12,The Thrilling Adventure Hour,Theater,26,27
8,The Thrilling Adventure Hour,Theater,27,28
6,The Thrilling Adventure Hour,Theater,28,29
4,The Thrilling Adventure Hour,Theater,29,30
5,The Thrilling Adventure Hour,Theater,30,31
3,The Thrilling Adventure Hour,Theater,31,32
6,The Thrilling Adventure Hour,Theater,32,33
9,The Thrilling Adventure Hour,Theater,33,34
12,The Thrilling Adventure Hour,Theater,34,35
5,The Thrilling Adventure Hour,Theater,35,36
3,Henry IV - Shakespeare,Theater,0,1
0,Henry IV - Shakespeare,Theater,1,2
0,Henry IV - Shakespeare,Theater,2,3
6,Henry IV - Shakespeare,Theater,3,4
3,Henry IV - Shakespeare,Theater,4,5
2,Henry IV - Shakespeare,Theater,5,6
1,Henry IV - Shakespeare,Theater,6,7
2,Henry IV - Shakespeare,Theater,7,8
2,Henry IV - Shakespeare,Theater,8,9
1,Henry IV - Shakespeare,Theater,9,10
7,Henry IV - Shakespeare,Theater,10,11
2,Henry IV - Shakespeare,Theater,11,12
4,Henry IV - Shakespeare,Theater,12,13
1,Henry IV - Shakespeare,Theater,13,14
1,Henry IV - Shakespeare,Theater,14,15
4,Henry IV - Shakespeare,Theater,15,16
9,Henry IV - Shakespeare,Theater,16,17
3,Henry IV - Shakespeare,Theater,17,18
4,Henry IV - Shakespeare,Theater,18,19
6,Henry IV - Shakespeare,Theater,19,20
2,Henry IV - Shakespeare,Theater,20,21
5,Henry IV - Shakespeare,Theater,21,22
7,Henry IV - Shakespeare,Theater,22,23
3,Henry IV - Shakespeare,Theater,23,24
0,Henry IV - Shakespeare,Theater,24,25
3,Henry IV - Shakespeare,Theater,25,26
0,Henry IV - Shakespeare,Theater,26,27
4,Henry IV - Shakespeare,Theater,27,28
5,Henry IV - Shakespeare,Theater,28,29
5,Henry IV - Shakespeare,Theater,29,30
1,Henry IV - Shakespeare,Theater,30,31
0,Henry IV - Shakespeare,Theater,31,32
1,Henry IV - Shakespeare,Theater,32,33
1,Henry IV - Shakespeare,Theater,33,34
2,Henry IV - Shakespeare,Theater,34,35
2,Henry IV - Shakespeare,Theater,35,36
5,Richard II - Shakespeare,Theater,0,1
0,Richard II - Shakespeare,Theater,1,2
0,Richard II - Shakespeare,Theater,2,3
12,Richard II - Shakespeare,Theater,3,4
1,Richard II - Shakespeare,Theater,4,5
0,Richard II - Shakespeare,Theater,5,6
0,Richard II - Shakespeare,Theater,6,7
2,Richard II - Shakespeare,Theater,7,8
0,Richard II - Shakespeare,Theater,8,9
2,Richard II - Shakespeare,Theater,9,10
3,Richard II - Shakespeare,Theater,10,11
1,Richard II - Shakespeare,Theater,11,12
2,Richard II - Shakespeare,Theater,12,13
1,Richard II - Shakespeare,Theater,13,14
0,Richard II - Shakespeare,Theater,14,15
4,Richard II - Shakespeare,Theater,15,16
4,Richard II - Shakespeare,Theater,16,17
1,Richard II - Shakespeare,Theater,17,18
0,Richard II - Shakespeare,Theater,18,19
0,Richard II - Shakespeare,Theater,19,20
3,Richard II - Shakespeare,Theater,20,21
2,Richard II - Shakespeare,Theater,21,22
1,Richard II - Shakespeare,Theater,22,23
1,Richard II - Shakespeare,Theater,23,24
2,Richard II - Shakespeare,Theater,24,25
0,Richard II - Shakespeare,Theater,25,26
1,Richard II - Shakespeare,Theater,26,27
1,Richard II - Shakespeare,Theater,27,28
6,Richard II - Shakespeare,Theater,28,29
0,Richard II - Shakespeare,Theater,29,30
0,Richard II - Shakespeare,Theater,30,31
1,Richard II - Shakespeare,Theater,31,32
1,Richard II - Shakespeare,Theater,32,33
4,Richard II - Shakespeare,Theater,33,34
3,Richard II - Shakespeare,Theater,34,35
3,Richard II - Shakespeare,Theater,35,36
0,Rómeó és Júlia (Színház),Theater,0,1
0,Rómeó és Júlia (Színház),Theater,1,2
1,Rómeó és Júlia (Színház),Theater,2,3
1,Rómeó és Júlia (Színház),Theater,3,4
4,Rómeó és Júlia (Színház),Theater,4,5
1,Rómeó és Júlia (Színház),Theater,5,6
1,Rómeó és Júlia (Színház),Theater,6,7
2,Rómeó és Júlia (Színház),Theater,7,8
0,Rómeó és Júlia (Színház),Theater,8,9
3,Rómeó és Júlia (Színház),Theater,9,10
2,Rómeó és Júlia (Színház),Theater,10,11
0,Rómeó és Júlia (Színház),Theater,11,12
1,Rómeó és Júlia (Színház),Theater,12,13
0,Rómeó és Júlia (Színház),Theater,13,14
4,Rómeó és Júlia (Színház),Theater,14,15
5,Rómeó és Júlia (Színház),Theater,15,16
9,Rómeó és Júlia (Színház),Theater,16,17
1,Rómeó és Júlia (Színház),Theater,17,18
0,Rómeó és Júlia (Színház),Theater,18,19
4,Rómeó és Júlia (Színház),Theater,19,20
2,Rómeó és Júlia (Színház),Theater,20,21
9,Rómeó és Júlia (Színház),Theater,21,22
19,Rómeó és Júlia (Színház),Theater,22,23
4,Rómeó és Júlia (Színház),Theater,23,24
9,Rómeó és Júlia (Színház),Theater,24,25
9,Rómeó és Júlia (Színház),Theater,25,26
12,Rómeó és Júlia (Színház),Theater,26,27
1,Rómeó és Júlia (Színház),Theater,27,28
10,Rómeó és Júlia (Színház),Theater,28,29
11,Rómeó és Júlia (Színház),Theater,29,30
2,Rómeó és Júlia (Színház),Theater,30,31
2,Rómeó és Júlia (Színház),Theater,31,32
0,Rómeó és Júlia (Színház),Theater,32,33
1,Rómeó és Júlia (Színház),Theater,33,34
0,Rómeó és Júlia (Színház),Theater,34,35
7,Rómeó és Júlia (Színház),Theater,35,36
1,Henry V - Shakespeare,Theater,0,1
0,Henry V - Shakespeare,Theater,1,2
1,Henry V - Shakespeare,Theater,2,3
4,Henry V - Shakespeare,Theater,3,4
1,Henry V - Shakespeare,Theater,4,5
1,Henry V - Shakespeare,Theater,5,6
4,Henry V - Shakespeare,Theater,6,7
5,Henry V - Shakespeare,Theater,7,8
2,Henry V - Shakespeare,Theater,8,9
1,Henry V - Shakespeare,Theater,9,10
2,Henry V - Shakespeare,Theater,10,11
4,Henry V - Shakespeare,Theater,11,12
2,Henry V - Shakespeare,Theater,12,13
0,Henry V - Shakespeare,Theater,13,14
5,Henry V - Shakespeare,Theater,14,15
2,Henry V - Shakespeare,Theater,15,16
5,Henry V - Shakespeare,Theater,16,17
1,Henry V - Shakespeare,Theater,17,18
3,Henry V - Shakespeare,Theater,18,19
3,Henry V - Shakespeare,Theater,19,20
1,Henry V - Shakespeare,Theater,20,21
2,Henry V - Shakespeare,Theater,21,22
5,Henry V - Shakespeare,Theater,22,23
1,Henry V - Shakespeare,Theater,23,24
0,Henry V - Shakespeare,Theater,24,25
0,Henry V - Shakespeare,Theater,25,26
1,Henry V - Shakespeare,Theater,26,27
1,Henry V - Shakespeare,Theater,27,28
4,Henry V - Shakespeare,Theater,28,29
0,Henry V - Shakespeare,Theater,29,30
0,Henry V - Shakespeare,Theater,30,31
1,Henry V - Shakespeare,Theater,31,32
1,Henry V - Shakespeare,Theater,32,33
3,Henry V - Shakespeare,Theater,33,34
1,Henry V - Shakespeare,Theater,34,35
1,Henry V - Shakespeare,Theater,35,36
6,Elisabeth - Levay/Kunze,Theater,0,1
3,Elisabeth - Levay/Kunze,Theater,1,2
2,Elisabeth - Levay/Kunze,Theater,2,3
2,Elisabeth - Levay/Kunze,Theater,3,4
1,Elisabeth - Levay/Kunze,Theater,4,5
1,Elisabeth - Levay/Kunze,Theater,5,6
4,Elisabeth - Levay/Kunze,Theater,6,7
3,Elisabeth - Levay/Kunze,Theater,7,8
4,Elisabeth - Levay/Kunze,Theater,8,9
4,Elisabeth - Levay/Kunze,Theater,9,10
1,Elisabeth - Levay/Kunze,Theater,10,11
1,Elisabeth - Levay/Kunze,Theater,11,12
0,Elisabeth - Levay/Kunze,Theater,12,13
0,Elisabeth - Levay/Kunze,Theater,13,14
1,Elisabeth - Levay/Kunze,Theater,14,15
0,Elisabeth - Levay/Kunze,Theater,15,16
2,Elisabeth - Levay/Kunze,Theater,16,17
0,Elisabeth - Levay/Kunze,Theater,17,18
1,Elisabeth - Levay/Kunze,Theater,18,19
0,Elisabeth - Levay/Kunze,Theater,19,20
2,Elisabeth - Levay/Kunze,Theater,20,21
5,Elisabeth - Levay/Kunze,Theater,21,22
3,Elisabeth - Levay/Kunze,Theater,22,23
4,Elisabeth - Levay/Kunze,Theater,23,24
0,Elisabeth - Levay/Kunze,Theater,24,25
2,Elisabeth - Levay/Kunze,Theater,25,26
1,Elisabeth - Levay/Kunze,Theater,26,27
1,Elisabeth - Levay/Kunze,Theater,27,28
0,Elisabeth - Levay/Kunze,Theater,28,29
1,Elisabeth - Levay/Kunze,Theater,29,30
0,Elisabeth - Levay/Kunze,Theater,30,31
2,Elisabeth - Levay/Kunze,Theater,31,32
0,Elisabeth - Levay/Kunze,Theater,32,33
0,Elisabeth - Levay/Kunze,Theater,33,34
0,Elisabeth - Levay/Kunze,Theater,34,35
3,Elisabeth - Levay/Kunze,Theater,35,36
3,Henry IV Part 1 - Shakespeare,Theater,0,1
0,Henry IV Part 1 - Shakespeare,Theater,1,2
0,Henry IV Part 1 - Shakespeare,Theater,2,3
6,Henry IV Part 1 - Shakespeare,Theater,3,4
3,Henry IV Part 1 - Shakespeare,Theater,4,5
1,Henry IV Part 1 - Shakespeare,Theater,5,6
0,Henry IV Part 1 - Shakespeare,Theater,6,7
1,Henry IV Part 1 - Shakespeare,Theater,7,8
2,Henry IV Part 1 - Shakespeare,Theater,8,9
1,Henry IV Part 1 - Shakespeare,Theater,9,10
6,Henry IV Part 1 - Shakespeare,Theater,10,11
2,Henry IV Part 1 - Shakespeare,Theater,11,12
3,Henry IV Part 1 - Shakespeare,Theater,12,13
1,Henry IV Part 1 - Shakespeare,Theater,13,14
1,Henry IV Part 1 - Shakespeare,Theater,14,15
3,Henry IV Part 1 - Shakespeare,Theater,15,16
6,Henry IV Part 1 - Shakespeare,Theater,16,17
3,Henry IV Part 1 - Shakespeare,Theater,17,18
4,Henry IV Part 1 - Shakespeare,Theater,18,19
5,Henry IV Part 1 - Shakespeare,Theater,19,20
2,Henry IV Part 1 - Shakespeare,Theater,20,21
4,Henry IV Part 1 - Shakespeare,Theater,21,22
6,Henry IV Part 1 - Shakespeare,Theater,22,23
3,Henry IV Part 1 - Shakespeare,Theater,23,24
0,Henry IV Part 1 - Shakespeare,Theater,24,25
3,Henry IV Part 1 - Shakespeare,Theater,25,26
0,Henry IV Part 1 - Shakespeare,Theater,26,27
3,Henry IV Part 1 - Shakespeare,Theater,27,28
2,Henry IV Part 1 - Shakespeare,Theater,28,29
5,Henry IV Part 1 - Shakespeare,Theater,29,30
1,Henry IV Part 1 - Shakespeare,Theater,30,31
0,Henry IV Part 1 - Shakespeare,Theater,31,32
1,Henry IV Part 1 - Shakespeare,Theater,32,33
1,Henry IV Part 1 - Shakespeare,Theater,33,34
1,Henry IV Part 1 - Shakespeare,Theater,34,35
1,Henry IV Part 1 - Shakespeare,Theater,35,36
0,Twelfth Night - Shakespeare,Theater,0,1
1,Twelfth Night - Shakespeare,Theater,1,2
0,Twelfth Night - Shakespeare,Theater,2,3
0,Twelfth Night - Shakespeare,Theater,3,4
2,Twelfth Night - Shakespeare,Theater,4,5
1,Twelfth Night - Shakespeare,Theater,5,6
1,Twelfth Night - Shakespeare,Theater,6,7
0,Twelfth Night - Shakespeare,Theater,7,8
0,Twelfth Night - Shakespeare,Theater,8,9
0,Twelfth Night - Shakespeare,Theater,9,10
0,Twelfth Night - Shakespeare,Theater,10,11
0,Twelfth Night - Shakespeare,Theater,11,12
3,Twelfth Night - Shakespeare,Theater,12,13
0,Twelfth Night - Shakespeare,Theater,13,14
0,Twelfth Night - Shakespeare,Theater,14,15
0,Twelfth Night - Shakespeare,Theater,15,16
1,Twelfth Night - Shakespeare,Theater,16,17
7,Twelfth Night - Shakespeare,Theater,17,18
3,Twelfth Night - Shakespeare,Theater,18,19
3,Twelfth Night - Shakespeare,Theater,19,20
1,Twelfth Night - Shakespeare,Theater,20,21
1,Twelfth Night - Shakespeare,Theater,21,22
2,Twelfth Night - Shakespeare,Theater,22,23
2,Twelfth Night - Shakespeare,Theater,23,24
2,Twelfth Night - Shakespeare,Theater,24,25
0,Twelfth Night - Shakespeare,Theater,25,26
0,Twelfth Night - Shakespeare,Theater,26,27
1,Twelfth Night - Shakespeare,Theater,27,28
2,Twelfth Night - Shakespeare,Theater,28,29
0,Twelfth Night - Shakespeare,Theater,29,30
2,Twelfth Night - Shakespeare,Theater,30,31
1,Twelfth Night - Shakespeare,Theater,31,32
2,Twelfth Night - Shakespeare,Theater,32,33
2,Twelfth Night - Shakespeare,Theater,33,34
2,Twelfth Night - Shakespeare,Theater,34,35
0,Twelfth Night - Shakespeare,Theater,35,36
2,Cats - Andrew Lloyd Webber,Theater,0,1
0,Cats - Andrew Lloyd Webber,Theater,1,2
2,Cats - Andrew Lloyd Webber,Theater,2,3
0,Cats - Andrew Lloyd Webber,Theater,3,4
0,Cats - Andrew Lloyd Webber,Theater,4,5
0,Cats - Andrew Lloyd Webber,Theater,5,6
0,Cats - Andrew Lloyd Webber,Theater,6,7
0,Cats - Andrew Lloyd Webber,Theater,7,8
3,Cats - Andrew Lloyd Webber,Theater,8,9
1,Cats - Andrew Lloyd Webber,Theater,9,10
7,Cats - Andrew Lloyd Webber,Theater,10,11
3,Cats - Andrew Lloyd Webber,Theater,11,12
1,Cats - Andrew Lloyd Webber,Theater,12,13
2,Cats - Andrew Lloyd Webber,Theater,13,14
7,Cats - Andrew Lloyd Webber,Theater,14,15
11,Cats - Andrew Lloyd Webber,Theater,15,16
4,Cats - Andrew Lloyd Webber,Theater,16,17
3,Cats - Andrew Lloyd Webber,Theater,17,18
4,Cats - Andrew Lloyd Webber,Theater,18,19
3,Cats - Andrew Lloyd Webber,Theater,19,20
2,Cats - Andrew Lloyd Webber,Theater,20,21
3,Cats - Andrew Lloyd Webber,Theater,21,22
2,Cats - Andrew Lloyd Webber,Theater,22,23
1,Cats - Andrew Lloyd Webber,Theater,23,24
2,Cats - Andrew Lloyd Webber,Theater,24,25
0,Cats - Andrew Lloyd Webber,Theater,25,26
2,Cats - Andrew Lloyd Webber,Theater,26,27
1,Cats - Andrew Lloyd Webber,Theater,27,28
1,Cats - Andrew Lloyd Webber,Theater,28,29
0,Cats - Andrew Lloyd Webber,Theater,29,30
1,Cats - Andrew Lloyd Webber,Theater,30,31
0,Cats - Andrew Lloyd Webber,Theater,31,32
1,Cats - Andrew Lloyd Webber,Theater,32,33
3,Cats - Andrew Lloyd Webber,Theater,33,34
0,Cats - Andrew Lloyd Webber,Theater,34,35
2,Cats - Andrew Lloyd Webber,Theater,35,36
0,A Midsummer Night's Dream - All Media Types,Theater,0,1
1,A Midsummer Night's Dream - All Media Types,Theater,1,2
0,A Midsummer Night's Dream - All Media Types,Theater,2,3
0,A Midsummer Night's Dream - All Media Types,Theater,3,4
0,A Midsummer Night's Dream - All Media Types,Theater,4,5
1,A Midsummer Night's Dream - All Media Types,Theater,5,6
1,A Midsummer Night's Dream - All Media Types,Theater,6,7
1,A Midsummer Night's Dream - All Media Types,Theater,7,8
2,A Midsummer Night's Dream - All Media Types,Theater,8,9
1,A Midsummer Night's Dream - All Media Types,Theater,9,10
1,A Midsummer Night's Dream - All Media Types,Theater,10,11
2,A Midsummer Night's Dream - All Media Types,Theater,11,12
1,A Midsummer Night's Dream - All Media Types,Theater,12,13
0,A Midsummer Night's Dream - All Media Types,Theater,13,14
2,A Midsummer Night's Dream - All Media Types,Theater,14,15
2,A Midsummer Night's Dream - All Media Types,Theater,15,16
2,A Midsummer Night's Dream - All Media Types,Theater,16,17
2,A Midsummer Night's Dream - All Media Types,Theater,17,18
3,A Midsummer Night's Dream - All Media Types,Theater,18,19
2,A Midsummer Night's Dream - All Media Types,Theater,19,20
3,A Midsummer Night's Dream - All Media Types,Theater,20,21
3,A Midsummer Night's Dream - All Media Types,Theater,21,22
7,A Midsummer Night's Dream - All Media Types,Theater,22,23
4,A Midsummer Night's Dream - All Media Types,Theater,23,24
7,A Midsummer Night's Dream - All Media Types,Theater,24,25
2,A Midsummer Night's Dream - All Media Types,Theater,25,26
3,A Midsummer Night's Dream - All Media Types,Theater,26,27
3,A Midsummer Night's Dream - All Media Types,Theater,27,28
2,A Midsummer Night's Dream - All Media Types,Theater,28,29
1,A Midsummer Night's Dream - All Media Types,Theater,29,30
3,A Midsummer Night's Dream - All Media Types,Theater,30,31
2,A Midsummer Night's Dream - All Media Types,Theater,31,32
0,A Midsummer Night's Dream - All Media Types,Theater,32,33
2,A Midsummer Night's Dream - All Media Types,Theater,33,34
0,A Midsummer Night's Dream - All Media Types,Theater,34,35
1,A Midsummer Night's Dream - All Media Types,Theater,35,36
3,The Secret Garden - All Media Types,Theater,0,1
0,The Secret Garden - All Media Types,Theater,1,2
0,The Secret Garden - All Media Types,Theater,2,3
1,The Secret Garden - All Media Types,Theater,3,4
0,The Secret Garden - All Media Types,Theater,4,5
0,The Secret Garden - All Media Types,Theater,5,6
0,The Secret Garden - All Media Types,Theater,6,7
0,The Secret Garden - All Media Types,Theater,7,8
0,The Secret Garden - All Media Types,Theater,8,9
2,The Secret Garden - All Media Types,Theater,9,10
0,The Secret Garden - All Media Types,Theater,10,11
1,The Secret Garden - All Media Types,Theater,11,12
4,The Secret Garden - All Media Types,Theater,12,13
0,The Secret Garden - All Media Types,Theater,13,14
1,The Secret Garden - All Media Types,Theater,14,15
1,The Secret Garden - All Media Types,Theater,15,16
1,The Secret Garden - All Media Types,Theater,16,17
1,The Secret Garden - All Media Types,Theater,17,18
1,The Secret Garden - All Media Types,Theater,18,19
0,The Secret Garden - All Media Types,Theater,19,20
1,The Secret Garden - All Media Types,Theater,20,21
1,The Secret Garden - All Media Types,Theater,21,22
2,The Secret Garden - All Media Types,Theater,22,23
0,The Secret Garden - All Media Types,Theater,23,24
1,The Secret Garden - All Media Types,Theater,24,25
1,The Secret Garden - All Media Types,Theater,25,26
0,The Secret Garden - All Media Types,Theater,26,27
1,The Secret Garden - All Media Types,Theater,27,28
1,The Secret Garden - All Media Types,Theater,28,29
1,The Secret Garden - All Media Types,Theater,29,30
3,The Secret Garden - All Media Types,Theater,30,31
0,The Secret Garden - All Media Types,Theater,31,32
3,The Secret Garden - All Media Types,Theater,32,33
1,The Secret Garden - All Media Types,Theater,33,34
2,The Secret Garden - All Media Types,Theater,34,35
0,The Secret Garden - All Media Types,Theater,35,36
1,Chess - Rice/Ulvaeus/Andersson,Theater,0,1
0,Chess - Rice/Ulvaeus/Andersson,Theater,1,2
0,Chess - Rice/Ulvaeus/Andersson,Theater,2,3
4,Chess - Rice/Ulvaeus/Andersson,Theater,3,4
3,Chess - Rice/Ulvaeus/Andersson,Theater,4,5
0,Chess - Rice/Ulvaeus/Andersson,Theater,5,6
0,Chess - Rice/Ulvaeus/Andersson,Theater,6,7
0,Chess - Rice/Ulvaeus/Andersson,Theater,7,8
0,Chess - Rice/Ulvaeus/Andersson,Theater,8,9
0,Chess - Rice/Ulvaeus/Andersson,Theater,9,10
0,Chess - Rice/Ulvaeus/Andersson,Theater,10,11
0,Chess - Rice/Ulvaeus/Andersson,Theater,11,12
1,Chess - Rice/Ulvaeus/Andersson,Theater,12,13
0,Chess - Rice/Ulvaeus/Andersson,Theater,13,14
0,Chess - Rice/Ulvaeus/Andersson,Theater,14,15
0,Chess - Rice/Ulvaeus/Andersson,Theater,15,16
0,Chess - Rice/Ulvaeus/Andersson,Theater,16,17
0,Chess - Rice/Ulvaeus/Andersson,Theater,17,18
0,Chess - Rice/Ulvaeus/Andersson,Theater,18,19
0,Chess - Rice/Ulvaeus/Andersson,Theater,19,20
2,Chess - Rice/Ulvaeus/Andersson,Theater,20,21
1,Chess - Rice/Ulvaeus/Andersson,Theater,21,22
0,Chess - Rice/Ulvaeus/Andersson,Theater,22,23
2,Chess - Rice/Ulvaeus/Andersson,Theater,23,24
1,Chess - Rice/Ulvaeus/Andersson,Theater,24,25
0,Chess - Rice/Ulvaeus/Andersson,Theater,25,26
0,Chess - Rice/Ulvaeus/Andersson,Theater,26,27
1,Chess - Rice/Ulvaeus/Andersson,Theater,27,28
1,Chess - Rice/Ulvaeus/Andersson,Theater,28,29
0,Chess - Rice/Ulvaeus/Andersson,Theater,29,30
1,Chess - Rice/Ulvaeus/Andersson,Theater,30,31
3,Chess - Rice/Ulvaeus/Andersson,Theater,31,32
3,Chess - Rice/Ulvaeus/Andersson,Theater,32,33
1,Chess - Rice/Ulvaeus/Andersson,Theater,33,34
0,Chess - Rice/Ulvaeus/Andersson,Theater,34,35
10,Chess - Rice/Ulvaeus/Andersson,Theater,35,36
4,The Scarlet Pimpernel - All Media Types,Theater,0,1
0,The Scarlet Pimpernel - All Media Types,Theater,1,2
4,The Scarlet Pimpernel - All Media Types,Theater,2,3
1,The Scarlet Pimpernel - All Media Types,Theater,3,4
0,The Scarlet Pimpernel - All Media Types,Theater,4,5
3,The Scarlet Pimpernel - All Media Types,Theater,5,6
5,The Scarlet Pimpernel - All Media Types,Theater,6,7
2,The Scarlet Pimpernel - All Media Types,Theater,7,8
1,The Scarlet Pimpernel - All Media Types,Theater,8,9
1,The Scarlet Pimpernel - All Media Types,Theater,9,10
0,The Scarlet Pimpernel - All Media Types,Theater,10,11
0,The Scarlet Pimpernel - All Media Types,Theater,11,12
1,The Scarlet Pimpernel - All Media Types,Theater,12,13
0,The Scarlet Pimpernel - All Media Types,Theater,13,14
1,The Scarlet Pimpernel - All Media Types,Theater,14,15
2,The Scarlet Pimpernel - All Media Types,Theater,15,16
2,The Scarlet Pimpernel - All Media Types,Theater,16,17
0,The Scarlet Pimpernel - All Media Types,Theater,17,18
1,The Scarlet Pimpernel - All Media Types,Theater,18,19
3,The Scarlet Pimpernel - All Media Types,Theater,19,20
4,The Scarlet Pimpernel - All Media Types,Theater,20,21
3,The Scarlet Pimpernel - All Media Types,Theater,21,22
1,The Scarlet Pimpernel - All Media Types,Theater,22,23
2,The Scarlet Pimpernel - All Media Types,Theater,23,24
1,The Scarlet Pimpernel - All Media Types,Theater,24,25
2,The Scarlet Pimpernel - All Media Types,Theater,25,26
1,The Scarlet Pimpernel - All Media Types,Theater,26,27
2,The Scarlet Pimpernel - All Media Types,Theater,27,28
4,The Scarlet Pimpernel - All Media Types,Theater,28,29
0,The Scarlet Pimpernel - All Media Types,Theater,29,30
0,The Scarlet Pimpernel - All Media Types,Theater,30,31
1,The Scarlet Pimpernel - All Media Types,Theater,31,32
1,The Scarlet Pimpernel - All Media Types,Theater,32,33
5,The Scarlet Pimpernel - All Media Types,Theater,33,34
0,The Scarlet Pimpernel - All Media Types,Theater,34,35
0,The Scarlet Pimpernel - All Media Types,Theater,35,36
0,The Music Man - All Media Types,Theater,0,1
0,The Music Man - All Media Types,Theater,1,2
0,The Music Man - All Media Types,Theater,2,3
0,The Music Man - All Media Types,Theater,3,4
0,The Music Man - All Media Types,Theater,4,5
0,The Music Man - All Media Types,Theater,5,6
1,The Music Man - All Media Types,Theater,6,7
1,The Music Man - All Media Types,Theater,7,8
0,The Music Man - All Media Types,Theater,8,9
1,The Music Man - All Media Types,Theater,9,10
0,The Music Man - All Media Types,Theater,10,11
0,The Music Man - All Media Types,Theater,11,12
0,The Music Man - All Media Types,Theater,12,13
0,The Music Man - All Media Types,Theater,13,14
1,The Music Man - All Media Types,Theater,14,15
0,The Music Man - All Media Types,Theater,15,16
0,The Music Man - All Media Types,Theater,16,17
0,The Music Man - All Media Types,Theater,17,18
1,The Music Man - All Media Types,Theater,18,19
0,The Music Man - All Media Types,Theater,19,20
0,The Music Man - All Media Types,Theater,20,21
2,The Music Man - All Media Types,Theater,21,22
0,The Music Man - All Media Types,Theater,22,23
0,The Music Man - All Media Types,Theater,23,24
0,The Music Man - All Media Types,Theater,24,25
0,The Music Man - All Media Types,Theater,25,26
1,The Music Man - All Media Types,Theater,26,27
1,The Music Man - All Media Types,Theater,27,28
1,The Music Man - All Media Types,Theater,28,29
0,The Music Man - All Media Types,Theater,29,30
0,The Music Man - All Media Types,Theater,30,31
1,The Music Man - All Media Types,Theater,31,32
1,The Music Man - All Media Types,Theater,32,33
0,The Music Man - All Media Types,Theater,33,34
1,The Music Man - All Media Types,Theater,34,35
0,The Music Man - All Media Types,Theater,35,36
1,Rosencrantz & Guildenstern are Dead - Stoppard,Theater,0,1
1,Rosencrantz & Guildenstern are Dead - Stoppard,Theater,1,2
1,Rosencrantz & Guildenstern are Dead - Stoppard,Theater,2,3
1,Rosencrantz & Guildenstern are Dead - Stoppard,Theater,3,4
0,Rosencrantz & Guildenstern are Dead - Stoppard,Theater,4,5
0,Rosencrantz & Guildenstern are Dead - Stoppard,Theater,5,6
0,Rosencrantz & Guildenstern are Dead - Stoppard,Theater,6,7
1,Rosencrantz & Guildenstern are Dead - Stoppard,Theater,7,8
0,Rosencrantz & Guildenstern are Dead - Stoppard,Theater,8,9
0,Rosencrantz & Guildenstern are Dead - Stoppard,Theater,9,10
0,Rosencrantz & Guildenstern are Dead - Stoppard,Theater,10,11
0,Rosencrantz & Guildenstern are Dead - Stoppard,Theater,11,12
0,Rosencrantz & Guildenstern are Dead - Stoppard,Theater,12,13
1,Rosencrantz & Guildenstern are Dead - Stoppard,Theater,13,14
0,Rosencrantz & Guildenstern are Dead - Stoppard,Theater,14,15
0,Rosencrantz & Guildenstern are Dead - Stoppard,Theater,15,16
0,Rosencrantz & Guildenstern are Dead - Stoppard,Theater,16,17
0,Rosencrantz & Guildenstern are Dead - Stoppard,Theater,17,18
1,Rosencrantz & Guildenstern are Dead - Stoppard,Theater,18,19
0,Rosencrantz & Guildenstern are Dead - Stoppard,Theater,19,20
0,Rosencrantz & Guildenstern are Dead - Stoppard,Theater,20,21
0,Rosencrantz & Guildenstern are Dead - Stoppard,Theater,21,22
0,Rosencrantz & Guildenstern are Dead - Stoppard,Theater,22,23
2,Rosencrantz & Guildenstern are Dead - Stoppard,Theater,23,24
1,Rosencrantz & Guildenstern are Dead - Stoppard,Theater,24,25
0,Rosencrantz & Guildenstern are Dead - Stoppard,Theater,25,26
0,Rosencrantz & Guildenstern are Dead - Stoppard,Theater,26,27
0,Rosencrantz & Guildenstern are Dead - Stoppard,Theater,27,28
0,Rosencrantz & Guildenstern are Dead - Stoppard,Theater,28,29
0,Rosencrantz & Guildenstern are Dead - Stoppard,Theater,29,30
0,Rosencrantz & Guildenstern are Dead - Stoppard,Theater,30,31
1,Rosencrantz & Guildenstern are Dead - Stoppard,Theater,31,32
3,Rosencrantz & Guildenstern are Dead - Stoppard,Theater,32,33
3,Rosencrantz & Guildenstern are Dead - Stoppard,Theater,33,34
3,Rosencrantz & Guildenstern are Dead - Stoppard,Theater,34,35
1,Rosencrantz & Guildenstern are Dead - Stoppard,Theater,35,36
4,Tanz der Vampire - Steinman/Kunze,Theater,0,1
0,Tanz der Vampire - Steinman/Kunze,Theater,1,2
5,Tanz der Vampire - Steinman/Kunze,Theater,2,3
0,Tanz der Vampire - Steinman/Kunze,Theater,3,4
1,Tanz der Vampire - Steinman/Kunze,Theater,4,5
2,Tanz der Vampire - Steinman/Kunze,Theater,5,6
5,Tanz der Vampire - Steinman/Kunze,Theater,6,7
2,Tanz der Vampire - Steinman/Kunze,Theater,7,8
5,Tanz der Vampire - Steinman/Kunze,Theater,8,9
3,Tanz der Vampire - Steinman/Kunze,Theater,9,10
0,Tanz der Vampire - Steinman/Kunze,Theater,10,11
1,Tanz der Vampire - Steinman/Kunze,Theater,11,12
0,Tanz der Vampire - Steinman/Kunze,Theater,12,13
1,Tanz der Vampire - Steinman/Kunze,Theater,13,14
0,Tanz der Vampire - Steinman/Kunze,Theater,14,15
1,Tanz der Vampire - Steinman/Kunze,Theater,15,16
0,Tanz der Vampire - Steinman/Kunze,Theater,16,17
1,Tanz der Vampire - Steinman/Kunze,Theater,17,18
0,Tanz der Vampire - Steinman/Kunze,Theater,18,19
0,Tanz der Vampire - Steinman/Kunze,Theater,19,20
1,Tanz der Vampire - Steinman/Kunze,Theater,20,21
1,Tanz der Vampire - Steinman/Kunze,Theater,21,22
1,Tanz der Vampire - Steinman/Kunze,Theater,22,23
2,Tanz der Vampire - Steinman/Kunze,Theater,23,24
0,Tanz der Vampire - Steinman/Kunze,Theater,24,25
0,Tanz der Vampire - Steinman/Kunze,Theater,25,26
0,Tanz der Vampire - Steinman/Kunze,Theater,26,27
0,Tanz der Vampire - Steinman/Kunze,Theater,27,28
0,Tanz der Vampire - Steinman/Kunze,Theater,28,29
1,Tanz der Vampire - Steinman/Kunze,Theater,29,30
0,Tanz der Vampire - Steinman/Kunze,Theater,30,31
0,Tanz der Vampire - Steinman/Kunze,Theater,31,32
0,Tanz der Vampire - Steinman/Kunze,Theater,32,33
0,Tanz der Vampire - Steinman/Kunze,Theater,33,34
0,Tanz der Vampire - Steinman/Kunze,Theater,34,35
0,Tanz der Vampire - Steinman/Kunze,Theater,35,36
12,Anastasia - Flaherty/Ahrens/McNally,Theater,0,1
11,Anastasia - Flaherty/Ahrens/McNally,Theater,1,2
19,Anastasia - Flaherty/Ahrens/McNally,Theater,2,3
8,Anastasia - Flaherty/Ahrens/McNally,Theater,3,4
3,Anastasia - Flaherty/Ahrens/McNally,Theater,4,5
8,Anastasia - Flaherty/Ahrens/McNally,Theater,5,6
11,Anastasia - Flaherty/Ahrens/McNally,Theater,6,7
4,Anastasia - Flaherty/Ahrens/McNally,Theater,7,8
0,Anastasia - Flaherty/Ahrens/McNally,Theater,8,9
0,Anastasia - Flaherty/Ahrens/McNally,Theater,9,10
0,Anastasia - Flaherty/Ahrens/McNally,Theater,10,11
0,Anastasia - Flaherty/Ahrens/McNally,Theater,11,12
0,Anastasia - Flaherty/Ahrens/McNally,Theater,12,13
0,Anastasia - Flaherty/Ahrens/McNally,Theater,13,14
0,Anastasia - Flaherty/Ahrens/McNally,Theater,14,15
0,Anastasia - Flaherty/Ahrens/McNally,Theater,15,16
0,Anastasia - Flaherty/Ahrens/McNally,Theater,16,17
0,Anastasia - Flaherty/Ahrens/McNally,Theater,17,18
0,Anastasia - Flaherty/Ahrens/McNally,Theater,18,19
0,Anastasia - Flaherty/Ahrens/McNally,Theater,19,20
0,Anastasia - Flaherty/Ahrens/McNally,Theater,20,21
0,Anastasia - Flaherty/Ahrens/McNally,Theater,21,22
0,Anastasia - Flaherty/Ahrens/McNally,Theater,22,23
0,Anastasia - Flaherty/Ahrens/McNally,Theater,23,24
0,Anastasia - Flaherty/Ahrens/McNally,Theater,24,25
0,Anastasia - Flaherty/Ahrens/McNally,Theater,25,26
0,Anastasia - Flaherty/Ahrens/McNally,Theater,26,27
0,Anastasia - Flaherty/Ahrens/McNally,Theater,27,28
0,Anastasia - Flaherty/Ahrens/McNally,Theater,28,29
0,Anastasia - Flaherty/Ahrens/McNally,Theater,29,30
0,Anastasia - Flaherty/Ahrens/McNally,Theater,30,31
0,Anastasia - Flaherty/Ahrens/McNally,Theater,31,32
0,Anastasia - Flaherty/Ahrens/McNally,Theater,32,33
0,Anastasia - Flaherty/Ahrens/McNally,Theater,33,34
0,Anastasia - Flaherty/Ahrens/McNally,Theater,34,35
0,Anastasia - Flaherty/Ahrens/McNally,Theater,35,36
9,Mozart l'Opéra Rock - Mozart/Baguian & Guirao,Theater,0,1
1,Mozart l'Opéra Rock - Mozart/Baguian & Guirao,Theater,1,2
5,Mozart l'Opéra Rock - Mozart/Baguian & Guirao,Theater,2,3
5,Mozart l'Opéra Rock - Mozart/Baguian & Guirao,Theater,3,4
6,Mozart l'Opéra Rock - Mozart/Baguian & Guirao,Theater,4,5
8,Mozart l'Opéra Rock - Mozart/Baguian & Guirao,Theater,5,6
9,Mozart l'Opéra Rock - Mozart/Baguian & Guirao,Theater,6,7
2,Mozart l'Opéra Rock - Mozart/Baguian & Guirao,Theater,7,8
3,Mozart l'Opéra Rock - Mozart/Baguian & Guirao,Theater,8,9
1,Mozart l'Opéra Rock - Mozart/Baguian & Guirao,Theater,9,10
1,Mozart l'Opéra Rock - Mozart/Baguian & Guirao,Theater,10,11
3,Mozart l'Opéra Rock - Mozart/Baguian & Guirao,Theater,11,12
1,Mozart l'Opéra Rock - Mozart/Baguian & Guirao,Theater,12,13
0,Mozart l'Opéra Rock - Mozart/Baguian & Guirao,Theater,13,14
0,Mozart l'Opéra Rock - Mozart/Baguian & Guirao,Theater,14,15
1,Mozart l'Opéra Rock - Mozart/Baguian & Guirao,Theater,15,16
2,Mozart l'Opéra Rock - Mozart/Baguian & Guirao,Theater,16,17
2,Mozart l'Opéra Rock - Mozart/Baguian & Guirao,Theater,17,18
1,Mozart l'Opéra Rock - Mozart/Baguian & Guirao,Theater,18,19
3,Mozart l'Opéra Rock - Mozart/Baguian & Guirao,Theater,19,20
0,Mozart l'Opéra Rock - Mozart/Baguian & Guirao,Theater,20,21
0,Mozart l'Opéra Rock - Mozart/Baguian & Guirao,Theater,21,22
1,Mozart l'Opéra Rock - Mozart/Baguian & Guirao,Theater,22,23
1,Mozart l'Opéra Rock - Mozart/Baguian & Guirao,Theater,23,24
0,Mozart l'Opéra Rock - Mozart/Baguian & Guirao,Theater,24,25
0,Mozart l'Opéra Rock - Mozart/Baguian & Guirao,Theater,25,26
1,Mozart l'Opéra Rock - Mozart/Baguian & Guirao,Theater,26,27
0,Mozart l'Opéra Rock - Mozart/Baguian & Guirao,Theater,27,28
0,Mozart l'Opéra Rock - Mozart/Baguian & Guirao,Theater,28,29
3,Mozart l'Opéra Rock - Mozart/Baguian & Guirao,Theater,29,30
0,Mozart l'Opéra Rock - Mozart/Baguian & Guirao,Theater,30,31
0,Mozart l'Opéra Rock - Mozart/Baguian & Guirao,Theater,31,32
0,Mozart l'Opéra Rock - Mozart/Baguian & Guirao,Theater,32,33
1,Mozart l'Opéra Rock - Mozart/Baguian & Guirao,Theater,33,34
1,Mozart l'Opéra Rock - Mozart/Baguian & Guirao,Theater,34,35
0,Mozart l'Opéra Rock - Mozart/Baguian & Guirao,Theater,35,36
0,Much Ado About Nothing - Shakespeare,Theater,0,1
0,Much Ado About Nothing - Shakespeare,Theater,1,2
1,Much Ado About Nothing - Shakespeare,Theater,2,3
3,Much Ado About Nothing - Shakespeare,Theater,3,4
0,Much Ado About Nothing - Shakespeare,Theater,4,5
0,Much Ado About Nothing - Shakespeare,Theater,5,6
0,Much Ado About Nothing - Shakespeare,Theater,6,7
2,Much Ado About Nothing - Shakespeare,Theater,7,8
2,Much Ado About Nothing - Shakespeare,Theater,8,9
2,Much Ado About Nothing - Shakespeare,Theater,9,10
0,Much Ado About Nothing - Shakespeare,Theater,10,11
1,Much Ado About Nothing - Shakespeare,Theater,11,12
1,Much Ado About Nothing - Shakespeare,Theater,12,13
0,Much Ado About Nothing - Shakespeare,Theater,13,14
0,Much Ado About Nothing - Shakespeare,Theater,14,15
0,Much Ado About Nothing - Shakespeare,Theater,15,16
2,Much Ado About Nothing - Shakespeare,Theater,16,17
2,Much Ado About Nothing - Shakespeare,Theater,17,18
0,Much Ado About Nothing - Shakespeare,Theater,18,19
2,Much Ado About Nothing - Shakespeare,Theater,19,20
3,Much Ado About Nothing - Shakespeare,Theater,20,21
0,Much Ado About Nothing - Shakespeare,Theater,21,22
4,Much Ado About Nothing - Shakespeare,Theater,22,23
7,Much Ado About Nothing - Shakespeare,Theater,23,24
4,Much Ado About Nothing - Shakespeare,Theater,24,25
0,Much Ado About Nothing - Shakespeare,Theater,25,26
0,Much Ado About Nothing - Shakespeare,Theater,26,27
1,Much Ado About Nothing - Shakespeare,Theater,27,28
1,Much Ado About Nothing - Shakespeare,Theater,28,29
0,Much Ado About Nothing - Shakespeare,Theater,29,30
1,Much Ado About Nothing - Shakespeare,Theater,30,31
0,Much Ado About Nothing - Shakespeare,Theater,31,32
0,Much Ado About Nothing - Shakespeare,Theater,32,33
1,Much Ado About Nothing - Shakespeare,Theater,33,34
0,Much Ado About Nothing - Shakespeare,Theater,34,35
0,Much Ado About Nothing - Shakespeare,Theater,35,36
1,History Boys - Bennett,Theater,0,1
1,History Boys - Bennett,Theater,1,2
6,History Boys - Bennett,Theater,2,3
4,History Boys - Bennett,Theater,3,4
1,History Boys - Bennett,Theater,4,5
1,History Boys - Bennett,Theater,5,6
1,History Boys - Bennett,Theater,6,7
2,History Boys - Bennett,Theater,7,8
0,History Boys - Bennett,Theater,8,9
0,History Boys - Bennett,Theater,9,10
1,History Boys - Bennett,Theater,10,11
0,History Boys - Bennett,Theater,11,12
2,History Boys - Bennett,Theater,12,13
0,History Boys - Bennett,Theater,13,14
1,History Boys - Bennett,Theater,14,15
0,History Boys - Bennett,Theater,15,16
0,History Boys - Bennett,Theater,16,17
0,History Boys - Bennett,Theater,17,18
0,History Boys - Bennett,Theater,18,19
0,History Boys - Bennett,Theater,19,20
1,History Boys - Bennett,Theater,20,21
0,History Boys - Bennett,Theater,21,22
0,History Boys - Bennett,Theater,22,23
0,History Boys - Bennett,Theater,23,24
2,History Boys - Bennett,Theater,24,25
0,History Boys - Bennett,Theater,25,26
0,History Boys - Bennett,Theater,26,27
2,History Boys - Bennett,Theater,27,28
0,History Boys - Bennett,Theater,28,29
1,History Boys - Bennett,Theater,29,30
0,History Boys - Bennett,Theater,30,31
0,History Boys - Bennett,Theater,31,32
0,History Boys - Bennett,Theater,32,33
0,History Boys - Bennett,Theater,33,34
1,History Boys - Bennett,Theater,34,35
0,History Boys - Bennett,Theater,35,36
4,Messiah Project - All Media Types,Theater,0,1
0,Messiah Project - All Media Types,Theater,1,2
0,Messiah Project - All Media Types,Theater,2,3
0,Messiah Project - All Media Types,Theater,3,4
0,Messiah Project - All Media Types,Theater,4,5
0,Messiah Project - All Media Types,Theater,5,6
1,Messiah Project - All Media Types,Theater,6,7
0,Messiah Project - All Media Types,Theater,7,8
1,Messiah Project - All Media Types,Theater,8,9
3,Messiah Project - All Media Types,Theater,9,10
7,Messiah Project - All Media Types,Theater,10,11
1,Messiah Project - All Media Types,Theater,11,12
2,Messiah Project - All Media Types,Theater,12,13
1,Messiah Project - All Media Types,Theater,13,14
1,Messiah Project - All Media Types,Theater,14,15
3,Messiah Project - All Media Types,Theater,15,16
2,Messiah Project - All Media Types,Theater,16,17
1,Messiah Project - All Media Types,Theater,17,18
4,Messiah Project - All Media Types,Theater,18,19
3,Messiah Project - All Media Types,Theater,19,20
2,Messiah Project - All Media Types,Theater,20,21
3,Messiah Project - All Media Types,Theater,21,22
4,Messiah Project - All Media Types,Theater,22,23
2,Messiah Project - All Media Types,Theater,23,24
2,Messiah Project - All Media Types,Theater,24,25
1,Messiah Project - All Media Types,Theater,25,26
2,Messiah Project - All Media Types,Theater,26,27
5,Messiah Project - All Media Types,Theater,27,28
4,Messiah Project - All Media Types,Theater,28,29
9,Messiah Project - All Media Types,Theater,29,30
15,Messiah Project - All Media Types,Theater,30,31
12,Messiah Project - All Media Types,Theater,31,32
0,Messiah Project - All Media Types,Theater,32,33
0,Messiah Project - All Media Types,Theater,33,34
0,Messiah Project - All Media Types,Theater,34,35
0,Messiah Project - All Media Types,Theater,35,36
