4104,Marvel,TV Shows,0,1
2938,Marvel,TV Shows,1,2
2491,Marvel,TV Shows,2,3
2211,Marvel,TV Shows,3,4
3022,Marvel,TV Shows,4,5
3137,Marvel,TV Shows,5,6
2209,Marvel,TV Shows,6,7
2370,Marvel,TV Shows,7,8
2261,Marvel,TV Shows,8,9
2626,Marvel,TV Shows,9,10
2371,Marvel,TV Shows,10,11
2682,Marvel,TV Shows,11,12
3300,Marvel,TV Shows,12,13
2473,Marvel,TV Shows,13,14
2652,Marvel,TV Shows,14,15
2701,Marvel,TV Shows,15,16
3061,Marvel,TV Shows,16,17
3581,Marvel,TV Shows,17,18
3860,Marvel,TV Shows,18,19
4691,Marvel,TV Shows,19,20
3170,Marvel,TV Shows,20,21
3694,Marvel,TV Shows,21,22
3232,Marvel,TV Shows,22,23
3306,Marvel,TV Shows,23,24
4066,Marvel,TV Shows,24,25
2948,Marvel,TV Shows,25,26
2459,Marvel,TV Shows,26,27
2923,Marvel,TV Shows,27,28
3548,Marvel,TV Shows,28,29
3409,Marvel,TV Shows,29,30
3399,Marvel,TV Shows,30,31
4246,Marvel,TV Shows,31,32
3181,Marvel,TV Shows,32,33
3084,Marvel,TV Shows,33,34
3278,Marvel,TV Shows,34,35
3065,Marvel,TV Shows,35,36
3556,Marvel Cinematic Universe,TV Shows,0,1
2636,Marvel Cinematic Universe,TV Shows,1,2
2302,Marvel Cinematic Universe,TV Shows,2,3
2079,Marvel Cinematic Universe,TV Shows,3,4
2962,Marvel Cinematic Universe,TV Shows,4,5
3013,Marvel Cinematic Universe,TV Shows,5,6
2232,Marvel Cinematic Universe,TV Shows,6,7
2342,Marvel Cinematic Universe,TV Shows,7,8
2100,Marvel Cinematic Universe,TV Shows,8,9
2217,Marvel Cinematic Universe,TV Shows,9,10
1988,Marvel Cinematic Universe,TV Shows,10,11
2303,Marvel Cinematic Universe,TV Shows,11,12
2844,Marvel Cinematic Universe,TV Shows,12,13
2065,Marvel Cinematic Universe,TV Shows,13,14
2303,Marvel Cinematic Universe,TV Shows,14,15
2334,Marvel Cinematic Universe,TV Shows,15,16
2675,Marvel Cinematic Universe,TV Shows,16,17
3083,Marvel Cinematic Universe,TV Shows,17,18
3248,Marvel Cinematic Universe,TV Shows,18,19
4301,Marvel Cinematic Universe,TV Shows,19,20
2829,Marvel Cinematic Universe,TV Shows,20,21
3020,Marvel Cinematic Universe,TV Shows,21,22
2427,Marvel Cinematic Universe,TV Shows,22,23
2924,Marvel Cinematic Universe,TV Shows,23,24
3702,Marvel Cinematic Universe,TV Shows,24,25
2654,Marvel Cinematic Universe,TV Shows,25,26
2195,Marvel Cinematic Universe,TV Shows,26,27
2509,Marvel Cinematic Universe,TV Shows,27,28
3074,Marvel Cinematic Universe,TV Shows,28,29
2975,Marvel Cinematic Universe,TV Shows,29,30
3059,Marvel Cinematic Universe,TV Shows,30,31
3923,Marvel Cinematic Universe,TV Shows,31,32
2778,Marvel Cinematic Universe,TV Shows,32,33
2632,Marvel Cinematic Universe,TV Shows,33,34
2743,Marvel Cinematic Universe,TV Shows,34,35
2531,Marvel Cinematic Universe,TV Shows,35,36
2130,Supernatural,TV Shows,0,1
1973,Supernatural,TV Shows,1,2
2013,Supernatural,TV Shows,2,3
1594,Supernatural,TV Shows,3,4
1575,Supernatural,TV Shows,4,5
1883,Supernatural,TV Shows,5,6
1932,Supernatural,TV Shows,6,7
1983,Supernatural,TV Shows,7,8
1958,Supernatural,TV Shows,8,9
1849,Supernatural,TV Shows,9,10
1854,Supernatural,TV Shows,10,11
1918,Supernatural,TV Shows,11,12
2108,Supernatural,TV Shows,12,13
1953,Supernatural,TV Shows,13,14
2383,Supernatural,TV Shows,14,15
1945,Supernatural,TV Shows,15,16
2014,Supernatural,TV Shows,16,17
2184,Supernatural,TV Shows,17,18
2070,Supernatural,TV Shows,18,19
2375,Supernatural,TV Shows,19,20
2033,Supernatural,TV Shows,20,21
2026,Supernatural,TV Shows,21,22
2571,Supernatural,TV Shows,22,23
2567,Supernatural,TV Shows,23,24
2602,Supernatural,TV Shows,24,25
2050,Supernatural,TV Shows,25,26
2241,Supernatural,TV Shows,26,27
2119,Supernatural,TV Shows,27,28
2280,Supernatural,TV Shows,28,29
2291,Supernatural,TV Shows,29,30
2185,Supernatural,TV Shows,30,31
2371,Supernatural,TV Shows,31,32
2378,Supernatural,TV Shows,32,33
2247,Supernatural,TV Shows,33,34
2219,Supernatural,TV Shows,34,35
2223,Supernatural,TV Shows,35,36
1120,Sherlock Holmes & Related Fandoms,TV Shows,0,1
709,Sherlock Holmes & Related Fandoms,TV Shows,1,2
826,Sherlock Holmes & Related Fandoms,TV Shows,2,3
827,Sherlock Holmes & Related Fandoms,TV Shows,3,4
845,Sherlock Holmes & Related Fandoms,TV Shows,4,5
1022,Sherlock Holmes & Related Fandoms,TV Shows,5,6
822,Sherlock Holmes & Related Fandoms,TV Shows,6,7
984,Sherlock Holmes & Related Fandoms,TV Shows,7,8
963,Sherlock Holmes & Related Fandoms,TV Shows,8,9
1075,Sherlock Holmes & Related Fandoms,TV Shows,9,10
1303,Sherlock Holmes & Related Fandoms,TV Shows,10,11
2027,Sherlock Holmes & Related Fandoms,TV Shows,11,12
1204,Sherlock Holmes & Related Fandoms,TV Shows,12,13
753,Sherlock Holmes & Related Fandoms,TV Shows,13,14
762,Sherlock Holmes & Related Fandoms,TV Shows,14,15
664,Sherlock Holmes & Related Fandoms,TV Shows,15,16
966,Sherlock Holmes & Related Fandoms,TV Shows,16,17
1093,Sherlock Holmes & Related Fandoms,TV Shows,17,18
777,Sherlock Holmes & Related Fandoms,TV Shows,18,19
856,Sherlock Holmes & Related Fandoms,TV Shows,19,20
997,Sherlock Holmes & Related Fandoms,TV Shows,20,21
1043,Sherlock Holmes & Related Fandoms,TV Shows,21,22
955,Sherlock Holmes & Related Fandoms,TV Shows,22,23
1278,Sherlock Holmes & Related Fandoms,TV Shows,23,24
1338,Sherlock Holmes & Related Fandoms,TV Shows,24,25
994,Sherlock Holmes & Related Fandoms,TV Shows,25,26
927,Sherlock Holmes & Related Fandoms,TV Shows,26,27
830,Sherlock Holmes & Related Fandoms,TV Shows,27,28
1099,Sherlock Holmes & Related Fandoms,TV Shows,28,29
1438,Sherlock Holmes & Related Fandoms,TV Shows,29,30
993,Sherlock Holmes & Related Fandoms,TV Shows,30,31
1104,Sherlock Holmes & Related Fandoms,TV Shows,31,32
994,Sherlock Holmes & Related Fandoms,TV Shows,32,33
1286,Sherlock Holmes & Related Fandoms,TV Shows,33,34
1292,Sherlock Holmes & Related Fandoms,TV Shows,34,35
1197,Sherlock Holmes & Related Fandoms,TV Shows,35,36
1446,The Avengers - Ambiguous Fandom,TV Shows,0,1
1047,The Avengers - Ambiguous Fandom,TV Shows,1,2
1012,The Avengers - Ambiguous Fandom,TV Shows,2,3
843,The Avengers - Ambiguous Fandom,TV Shows,3,4
1183,The Avengers - Ambiguous Fandom,TV Shows,4,5
1299,The Avengers - Ambiguous Fandom,TV Shows,5,6
924,The Avengers - Ambiguous Fandom,TV Shows,6,7
984,The Avengers - Ambiguous Fandom,TV Shows,7,8
929,The Avengers - Ambiguous Fandom,TV Shows,8,9
1039,The Avengers - Ambiguous Fandom,TV Shows,9,10
899,The Avengers - Ambiguous Fandom,TV Shows,10,11
1003,The Avengers - Ambiguous Fandom,TV Shows,11,12
1276,The Avengers - Ambiguous Fandom,TV Shows,12,13
935,The Avengers - Ambiguous Fandom,TV Shows,13,14
1013,The Avengers - Ambiguous Fandom,TV Shows,14,15
1023,The Avengers - Ambiguous Fandom,TV Shows,15,16
1203,The Avengers - Ambiguous Fandom,TV Shows,16,17
1454,The Avengers - Ambiguous Fandom,TV Shows,17,18
1505,The Avengers - Ambiguous Fandom,TV Shows,18,19
1956,The Avengers - Ambiguous Fandom,TV Shows,19,20
1270,The Avengers - Ambiguous Fandom,TV Shows,20,21
1239,The Avengers - Ambiguous Fandom,TV Shows,21,22
1184,The Avengers - Ambiguous Fandom,TV Shows,22,23
1579,The Avengers - Ambiguous Fandom,TV Shows,23,24
1846,The Avengers - Ambiguous Fandom,TV Shows,24,25
1308,The Avengers - Ambiguous Fandom,TV Shows,25,26
981,The Avengers - Ambiguous Fandom,TV Shows,26,27
1297,The Avengers - Ambiguous Fandom,TV Shows,27,28
1388,The Avengers - Ambiguous Fandom,TV Shows,28,29
1446,The Avengers - Ambiguous Fandom,TV Shows,29,30
1471,The Avengers - Ambiguous Fandom,TV Shows,30,31
2038,The Avengers - Ambiguous Fandom,TV Shows,31,32
1315,The Avengers - Ambiguous Fandom,TV Shows,32,33
1215,The Avengers - Ambiguous Fandom,TV Shows,33,34
1177,The Avengers - Ambiguous Fandom,TV Shows,34,35
1089,The Avengers - Ambiguous Fandom,TV Shows,35,36
2651,DCU,TV Shows,0,1
2007,DCU,TV Shows,1,2
2233,DCU,TV Shows,2,3
1784,DCU,TV Shows,3,4
2108,DCU,TV Shows,4,5
2442,DCU,TV Shows,5,6
2679,DCU,TV Shows,6,7
2435,DCU,TV Shows,7,8
2355,DCU,TV Shows,8,9
2369,DCU,TV Shows,9,10
2493,DCU,TV Shows,10,11
2411,DCU,TV Shows,11,12
2647,DCU,TV Shows,12,13
2121,DCU,TV Shows,13,14
1780,DCU,TV Shows,14,15
1409,DCU,TV Shows,15,16
1814,DCU,TV Shows,16,17
1457,DCU,TV Shows,17,18
1642,DCU,TV Shows,18,19
2030,DCU,TV Shows,19,20
1792,DCU,TV Shows,20,21
1802,DCU,TV Shows,21,22
1549,DCU,TV Shows,22,23
1331,DCU,TV Shows,23,24
1526,DCU,TV Shows,24,25
1109,DCU,TV Shows,25,26
1052,DCU,TV Shows,26,27
973,DCU,TV Shows,27,28
923,DCU,TV Shows,28,29
1006,DCU,TV Shows,29,30
875,DCU,TV Shows,30,31
1129,DCU,TV Shows,31,32
878,DCU,TV Shows,32,33
845,DCU,TV Shows,33,34
896,DCU,TV Shows,34,35
848,DCU,TV Shows,35,36
1018,Sherlock (TV),TV Shows,0,1
649,Sherlock (TV),TV Shows,1,2
758,Sherlock (TV),TV Shows,2,3
756,Sherlock (TV),TV Shows,3,4
764,Sherlock (TV),TV Shows,4,5
835,Sherlock (TV),TV Shows,5,6
713,Sherlock (TV),TV Shows,6,7
886,Sherlock (TV),TV Shows,7,8
865,Sherlock (TV),TV Shows,8,9
996,Sherlock (TV),TV Shows,9,10
1234,Sherlock (TV),TV Shows,10,11
1947,Sherlock (TV),TV Shows,11,12
1111,Sherlock (TV),TV Shows,12,13
695,Sherlock (TV),TV Shows,13,14
704,Sherlock (TV),TV Shows,14,15
620,Sherlock (TV),TV Shows,15,16
899,Sherlock (TV),TV Shows,16,17
916,Sherlock (TV),TV Shows,17,18
735,Sherlock (TV),TV Shows,18,19
805,Sherlock (TV),TV Shows,19,20
933,Sherlock (TV),TV Shows,20,21
977,Sherlock (TV),TV Shows,21,22
904,Sherlock (TV),TV Shows,22,23
1171,Sherlock (TV),TV Shows,23,24
1236,Sherlock (TV),TV Shows,24,25
938,Sherlock (TV),TV Shows,25,26
854,Sherlock (TV),TV Shows,26,27
770,Sherlock (TV),TV Shows,27,28
1028,Sherlock (TV),TV Shows,28,29
1215,Sherlock (TV),TV Shows,29,30
903,Sherlock (TV),TV Shows,30,31
1000,Sherlock (TV),TV Shows,31,32
935,Sherlock (TV),TV Shows,32,33
1185,Sherlock (TV),TV Shows,33,34
1189,Sherlock (TV),TV Shows,34,35
1108,Sherlock (TV),TV Shows,35,36
1294,Teen Wolf (TV),TV Shows,0,1
871,Teen Wolf (TV),TV Shows,1,2
1157,Teen Wolf (TV),TV Shows,2,3
893,Teen Wolf (TV),TV Shows,3,4
775,Teen Wolf (TV),TV Shows,4,5
944,Teen Wolf (TV),TV Shows,5,6
586,Teen Wolf (TV),TV Shows,6,7
644,Teen Wolf (TV),TV Shows,7,8
661,Teen Wolf (TV),TV Shows,8,9
641,Teen Wolf (TV),TV Shows,9,10
1050,Teen Wolf (TV),TV Shows,10,11
867,Teen Wolf (TV),TV Shows,11,12
1121,Teen Wolf (TV),TV Shows,12,13
630,Teen Wolf (TV),TV Shows,13,14
807,Teen Wolf (TV),TV Shows,14,15
587,Teen Wolf (TV),TV Shows,15,16
898,Teen Wolf (TV),TV Shows,16,17
841,Teen Wolf (TV),TV Shows,17,18
771,Teen Wolf (TV),TV Shows,18,19
756,Teen Wolf (TV),TV Shows,19,20
873,Teen Wolf (TV),TV Shows,20,21
1096,Teen Wolf (TV),TV Shows,21,22
1288,Teen Wolf (TV),TV Shows,22,23
1115,Teen Wolf (TV),TV Shows,23,24
1382,Teen Wolf (TV),TV Shows,24,25
1056,Teen Wolf (TV),TV Shows,25,26
1202,Teen Wolf (TV),TV Shows,26,27
1121,Teen Wolf (TV),TV Shows,27,28
1610,Teen Wolf (TV),TV Shows,28,29
1418,Teen Wolf (TV),TV Shows,29,30
940,Teen Wolf (TV),TV Shows,30,31
956,Teen Wolf (TV),TV Shows,31,32
953,Teen Wolf (TV),TV Shows,32,33
1184,Teen Wolf (TV),TV Shows,33,34
988,Teen Wolf (TV),TV Shows,34,35
1115,Teen Wolf (TV),TV Shows,35,36
659,Doctor Who & Related Fandoms,TV Shows,0,1
357,Doctor Who & Related Fandoms,TV Shows,1,2
547,Doctor Who & Related Fandoms,TV Shows,2,3
471,Doctor Who & Related Fandoms,TV Shows,3,4
532,Doctor Who & Related Fandoms,TV Shows,4,5
762,Doctor Who & Related Fandoms,TV Shows,5,6
574,Doctor Who & Related Fandoms,TV Shows,6,7
528,Doctor Who & Related Fandoms,TV Shows,7,8
609,Doctor Who & Related Fandoms,TV Shows,8,9
450,Doctor Who & Related Fandoms,TV Shows,9,10
456,Doctor Who & Related Fandoms,TV Shows,10,11
495,Doctor Who & Related Fandoms,TV Shows,11,12
536,Doctor Who & Related Fandoms,TV Shows,12,13
468,Doctor Who & Related Fandoms,TV Shows,13,14
506,Doctor Who & Related Fandoms,TV Shows,14,15
451,Doctor Who & Related Fandoms,TV Shows,15,16
522,Doctor Who & Related Fandoms,TV Shows,16,17
593,Doctor Who & Related Fandoms,TV Shows,17,18
461,Doctor Who & Related Fandoms,TV Shows,18,19
526,Doctor Who & Related Fandoms,TV Shows,19,20
662,Doctor Who & Related Fandoms,TV Shows,20,21
599,Doctor Who & Related Fandoms,TV Shows,21,22
659,Doctor Who & Related Fandoms,TV Shows,22,23
743,Doctor Who & Related Fandoms,TV Shows,23,24
902,Doctor Who & Related Fandoms,TV Shows,24,25
634,Doctor Who & Related Fandoms,TV Shows,25,26
634,Doctor Who & Related Fandoms,TV Shows,26,27
620,Doctor Who & Related Fandoms,TV Shows,27,28
614,Doctor Who & Related Fandoms,TV Shows,28,29
569,Doctor Who & Related Fandoms,TV Shows,29,30
523,Doctor Who & Related Fandoms,TV Shows,30,31
486,Doctor Who & Related Fandoms,TV Shows,31,32
518,Doctor Who & Related Fandoms,TV Shows,32,33
508,Doctor Who & Related Fandoms,TV Shows,33,34
543,Doctor Who & Related Fandoms,TV Shows,34,35
608,Doctor Who & Related Fandoms,TV Shows,35,36
700,Star Trek,TV Shows,0,1
592,Star Trek,TV Shows,1,2
714,Star Trek,TV Shows,2,3
647,Star Trek,TV Shows,3,4
574,Star Trek,TV Shows,4,5
712,Star Trek,TV Shows,5,6
632,Star Trek,TV Shows,6,7
631,Star Trek,TV Shows,7,8
600,Star Trek,TV Shows,8,9
543,Star Trek,TV Shows,9,10
437,Star Trek,TV Shows,10,11
567,Star Trek,TV Shows,11,12
522,Star Trek,TV Shows,12,13
466,Star Trek,TV Shows,13,14
553,Star Trek,TV Shows,14,15
711,Star Trek,TV Shows,15,16
835,Star Trek,TV Shows,16,17
604,Star Trek,TV Shows,17,18
324,Star Trek,TV Shows,18,19
374,Star Trek,TV Shows,19,20
344,Star Trek,TV Shows,20,21
319,Star Trek,TV Shows,21,22
404,Star Trek,TV Shows,22,23
412,Star Trek,TV Shows,23,24
412,Star Trek,TV Shows,24,25
300,Star Trek,TV Shows,25,26
281,Star Trek,TV Shows,26,27
310,Star Trek,TV Shows,27,28
377,Star Trek,TV Shows,28,29
390,Star Trek,TV Shows,29,30
347,Star Trek,TV Shows,30,31
347,Star Trek,TV Shows,31,32
374,Star Trek,TV Shows,32,33
363,Star Trek,TV Shows,33,34
435,Star Trek,TV Shows,34,35
412,Star Trek,TV Shows,35,36
577,Doctor Who,TV Shows,0,1
303,Doctor Who,TV Shows,1,2
460,Doctor Who,TV Shows,2,3
379,Doctor Who,TV Shows,3,4
456,Doctor Who,TV Shows,4,5
692,Doctor Who,TV Shows,5,6
494,Doctor Who,TV Shows,6,7
440,Doctor Who,TV Shows,7,8
500,Doctor Who,TV Shows,8,9
376,Doctor Who,TV Shows,9,10
332,Doctor Who,TV Shows,10,11
389,Doctor Who,TV Shows,11,12
405,Doctor Who,TV Shows,12,13
296,Doctor Who,TV Shows,13,14
367,Doctor Who,TV Shows,14,15
391,Doctor Who,TV Shows,15,16
433,Doctor Who,TV Shows,16,17
445,Doctor Who,TV Shows,17,18
388,Doctor Who,TV Shows,18,19
464,Doctor Who,TV Shows,19,20
543,Doctor Who,TV Shows,20,21
493,Doctor Who,TV Shows,21,22
583,Doctor Who,TV Shows,22,23
676,Doctor Who,TV Shows,23,24
782,Doctor Who,TV Shows,24,25
547,Doctor Who,TV Shows,25,26
559,Doctor Who,TV Shows,26,27
535,Doctor Who,TV Shows,27,28
518,Doctor Who,TV Shows,28,29
428,Doctor Who,TV Shows,29,30
431,Doctor Who,TV Shows,30,31
405,Doctor Who,TV Shows,31,32
437,Doctor Who,TV Shows,32,33
437,Doctor Who,TV Shows,33,34
469,Doctor Who,TV Shows,34,35
497,Doctor Who,TV Shows,35,36
169,Stargate - All Media Types,TV Shows,0,1
148,Stargate - All Media Types,TV Shows,1,2
203,Stargate - All Media Types,TV Shows,2,3
160,Stargate - All Media Types,TV Shows,3,4
177,Stargate - All Media Types,TV Shows,4,5
194,Stargate - All Media Types,TV Shows,5,6
149,Stargate - All Media Types,TV Shows,6,7
158,Stargate - All Media Types,TV Shows,7,8
314,Stargate - All Media Types,TV Shows,8,9
124,Stargate - All Media Types,TV Shows,9,10
184,Stargate - All Media Types,TV Shows,10,11
206,Stargate - All Media Types,TV Shows,11,12
217,Stargate - All Media Types,TV Shows,12,13
205,Stargate - All Media Types,TV Shows,13,14
254,Stargate - All Media Types,TV Shows,14,15
209,Stargate - All Media Types,TV Shows,15,16
290,Stargate - All Media Types,TV Shows,16,17
264,Stargate - All Media Types,TV Shows,17,18
202,Stargate - All Media Types,TV Shows,18,19
210,Stargate - All Media Types,TV Shows,19,20
245,Stargate - All Media Types,TV Shows,20,21
315,Stargate - All Media Types,TV Shows,21,22
262,Stargate - All Media Types,TV Shows,22,23
258,Stargate - All Media Types,TV Shows,23,24
223,Stargate - All Media Types,TV Shows,24,25
158,Stargate - All Media Types,TV Shows,25,26
168,Stargate - All Media Types,TV Shows,26,27
131,Stargate - All Media Types,TV Shows,27,28
193,Stargate - All Media Types,TV Shows,28,29
318,Stargate - All Media Types,TV Shows,29,30
145,Stargate - All Media Types,TV Shows,30,31
165,Stargate - All Media Types,TV Shows,31,32
209,Stargate - All Media Types,TV Shows,32,33
210,Stargate - All Media Types,TV Shows,33,34
284,Stargate - All Media Types,TV Shows,34,35
252,Stargate - All Media Types,TV Shows,35,36
128,Jossverse,TV Shows,0,1
132,Jossverse,TV Shows,1,2
124,Jossverse,TV Shows,2,3
149,Jossverse,TV Shows,3,4
162,Jossverse,TV Shows,4,5
133,Jossverse,TV Shows,5,6
184,Jossverse,TV Shows,6,7
223,Jossverse,TV Shows,7,8
192,Jossverse,TV Shows,8,9
186,Jossverse,TV Shows,9,10
149,Jossverse,TV Shows,10,11
200,Jossverse,TV Shows,11,12
217,Jossverse,TV Shows,12,13
177,Jossverse,TV Shows,13,14
215,Jossverse,TV Shows,14,15
190,Jossverse,TV Shows,15,16
176,Jossverse,TV Shows,16,17
190,Jossverse,TV Shows,17,18
196,Jossverse,TV Shows,18,19
240,Jossverse,TV Shows,19,20
157,Jossverse,TV Shows,20,21
259,Jossverse,TV Shows,21,22
288,Jossverse,TV Shows,22,23
250,Jossverse,TV Shows,23,24
201,Jossverse,TV Shows,24,25
216,Jossverse,TV Shows,25,26
390,Jossverse,TV Shows,26,27
299,Jossverse,TV Shows,27,28
465,Jossverse,TV Shows,28,29
523,Jossverse,TV Shows,29,30
186,Jossverse,TV Shows,30,31
232,Jossverse,TV Shows,31,32
220,Jossverse,TV Shows,32,33
246,Jossverse,TV Shows,33,34
208,Jossverse,TV Shows,34,35
219,Jossverse,TV Shows,35,36
489,Once Upon a Time (TV),TV Shows,0,1
344,Once Upon a Time (TV),TV Shows,1,2
479,Once Upon a Time (TV),TV Shows,2,3
427,Once Upon a Time (TV),TV Shows,3,4
366,Once Upon a Time (TV),TV Shows,4,5
429,Once Upon a Time (TV),TV Shows,5,6
372,Once Upon a Time (TV),TV Shows,6,7
460,Once Upon a Time (TV),TV Shows,7,8
472,Once Upon a Time (TV),TV Shows,8,9
430,Once Upon a Time (TV),TV Shows,9,10
441,Once Upon a Time (TV),TV Shows,10,11
485,Once Upon a Time (TV),TV Shows,11,12
637,Once Upon a Time (TV),TV Shows,12,13
411,Once Upon a Time (TV),TV Shows,13,14
542,Once Upon a Time (TV),TV Shows,14,15
440,Once Upon a Time (TV),TV Shows,15,16
542,Once Upon a Time (TV),TV Shows,16,17
553,Once Upon a Time (TV),TV Shows,17,18
454,Once Upon a Time (TV),TV Shows,18,19
597,Once Upon a Time (TV),TV Shows,19,20
490,Once Upon a Time (TV),TV Shows,20,21
533,Once Upon a Time (TV),TV Shows,21,22
444,Once Upon a Time (TV),TV Shows,22,23
569,Once Upon a Time (TV),TV Shows,23,24
829,Once Upon a Time (TV),TV Shows,24,25
488,Once Upon a Time (TV),TV Shows,25,26
531,Once Upon a Time (TV),TV Shows,26,27
527,Once Upon a Time (TV),TV Shows,27,28
588,Once Upon a Time (TV),TV Shows,28,29
679,Once Upon a Time (TV),TV Shows,29,30
517,Once Upon a Time (TV),TV Shows,30,31
631,Once Upon a Time (TV),TV Shows,31,32
592,Once Upon a Time (TV),TV Shows,32,33
490,Once Upon a Time (TV),TV Shows,33,34
575,Once Upon a Time (TV),TV Shows,34,35
657,Once Upon a Time (TV),TV Shows,35,36
375,Glee,TV Shows,0,1
126,Glee,TV Shows,1,2
107,Glee,TV Shows,2,3
124,Glee,TV Shows,3,4
161,Glee,TV Shows,4,5
312,Glee,TV Shows,5,6
167,Glee,TV Shows,6,7
153,Glee,TV Shows,7,8
151,Glee,TV Shows,8,9
157,Glee,TV Shows,9,10
192,Glee,TV Shows,10,11
162,Glee,TV Shows,11,12
431,Glee,TV Shows,12,13
189,Glee,TV Shows,13,14
210,Glee,TV Shows,14,15
134,Glee,TV Shows,15,16
219,Glee,TV Shows,16,17
154,Glee,TV Shows,17,18
183,Glee,TV Shows,18,19
202,Glee,TV Shows,19,20
207,Glee,TV Shows,20,21
208,Glee,TV Shows,21,22
443,Glee,TV Shows,22,23
256,Glee,TV Shows,23,24
551,Glee,TV Shows,24,25
195,Glee,TV Shows,25,26
251,Glee,TV Shows,26,27
232,Glee,TV Shows,27,28
352,Glee,TV Shows,28,29
500,Glee,TV Shows,29,30
356,Glee,TV Shows,30,31
301,Glee,TV Shows,31,32
320,Glee,TV Shows,32,33
504,Glee,TV Shows,33,34
459,Glee,TV Shows,34,35
419,Glee,TV Shows,35,36
318,Arthurian Mythology & Related Fandoms,TV Shows,0,1
182,Arthurian Mythology & Related Fandoms,TV Shows,1,2
263,Arthurian Mythology & Related Fandoms,TV Shows,2,3
271,Arthurian Mythology & Related Fandoms,TV Shows,3,4
316,Arthurian Mythology & Related Fandoms,TV Shows,4,5
251,Arthurian Mythology & Related Fandoms,TV Shows,5,6
235,Arthurian Mythology & Related Fandoms,TV Shows,6,7
263,Arthurian Mythology & Related Fandoms,TV Shows,7,8
245,Arthurian Mythology & Related Fandoms,TV Shows,8,9
197,Arthurian Mythology & Related Fandoms,TV Shows,9,10
253,Arthurian Mythology & Related Fandoms,TV Shows,10,11
268,Arthurian Mythology & Related Fandoms,TV Shows,11,12
307,Arthurian Mythology & Related Fandoms,TV Shows,12,13
222,Arthurian Mythology & Related Fandoms,TV Shows,13,14
235,Arthurian Mythology & Related Fandoms,TV Shows,14,15
250,Arthurian Mythology & Related Fandoms,TV Shows,15,16
331,Arthurian Mythology & Related Fandoms,TV Shows,16,17
179,Arthurian Mythology & Related Fandoms,TV Shows,17,18
233,Arthurian Mythology & Related Fandoms,TV Shows,18,19
261,Arthurian Mythology & Related Fandoms,TV Shows,19,20
295,Arthurian Mythology & Related Fandoms,TV Shows,20,21
288,Arthurian Mythology & Related Fandoms,TV Shows,21,22
349,Arthurian Mythology & Related Fandoms,TV Shows,22,23
311,Arthurian Mythology & Related Fandoms,TV Shows,23,24
428,Arthurian Mythology & Related Fandoms,TV Shows,24,25
272,Arthurian Mythology & Related Fandoms,TV Shows,25,26
307,Arthurian Mythology & Related Fandoms,TV Shows,26,27
499,Arthurian Mythology & Related Fandoms,TV Shows,27,28
507,Arthurian Mythology & Related Fandoms,TV Shows,28,29
329,Arthurian Mythology & Related Fandoms,TV Shows,29,30
282,Arthurian Mythology & Related Fandoms,TV Shows,30,31
229,Arthurian Mythology & Related Fandoms,TV Shows,31,32
257,Arthurian Mythology & Related Fandoms,TV Shows,32,33
249,Arthurian Mythology & Related Fandoms,TV Shows,33,34
284,Arthurian Mythology & Related Fandoms,TV Shows,34,35
254,Arthurian Mythology & Related Fandoms,TV Shows,35,36
678,Thor - All Media Types,TV Shows,0,1
786,Thor - All Media Types,TV Shows,1,2
312,Thor - All Media Types,TV Shows,2,3
195,Thor - All Media Types,TV Shows,3,4
259,Thor - All Media Types,TV Shows,4,5
236,Thor - All Media Types,TV Shows,5,6
152,Thor - All Media Types,TV Shows,6,7
188,Thor - All Media Types,TV Shows,7,8
246,Thor - All Media Types,TV Shows,8,9
175,Thor - All Media Types,TV Shows,9,10
169,Thor - All Media Types,TV Shows,10,11
199,Thor - All Media Types,TV Shows,11,12
258,Thor - All Media Types,TV Shows,12,13
203,Thor - All Media Types,TV Shows,13,14
223,Thor - All Media Types,TV Shows,14,15
220,Thor - All Media Types,TV Shows,15,16
243,Thor - All Media Types,TV Shows,16,17
279,Thor - All Media Types,TV Shows,17,18
291,Thor - All Media Types,TV Shows,18,19
278,Thor - All Media Types,TV Shows,19,20
270,Thor - All Media Types,TV Shows,20,21
287,Thor - All Media Types,TV Shows,21,22
295,Thor - All Media Types,TV Shows,22,23
335,Thor - All Media Types,TV Shows,23,24
417,Thor - All Media Types,TV Shows,24,25
250,Thor - All Media Types,TV Shows,25,26
246,Thor - All Media Types,TV Shows,26,27
316,Thor - All Media Types,TV Shows,27,28
282,Thor - All Media Types,TV Shows,28,29
316,Thor - All Media Types,TV Shows,29,30
307,Thor - All Media Types,TV Shows,30,31
340,Thor - All Media Types,TV Shows,31,32
324,Thor - All Media Types,TV Shows,32,33
326,Thor - All Media Types,TV Shows,33,34
399,Thor - All Media Types,TV Shows,34,35
347,Thor - All Media Types,TV Shows,35,36
280,Merlin (TV),TV Shows,0,1
171,Merlin (TV),TV Shows,1,2
227,Merlin (TV),TV Shows,2,3
250,Merlin (TV),TV Shows,3,4
287,Merlin (TV),TV Shows,4,5
221,Merlin (TV),TV Shows,5,6
205,Merlin (TV),TV Shows,6,7
218,Merlin (TV),TV Shows,7,8
204,Merlin (TV),TV Shows,8,9
186,Merlin (TV),TV Shows,9,10
242,Merlin (TV),TV Shows,10,11
260,Merlin (TV),TV Shows,11,12
261,Merlin (TV),TV Shows,12,13
216,Merlin (TV),TV Shows,13,14
225,Merlin (TV),TV Shows,14,15
242,Merlin (TV),TV Shows,15,16
318,Merlin (TV),TV Shows,16,17
168,Merlin (TV),TV Shows,17,18
217,Merlin (TV),TV Shows,18,19
254,Merlin (TV),TV Shows,19,20
252,Merlin (TV),TV Shows,20,21
258,Merlin (TV),TV Shows,21,22
313,Merlin (TV),TV Shows,22,23
291,Merlin (TV),TV Shows,23,24
401,Merlin (TV),TV Shows,24,25
265,Merlin (TV),TV Shows,25,26
289,Merlin (TV),TV Shows,26,27
490,Merlin (TV),TV Shows,27,28
496,Merlin (TV),TV Shows,28,29
322,Merlin (TV),TV Shows,29,30
277,Merlin (TV),TV Shows,30,31
221,Merlin (TV),TV Shows,31,32
224,Merlin (TV),TV Shows,32,33
239,Merlin (TV),TV Shows,33,34
271,Merlin (TV),TV Shows,34,35
243,Merlin (TV),TV Shows,35,36
577,A Song of Ice and Fire & Related Fandoms,TV Shows,0,1
462,A Song of Ice and Fire & Related Fandoms,TV Shows,1,2
651,A Song of Ice and Fire & Related Fandoms,TV Shows,2,3
908,A Song of Ice and Fire & Related Fandoms,TV Shows,3,4
836,A Song of Ice and Fire & Related Fandoms,TV Shows,4,5
540,A Song of Ice and Fire & Related Fandoms,TV Shows,5,6
354,A Song of Ice and Fire & Related Fandoms,TV Shows,6,7
304,A Song of Ice and Fire & Related Fandoms,TV Shows,7,8
266,A Song of Ice and Fire & Related Fandoms,TV Shows,8,9
298,A Song of Ice and Fire & Related Fandoms,TV Shows,9,10
350,A Song of Ice and Fire & Related Fandoms,TV Shows,10,11
298,A Song of Ice and Fire & Related Fandoms,TV Shows,11,12
382,A Song of Ice and Fire & Related Fandoms,TV Shows,12,13
322,A Song of Ice and Fire & Related Fandoms,TV Shows,13,14
364,A Song of Ice and Fire & Related Fandoms,TV Shows,14,15
353,A Song of Ice and Fire & Related Fandoms,TV Shows,15,16
356,A Song of Ice and Fire & Related Fandoms,TV Shows,16,17
523,A Song of Ice and Fire & Related Fandoms,TV Shows,17,18
464,A Song of Ice and Fire & Related Fandoms,TV Shows,18,19
296,A Song of Ice and Fire & Related Fandoms,TV Shows,19,20
211,A Song of Ice and Fire & Related Fandoms,TV Shows,20,21
211,A Song of Ice and Fire & Related Fandoms,TV Shows,21,22
231,A Song of Ice and Fire & Related Fandoms,TV Shows,22,23
218,A Song of Ice and Fire & Related Fandoms,TV Shows,23,24
243,A Song of Ice and Fire & Related Fandoms,TV Shows,24,25
203,A Song of Ice and Fire & Related Fandoms,TV Shows,25,26
330,A Song of Ice and Fire & Related Fandoms,TV Shows,26,27
225,A Song of Ice and Fire & Related Fandoms,TV Shows,27,28
285,A Song of Ice and Fire & Related Fandoms,TV Shows,28,29
354,A Song of Ice and Fire & Related Fandoms,TV Shows,29,30
315,A Song of Ice and Fire & Related Fandoms,TV Shows,30,31
253,A Song of Ice and Fire & Related Fandoms,TV Shows,31,32
297,A Song of Ice and Fire & Related Fandoms,TV Shows,32,33
240,A Song of Ice and Fire & Related Fandoms,TV Shows,33,34
257,A Song of Ice and Fire & Related Fandoms,TV Shows,34,35
270,A Song of Ice and Fire & Related Fandoms,TV Shows,35,36
430,Doctor Who (2005),TV Shows,0,1
194,Doctor Who (2005),TV Shows,1,2
338,Doctor Who (2005),TV Shows,2,3
252,Doctor Who (2005),TV Shows,3,4
337,Doctor Who (2005),TV Shows,4,5
470,Doctor Who (2005),TV Shows,5,6
319,Doctor Who (2005),TV Shows,6,7
317,Doctor Who (2005),TV Shows,7,8
340,Doctor Who (2005),TV Shows,8,9
213,Doctor Who (2005),TV Shows,9,10
233,Doctor Who (2005),TV Shows,10,11
287,Doctor Who (2005),TV Shows,11,12
291,Doctor Who (2005),TV Shows,12,13
220,Doctor Who (2005),TV Shows,13,14
207,Doctor Who (2005),TV Shows,14,15
286,Doctor Who (2005),TV Shows,15,16
304,Doctor Who (2005),TV Shows,16,17
334,Doctor Who (2005),TV Shows,17,18
288,Doctor Who (2005),TV Shows,18,19
311,Doctor Who (2005),TV Shows,19,20
369,Doctor Who (2005),TV Shows,20,21
378,Doctor Who (2005),TV Shows,21,22
441,Doctor Who (2005),TV Shows,22,23
510,Doctor Who (2005),TV Shows,23,24
560,Doctor Who (2005),TV Shows,24,25
401,Doctor Who (2005),TV Shows,25,26
419,Doctor Who (2005),TV Shows,26,27
373,Doctor Who (2005),TV Shows,27,28
390,Doctor Who (2005),TV Shows,28,29
312,Doctor Who (2005),TV Shows,29,30
319,Doctor Who (2005),TV Shows,30,31
260,Doctor Who (2005),TV Shows,31,32
265,Doctor Who (2005),TV Shows,32,33
271,Doctor Who (2005),TV Shows,33,34
307,Doctor Who (2005),TV Shows,34,35
348,Doctor Who (2005),TV Shows,35,36
567,Batman - All Media Types,TV Shows,0,1
553,Batman - All Media Types,TV Shows,1,2
664,Batman - All Media Types,TV Shows,2,3
487,Batman - All Media Types,TV Shows,3,4
499,Batman - All Media Types,TV Shows,4,5
549,Batman - All Media Types,TV Shows,5,6
529,Batman - All Media Types,TV Shows,6,7
491,Batman - All Media Types,TV Shows,7,8
586,Batman - All Media Types,TV Shows,8,9
456,Batman - All Media Types,TV Shows,9,10
478,Batman - All Media Types,TV Shows,10,11
417,Batman - All Media Types,TV Shows,11,12
458,Batman - All Media Types,TV Shows,12,13
383,Batman - All Media Types,TV Shows,13,14
382,Batman - All Media Types,TV Shows,14,15
423,Batman - All Media Types,TV Shows,15,16
551,Batman - All Media Types,TV Shows,16,17
366,Batman - All Media Types,TV Shows,17,18
370,Batman - All Media Types,TV Shows,18,19
412,Batman - All Media Types,TV Shows,19,20
370,Batman - All Media Types,TV Shows,20,21
357,Batman - All Media Types,TV Shows,21,22
291,Batman - All Media Types,TV Shows,22,23
309,Batman - All Media Types,TV Shows,23,24
302,Batman - All Media Types,TV Shows,24,25
291,Batman - All Media Types,TV Shows,25,26
301,Batman - All Media Types,TV Shows,26,27
299,Batman - All Media Types,TV Shows,27,28
324,Batman - All Media Types,TV Shows,28,29
379,Batman - All Media Types,TV Shows,29,30
340,Batman - All Media Types,TV Shows,30,31
223,Batman - All Media Types,TV Shows,31,32
211,Batman - All Media Types,TV Shows,32,33
205,Batman - All Media Types,TV Shows,33,34
202,Batman - All Media Types,TV Shows,34,35
164,Batman - All Media Types,TV Shows,35,36
114,Buffy the Vampire Slayer,TV Shows,0,1
101,Buffy the Vampire Slayer,TV Shows,1,2
96,Buffy the Vampire Slayer,TV Shows,2,3
130,Buffy the Vampire Slayer,TV Shows,3,4
132,Buffy the Vampire Slayer,TV Shows,4,5
94,Buffy the Vampire Slayer,TV Shows,5,6
150,Buffy the Vampire Slayer,TV Shows,6,7
151,Buffy the Vampire Slayer,TV Shows,7,8
131,Buffy the Vampire Slayer,TV Shows,8,9
161,Buffy the Vampire Slayer,TV Shows,9,10
96,Buffy the Vampire Slayer,TV Shows,10,11
132,Buffy the Vampire Slayer,TV Shows,11,12
143,Buffy the Vampire Slayer,TV Shows,12,13
132,Buffy the Vampire Slayer,TV Shows,13,14
146,Buffy the Vampire Slayer,TV Shows,14,15
128,Buffy the Vampire Slayer,TV Shows,15,16
118,Buffy the Vampire Slayer,TV Shows,16,17
165,Buffy the Vampire Slayer,TV Shows,17,18
159,Buffy the Vampire Slayer,TV Shows,18,19
184,Buffy the Vampire Slayer,TV Shows,19,20
109,Buffy the Vampire Slayer,TV Shows,20,21
140,Buffy the Vampire Slayer,TV Shows,21,22
142,Buffy the Vampire Slayer,TV Shows,22,23
148,Buffy the Vampire Slayer,TV Shows,23,24
138,Buffy the Vampire Slayer,TV Shows,24,25
189,Buffy the Vampire Slayer,TV Shows,25,26
284,Buffy the Vampire Slayer,TV Shows,26,27
260,Buffy the Vampire Slayer,TV Shows,27,28
384,Buffy the Vampire Slayer,TV Shows,28,29
456,Buffy the Vampire Slayer,TV Shows,29,30
143,Buffy the Vampire Slayer,TV Shows,30,31
174,Buffy the Vampire Slayer,TV Shows,31,32
167,Buffy the Vampire Slayer,TV Shows,32,33
173,Buffy the Vampire Slayer,TV Shows,33,34
143,Buffy the Vampire Slayer,TV Shows,34,35
159,Buffy the Vampire Slayer,TV Shows,35,36
213,Star Trek: Alternate Original Series (Movies),TV Shows,0,1
143,Star Trek: Alternate Original Series (Movies),TV Shows,1,2
214,Star Trek: Alternate Original Series (Movies),TV Shows,2,3
267,Star Trek: Alternate Original Series (Movies),TV Shows,3,4
273,Star Trek: Alternate Original Series (Movies),TV Shows,4,5
324,Star Trek: Alternate Original Series (Movies),TV Shows,5,6
251,Star Trek: Alternate Original Series (Movies),TV Shows,6,7
233,Star Trek: Alternate Original Series (Movies),TV Shows,7,8
280,Star Trek: Alternate Original Series (Movies),TV Shows,8,9
247,Star Trek: Alternate Original Series (Movies),TV Shows,9,10
217,Star Trek: Alternate Original Series (Movies),TV Shows,10,11
260,Star Trek: Alternate Original Series (Movies),TV Shows,11,12
274,Star Trek: Alternate Original Series (Movies),TV Shows,12,13
241,Star Trek: Alternate Original Series (Movies),TV Shows,13,14
274,Star Trek: Alternate Original Series (Movies),TV Shows,14,15
419,Star Trek: Alternate Original Series (Movies),TV Shows,15,16
512,Star Trek: Alternate Original Series (Movies),TV Shows,16,17
341,Star Trek: Alternate Original Series (Movies),TV Shows,17,18
154,Star Trek: Alternate Original Series (Movies),TV Shows,18,19
156,Star Trek: Alternate Original Series (Movies),TV Shows,19,20
162,Star Trek: Alternate Original Series (Movies),TV Shows,20,21
140,Star Trek: Alternate Original Series (Movies),TV Shows,21,22
174,Star Trek: Alternate Original Series (Movies),TV Shows,22,23
194,Star Trek: Alternate Original Series (Movies),TV Shows,23,24
182,Star Trek: Alternate Original Series (Movies),TV Shows,24,25
110,Star Trek: Alternate Original Series (Movies),TV Shows,25,26
122,Star Trek: Alternate Original Series (Movies),TV Shows,26,27
104,Star Trek: Alternate Original Series (Movies),TV Shows,27,28
176,Star Trek: Alternate Original Series (Movies),TV Shows,28,29
159,Star Trek: Alternate Original Series (Movies),TV Shows,29,30
135,Star Trek: Alternate Original Series (Movies),TV Shows,30,31
126,Star Trek: Alternate Original Series (Movies),TV Shows,31,32
146,Star Trek: Alternate Original Series (Movies),TV Shows,32,33
145,Star Trek: Alternate Original Series (Movies),TV Shows,33,34
188,Star Trek: Alternate Original Series (Movies),TV Shows,34,35
159,Star Trek: Alternate Original Series (Movies),TV Shows,35,36
289,The 100 (TV),TV Shows,0,1
234,The 100 (TV),TV Shows,1,2
308,The 100 (TV),TV Shows,2,3
256,The 100 (TV),TV Shows,3,4
277,The 100 (TV),TV Shows,4,5
263,The 100 (TV),TV Shows,5,6
335,The 100 (TV),TV Shows,6,7
429,The 100 (TV),TV Shows,7,8
365,The 100 (TV),TV Shows,8,9
452,The 100 (TV),TV Shows,9,10
390,The 100 (TV),TV Shows,10,11
321,The 100 (TV),TV Shows,11,12
411,The 100 (TV),TV Shows,12,13
313,The 100 (TV),TV Shows,13,14
354,The 100 (TV),TV Shows,14,15
385,The 100 (TV),TV Shows,15,16
422,The 100 (TV),TV Shows,16,17
467,The 100 (TV),TV Shows,17,18
513,The 100 (TV),TV Shows,18,19
696,The 100 (TV),TV Shows,19,20
737,The 100 (TV),TV Shows,20,21
922,The 100 (TV),TV Shows,21,22
861,The 100 (TV),TV Shows,22,23
598,The 100 (TV),TV Shows,23,24
544,The 100 (TV),TV Shows,24,25
312,The 100 (TV),TV Shows,25,26
316,The 100 (TV),TV Shows,26,27
366,The 100 (TV),TV Shows,27,28
422,The 100 (TV),TV Shows,28,29
504,The 100 (TV),TV Shows,29,30
444,The 100 (TV),TV Shows,30,31
554,The 100 (TV),TV Shows,31,32
643,The 100 (TV),TV Shows,32,33
871,The 100 (TV),TV Shows,33,34
624,The 100 (TV),TV Shows,34,35
387,The 100 (TV),TV Shows,35,36
72,Stargate Atlantis,TV Shows,0,1
60,Stargate Atlantis,TV Shows,1,2
91,Stargate Atlantis,TV Shows,2,3
52,Stargate Atlantis,TV Shows,3,4
87,Stargate Atlantis,TV Shows,4,5
76,Stargate Atlantis,TV Shows,5,6
69,Stargate Atlantis,TV Shows,6,7
72,Stargate Atlantis,TV Shows,7,8
141,Stargate Atlantis,TV Shows,8,9
63,Stargate Atlantis,TV Shows,9,10
119,Stargate Atlantis,TV Shows,10,11
127,Stargate Atlantis,TV Shows,11,12
125,Stargate Atlantis,TV Shows,12,13
115,Stargate Atlantis,TV Shows,13,14
131,Stargate Atlantis,TV Shows,14,15
139,Stargate Atlantis,TV Shows,15,16
189,Stargate Atlantis,TV Shows,16,17
187,Stargate Atlantis,TV Shows,17,18
155,Stargate Atlantis,TV Shows,18,19
159,Stargate Atlantis,TV Shows,19,20
170,Stargate Atlantis,TV Shows,20,21
218,Stargate Atlantis,TV Shows,21,22
181,Stargate Atlantis,TV Shows,22,23
154,Stargate Atlantis,TV Shows,23,24
131,Stargate Atlantis,TV Shows,24,25
68,Stargate Atlantis,TV Shows,25,26
76,Stargate Atlantis,TV Shows,26,27
58,Stargate Atlantis,TV Shows,27,28
100,Stargate Atlantis,TV Shows,28,29
163,Stargate Atlantis,TV Shows,29,30
65,Stargate Atlantis,TV Shows,30,31
75,Stargate Atlantis,TV Shows,31,32
60,Stargate Atlantis,TV Shows,32,33
97,Stargate Atlantis,TV Shows,33,34
157,Stargate Atlantis,TV Shows,34,35
146,Stargate Atlantis,TV Shows,35,36
343,Agents of S.H.I.E.L.D. (TV),TV Shows,0,1
165,Agents of S.H.I.E.L.D. (TV),TV Shows,1,2
156,Agents of S.H.I.E.L.D. (TV),TV Shows,2,3
120,Agents of S.H.I.E.L.D. (TV),TV Shows,3,4
211,Agents of S.H.I.E.L.D. (TV),TV Shows,4,5
257,Agents of S.H.I.E.L.D. (TV),TV Shows,5,6
236,Agents of S.H.I.E.L.D. (TV),TV Shows,6,7
309,Agents of S.H.I.E.L.D. (TV),TV Shows,7,8
291,Agents of S.H.I.E.L.D. (TV),TV Shows,8,9
263,Agents of S.H.I.E.L.D. (TV),TV Shows,9,10
369,Agents of S.H.I.E.L.D. (TV),TV Shows,10,11
273,Agents of S.H.I.E.L.D. (TV),TV Shows,11,12
341,Agents of S.H.I.E.L.D. (TV),TV Shows,12,13
220,Agents of S.H.I.E.L.D. (TV),TV Shows,13,14
254,Agents of S.H.I.E.L.D. (TV),TV Shows,14,15
257,Agents of S.H.I.E.L.D. (TV),TV Shows,15,16
238,Agents of S.H.I.E.L.D. (TV),TV Shows,16,17
287,Agents of S.H.I.E.L.D. (TV),TV Shows,17,18
341,Agents of S.H.I.E.L.D. (TV),TV Shows,18,19
428,Agents of S.H.I.E.L.D. (TV),TV Shows,19,20
395,Agents of S.H.I.E.L.D. (TV),TV Shows,20,21
386,Agents of S.H.I.E.L.D. (TV),TV Shows,21,22
293,Agents of S.H.I.E.L.D. (TV),TV Shows,22,23
386,Agents of S.H.I.E.L.D. (TV),TV Shows,23,24
580,Agents of S.H.I.E.L.D. (TV),TV Shows,24,25
538,Agents of S.H.I.E.L.D. (TV),TV Shows,25,26
464,Agents of S.H.I.E.L.D. (TV),TV Shows,26,27
384,Agents of S.H.I.E.L.D. (TV),TV Shows,27,28
414,Agents of S.H.I.E.L.D. (TV),TV Shows,28,29
385,Agents of S.H.I.E.L.D. (TV),TV Shows,29,30
419,Agents of S.H.I.E.L.D. (TV),TV Shows,30,31
461,Agents of S.H.I.E.L.D. (TV),TV Shows,31,32
446,Agents of S.H.I.E.L.D. (TV),TV Shows,32,33
512,Agents of S.H.I.E.L.D. (TV),TV Shows,33,34
510,Agents of S.H.I.E.L.D. (TV),TV Shows,34,35
514,Agents of S.H.I.E.L.D. (TV),TV Shows,35,36
506,Disney - All Media Types,TV Shows,0,1
362,Disney - All Media Types,TV Shows,1,2
370,Disney - All Media Types,TV Shows,2,3
393,Disney - All Media Types,TV Shows,3,4
428,Disney - All Media Types,TV Shows,4,5
466,Disney - All Media Types,TV Shows,5,6
334,Disney - All Media Types,TV Shows,6,7
332,Disney - All Media Types,TV Shows,7,8
408,Disney - All Media Types,TV Shows,8,9
329,Disney - All Media Types,TV Shows,9,10
271,Disney - All Media Types,TV Shows,10,11
273,Disney - All Media Types,TV Shows,11,12
392,Disney - All Media Types,TV Shows,12,13
250,Disney - All Media Types,TV Shows,13,14
249,Disney - All Media Types,TV Shows,14,15
239,Disney - All Media Types,TV Shows,15,16
265,Disney - All Media Types,TV Shows,16,17
321,Disney - All Media Types,TV Shows,17,18
287,Disney - All Media Types,TV Shows,18,19
247,Disney - All Media Types,TV Shows,19,20
235,Disney - All Media Types,TV Shows,20,21
275,Disney - All Media Types,TV Shows,21,22
157,Disney - All Media Types,TV Shows,22,23
183,Disney - All Media Types,TV Shows,23,24
214,Disney - All Media Types,TV Shows,24,25
165,Disney - All Media Types,TV Shows,25,26
182,Disney - All Media Types,TV Shows,26,27
203,Disney - All Media Types,TV Shows,27,28
298,Disney - All Media Types,TV Shows,28,29
210,Disney - All Media Types,TV Shows,29,30
215,Disney - All Media Types,TV Shows,30,31
201,Disney - All Media Types,TV Shows,31,32
296,Disney - All Media Types,TV Shows,32,33
312,Disney - All Media Types,TV Shows,33,34
413,Disney - All Media Types,TV Shows,34,35
292,Disney - All Media Types,TV Shows,35,36
506,Game of Thrones (TV),TV Shows,0,1
397,Game of Thrones (TV),TV Shows,1,2
585,Game of Thrones (TV),TV Shows,2,3
760,Game of Thrones (TV),TV Shows,3,4
750,Game of Thrones (TV),TV Shows,4,5
461,Game of Thrones (TV),TV Shows,5,6
306,Game of Thrones (TV),TV Shows,6,7
264,Game of Thrones (TV),TV Shows,7,8
220,Game of Thrones (TV),TV Shows,8,9
242,Game of Thrones (TV),TV Shows,9,10
293,Game of Thrones (TV),TV Shows,10,11
237,Game of Thrones (TV),TV Shows,11,12
309,Game of Thrones (TV),TV Shows,12,13
274,Game of Thrones (TV),TV Shows,13,14
292,Game of Thrones (TV),TV Shows,14,15
296,Game of Thrones (TV),TV Shows,15,16
293,Game of Thrones (TV),TV Shows,16,17
434,Game of Thrones (TV),TV Shows,17,18
360,Game of Thrones (TV),TV Shows,18,19
231,Game of Thrones (TV),TV Shows,19,20
146,Game of Thrones (TV),TV Shows,20,21
136,Game of Thrones (TV),TV Shows,21,22
139,Game of Thrones (TV),TV Shows,22,23
162,Game of Thrones (TV),TV Shows,23,24
159,Game of Thrones (TV),TV Shows,24,25
131,Game of Thrones (TV),TV Shows,25,26
249,Game of Thrones (TV),TV Shows,26,27
160,Game of Thrones (TV),TV Shows,27,28
195,Game of Thrones (TV),TV Shows,28,29
275,Game of Thrones (TV),TV Shows,29,30
242,Game of Thrones (TV),TV Shows,30,31
174,Game of Thrones (TV),TV Shows,31,32
205,Game of Thrones (TV),TV Shows,32,33
155,Game of Thrones (TV),TV Shows,33,34
163,Game of Thrones (TV),TV Shows,34,35
176,Game of Thrones (TV),TV Shows,35,36
104,Stargate SG-1,TV Shows,0,1
92,Stargate SG-1,TV Shows,1,2
125,Stargate SG-1,TV Shows,2,3
117,Stargate SG-1,TV Shows,3,4
103,Stargate SG-1,TV Shows,4,5
115,Stargate SG-1,TV Shows,5,6
84,Stargate SG-1,TV Shows,6,7
89,Stargate SG-1,TV Shows,7,8
184,Stargate SG-1,TV Shows,8,9
73,Stargate SG-1,TV Shows,9,10
70,Stargate SG-1,TV Shows,10,11
86,Stargate SG-1,TV Shows,11,12
110,Stargate SG-1,TV Shows,12,13
101,Stargate SG-1,TV Shows,13,14
139,Stargate SG-1,TV Shows,14,15
90,Stargate SG-1,TV Shows,15,16
130,Stargate SG-1,TV Shows,16,17
109,Stargate SG-1,TV Shows,17,18
66,Stargate SG-1,TV Shows,18,19
88,Stargate SG-1,TV Shows,19,20
92,Stargate SG-1,TV Shows,20,21
121,Stargate SG-1,TV Shows,21,22
83,Stargate SG-1,TV Shows,22,23
107,Stargate SG-1,TV Shows,23,24
96,Stargate SG-1,TV Shows,24,25
91,Stargate SG-1,TV Shows,25,26
85,Stargate SG-1,TV Shows,26,27
62,Stargate SG-1,TV Shows,27,28
75,Stargate SG-1,TV Shows,28,29
152,Stargate SG-1,TV Shows,29,30
73,Stargate SG-1,TV Shows,30,31
86,Stargate SG-1,TV Shows,31,32
133,Stargate SG-1,TV Shows,32,33
108,Stargate SG-1,TV Shows,33,34
128,Stargate SG-1,TV Shows,34,35
112,Stargate SG-1,TV Shows,35,36
815,The Shadowhunter Chronicles - All Media Types,TV Shows,0,1
569,The Shadowhunter Chronicles - All Media Types,TV Shows,1,2
636,The Shadowhunter Chronicles - All Media Types,TV Shows,2,3
807,The Shadowhunter Chronicles - All Media Types,TV Shows,3,4
1239,The Shadowhunter Chronicles - All Media Types,TV Shows,4,5
814,The Shadowhunter Chronicles - All Media Types,TV Shows,5,6
760,The Shadowhunter Chronicles - All Media Types,TV Shows,6,7
599,The Shadowhunter Chronicles - All Media Types,TV Shows,7,8
511,The Shadowhunter Chronicles - All Media Types,TV Shows,8,9
665,The Shadowhunter Chronicles - All Media Types,TV Shows,9,10
778,The Shadowhunter Chronicles - All Media Types,TV Shows,10,11
576,The Shadowhunter Chronicles - All Media Types,TV Shows,11,12
462,The Shadowhunter Chronicles - All Media Types,TV Shows,12,13
277,The Shadowhunter Chronicles - All Media Types,TV Shows,13,14
382,The Shadowhunter Chronicles - All Media Types,TV Shows,14,15
322,The Shadowhunter Chronicles - All Media Types,TV Shows,15,16
440,The Shadowhunter Chronicles - All Media Types,TV Shows,16,17
386,The Shadowhunter Chronicles - All Media Types,TV Shows,17,18
491,The Shadowhunter Chronicles - All Media Types,TV Shows,18,19
747,The Shadowhunter Chronicles - All Media Types,TV Shows,19,20
934,The Shadowhunter Chronicles - All Media Types,TV Shows,20,21
561,The Shadowhunter Chronicles - All Media Types,TV Shows,21,22
245,The Shadowhunter Chronicles - All Media Types,TV Shows,22,23
108,The Shadowhunter Chronicles - All Media Types,TV Shows,23,24
68,The Shadowhunter Chronicles - All Media Types,TV Shows,24,25
56,The Shadowhunter Chronicles - All Media Types,TV Shows,25,26
75,The Shadowhunter Chronicles - All Media Types,TV Shows,26,27
58,The Shadowhunter Chronicles - All Media Types,TV Shows,27,28
125,The Shadowhunter Chronicles - All Media Types,TV Shows,28,29
73,The Shadowhunter Chronicles - All Media Types,TV Shows,29,30
46,The Shadowhunter Chronicles - All Media Types,TV Shows,30,31
65,The Shadowhunter Chronicles - All Media Types,TV Shows,31,32
50,The Shadowhunter Chronicles - All Media Types,TV Shows,32,33
45,The Shadowhunter Chronicles - All Media Types,TV Shows,33,34
27,The Shadowhunter Chronicles - All Media Types,TV Shows,34,35
46,The Shadowhunter Chronicles - All Media Types,TV Shows,35,36
282,Hannibal (TV),TV Shows,0,1
193,Hannibal (TV),TV Shows,1,2
283,Hannibal (TV),TV Shows,2,3
200,Hannibal (TV),TV Shows,3,4
265,Hannibal (TV),TV Shows,4,5
246,Hannibal (TV),TV Shows,5,6
238,Hannibal (TV),TV Shows,6,7
243,Hannibal (TV),TV Shows,7,8
235,Hannibal (TV),TV Shows,8,9
243,Hannibal (TV),TV Shows,9,10
234,Hannibal (TV),TV Shows,10,11
256,Hannibal (TV),TV Shows,11,12
324,Hannibal (TV),TV Shows,12,13
207,Hannibal (TV),TV Shows,13,14
302,Hannibal (TV),TV Shows,14,15
301,Hannibal (TV),TV Shows,15,16
374,Hannibal (TV),TV Shows,16,17
311,Hannibal (TV),TV Shows,17,18
364,Hannibal (TV),TV Shows,18,19
239,Hannibal (TV),TV Shows,19,20
271,Hannibal (TV),TV Shows,20,21
295,Hannibal (TV),TV Shows,21,22
275,Hannibal (TV),TV Shows,22,23
343,Hannibal (TV),TV Shows,23,24
434,Hannibal (TV),TV Shows,24,25
324,Hannibal (TV),TV Shows,25,26
332,Hannibal (TV),TV Shows,26,27
418,Hannibal (TV),TV Shows,27,28
271,Hannibal (TV),TV Shows,28,29
224,Hannibal (TV),TV Shows,29,30
187,Hannibal (TV),TV Shows,30,31
125,Hannibal (TV),TV Shows,31,32
141,Hannibal (TV),TV Shows,32,33
149,Hannibal (TV),TV Shows,33,34
139,Hannibal (TV),TV Shows,34,35
146,Hannibal (TV),TV Shows,35,36
358,The Walking Dead & Related Fandoms,TV Shows,0,1
248,The Walking Dead & Related Fandoms,TV Shows,1,2
277,The Walking Dead & Related Fandoms,TV Shows,2,3
178,The Walking Dead & Related Fandoms,TV Shows,3,4
215,The Walking Dead & Related Fandoms,TV Shows,4,5
246,The Walking Dead & Related Fandoms,TV Shows,5,6
246,The Walking Dead & Related Fandoms,TV Shows,6,7
229,The Walking Dead & Related Fandoms,TV Shows,7,8
269,The Walking Dead & Related Fandoms,TV Shows,8,9
279,The Walking Dead & Related Fandoms,TV Shows,9,10
277,The Walking Dead & Related Fandoms,TV Shows,10,11
265,The Walking Dead & Related Fandoms,TV Shows,11,12
434,The Walking Dead & Related Fandoms,TV Shows,12,13
325,The Walking Dead & Related Fandoms,TV Shows,13,14
268,The Walking Dead & Related Fandoms,TV Shows,14,15
165,The Walking Dead & Related Fandoms,TV Shows,15,16
218,The Walking Dead & Related Fandoms,TV Shows,16,17
181,The Walking Dead & Related Fandoms,TV Shows,17,18
209,The Walking Dead & Related Fandoms,TV Shows,18,19
241,The Walking Dead & Related Fandoms,TV Shows,19,20
295,The Walking Dead & Related Fandoms,TV Shows,20,21
433,The Walking Dead & Related Fandoms,TV Shows,21,22
259,The Walking Dead & Related Fandoms,TV Shows,22,23
267,The Walking Dead & Related Fandoms,TV Shows,23,24
268,The Walking Dead & Related Fandoms,TV Shows,24,25
276,The Walking Dead & Related Fandoms,TV Shows,25,26
262,The Walking Dead & Related Fandoms,TV Shows,26,27
204,The Walking Dead & Related Fandoms,TV Shows,27,28
239,The Walking Dead & Related Fandoms,TV Shows,28,29
201,The Walking Dead & Related Fandoms,TV Shows,29,30
179,The Walking Dead & Related Fandoms,TV Shows,30,31
205,The Walking Dead & Related Fandoms,TV Shows,31,32
249,The Walking Dead & Related Fandoms,TV Shows,32,33
354,The Walking Dead & Related Fandoms,TV Shows,33,34
243,The Walking Dead & Related Fandoms,TV Shows,34,35
236,The Walking Dead & Related Fandoms,TV Shows,35,36
286,Green Arrow - All Media Types,TV Shows,0,1
145,Green Arrow - All Media Types,TV Shows,1,2
208,Green Arrow - All Media Types,TV Shows,2,3
208,Green Arrow - All Media Types,TV Shows,3,4
202,Green Arrow - All Media Types,TV Shows,4,5
335,Green Arrow - All Media Types,TV Shows,5,6
257,Green Arrow - All Media Types,TV Shows,6,7
227,Green Arrow - All Media Types,TV Shows,7,8
179,Green Arrow - All Media Types,TV Shows,8,9
218,Green Arrow - All Media Types,TV Shows,9,10
194,Green Arrow - All Media Types,TV Shows,10,11
201,Green Arrow - All Media Types,TV Shows,11,12
309,Green Arrow - All Media Types,TV Shows,12,13
194,Green Arrow - All Media Types,TV Shows,13,14
228,Green Arrow - All Media Types,TV Shows,14,15
134,Green Arrow - All Media Types,TV Shows,15,16
172,Green Arrow - All Media Types,TV Shows,16,17
175,Green Arrow - All Media Types,TV Shows,17,18
239,Green Arrow - All Media Types,TV Shows,18,19
223,Green Arrow - All Media Types,TV Shows,19,20
238,Green Arrow - All Media Types,TV Shows,20,21
263,Green Arrow - All Media Types,TV Shows,21,22
267,Green Arrow - All Media Types,TV Shows,22,23
255,Green Arrow - All Media Types,TV Shows,23,24
452,Green Arrow - All Media Types,TV Shows,24,25
284,Green Arrow - All Media Types,TV Shows,25,26
316,Green Arrow - All Media Types,TV Shows,26,27
317,Green Arrow - All Media Types,TV Shows,27,28
308,Green Arrow - All Media Types,TV Shows,28,29
270,Green Arrow - All Media Types,TV Shows,29,30
272,Green Arrow - All Media Types,TV Shows,30,31
387,Green Arrow - All Media Types,TV Shows,31,32
365,Green Arrow - All Media Types,TV Shows,32,33
300,Green Arrow - All Media Types,TV Shows,33,34
288,Green Arrow - All Media Types,TV Shows,34,35
292,Green Arrow - All Media Types,TV Shows,35,36
400,The Flash - All Media Types,TV Shows,0,1
293,The Flash - All Media Types,TV Shows,1,2
331,The Flash - All Media Types,TV Shows,2,3
266,The Flash - All Media Types,TV Shows,3,4
359,The Flash - All Media Types,TV Shows,4,5
444,The Flash - All Media Types,TV Shows,5,6
387,The Flash - All Media Types,TV Shows,6,7
463,The Flash - All Media Types,TV Shows,7,8
397,The Flash - All Media Types,TV Shows,8,9
422,The Flash - All Media Types,TV Shows,9,10
399,The Flash - All Media Types,TV Shows,10,11
384,The Flash - All Media Types,TV Shows,11,12
613,The Flash - All Media Types,TV Shows,12,13
435,The Flash - All Media Types,TV Shows,13,14
449,The Flash - All Media Types,TV Shows,14,15
303,The Flash - All Media Types,TV Shows,15,16
372,The Flash - All Media Types,TV Shows,16,17
338,The Flash - All Media Types,TV Shows,17,18
525,The Flash - All Media Types,TV Shows,18,19
608,The Flash - All Media Types,TV Shows,19,20
425,The Flash - All Media Types,TV Shows,20,21
507,The Flash - All Media Types,TV Shows,21,22
488,The Flash - All Media Types,TV Shows,22,23
350,The Flash - All Media Types,TV Shows,23,24
533,The Flash - All Media Types,TV Shows,24,25
358,The Flash - All Media Types,TV Shows,25,26
309,The Flash - All Media Types,TV Shows,26,27
208,The Flash - All Media Types,TV Shows,27,28
144,The Flash - All Media Types,TV Shows,28,29
147,The Flash - All Media Types,TV Shows,29,30
200,The Flash - All Media Types,TV Shows,30,31
364,The Flash - All Media Types,TV Shows,31,32
197,The Flash - All Media Types,TV Shows,32,33
193,The Flash - All Media Types,TV Shows,33,34
167,The Flash - All Media Types,TV Shows,34,35
170,The Flash - All Media Types,TV Shows,35,36
284,Arrow (TV 2012),TV Shows,0,1
141,Arrow (TV 2012),TV Shows,1,2
200,Arrow (TV 2012),TV Shows,2,3
205,Arrow (TV 2012),TV Shows,3,4
197,Arrow (TV 2012),TV Shows,4,5
331,Arrow (TV 2012),TV Shows,5,6
255,Arrow (TV 2012),TV Shows,6,7
227,Arrow (TV 2012),TV Shows,7,8
174,Arrow (TV 2012),TV Shows,8,9
218,Arrow (TV 2012),TV Shows,9,10
191,Arrow (TV 2012),TV Shows,10,11
197,Arrow (TV 2012),TV Shows,11,12
303,Arrow (TV 2012),TV Shows,12,13
189,Arrow (TV 2012),TV Shows,13,14
223,Arrow (TV 2012),TV Shows,14,15
133,Arrow (TV 2012),TV Shows,15,16
169,Arrow (TV 2012),TV Shows,16,17
171,Arrow (TV 2012),TV Shows,17,18
237,Arrow (TV 2012),TV Shows,18,19
222,Arrow (TV 2012),TV Shows,19,20
235,Arrow (TV 2012),TV Shows,20,21
261,Arrow (TV 2012),TV Shows,21,22
266,Arrow (TV 2012),TV Shows,22,23
254,Arrow (TV 2012),TV Shows,23,24
448,Arrow (TV 2012),TV Shows,24,25
282,Arrow (TV 2012),TV Shows,25,26
315,Arrow (TV 2012),TV Shows,26,27
317,Arrow (TV 2012),TV Shows,27,28
306,Arrow (TV 2012),TV Shows,28,29
269,Arrow (TV 2012),TV Shows,29,30
270,Arrow (TV 2012),TV Shows,30,31
387,Arrow (TV 2012),TV Shows,31,32
365,Arrow (TV 2012),TV Shows,32,33
299,Arrow (TV 2012),TV Shows,33,34
287,Arrow (TV 2012),TV Shows,34,35
289,Arrow (TV 2012),TV Shows,35,36
379,The Flash (TV 2014),TV Shows,0,1
267,The Flash (TV 2014),TV Shows,1,2
309,The Flash (TV 2014),TV Shows,2,3
245,The Flash (TV 2014),TV Shows,3,4
342,The Flash (TV 2014),TV Shows,4,5
421,The Flash (TV 2014),TV Shows,5,6
361,The Flash (TV 2014),TV Shows,6,7
445,The Flash (TV 2014),TV Shows,7,8
372,The Flash (TV 2014),TV Shows,8,9
412,The Flash (TV 2014),TV Shows,9,10
388,The Flash (TV 2014),TV Shows,10,11
366,The Flash (TV 2014),TV Shows,11,12
590,The Flash (TV 2014),TV Shows,12,13
422,The Flash (TV 2014),TV Shows,13,14
433,The Flash (TV 2014),TV Shows,14,15
290,The Flash (TV 2014),TV Shows,15,16
361,The Flash (TV 2014),TV Shows,16,17
329,The Flash (TV 2014),TV Shows,17,18
501,The Flash (TV 2014),TV Shows,18,19
594,The Flash (TV 2014),TV Shows,19,20
416,The Flash (TV 2014),TV Shows,20,21
498,The Flash (TV 2014),TV Shows,21,22
478,The Flash (TV 2014),TV Shows,22,23
340,The Flash (TV 2014),TV Shows,23,24
511,The Flash (TV 2014),TV Shows,24,25
349,The Flash (TV 2014),TV Shows,25,26
303,The Flash (TV 2014),TV Shows,26,27
204,The Flash (TV 2014),TV Shows,27,28
137,The Flash (TV 2014),TV Shows,28,29
142,The Flash (TV 2014),TV Shows,29,30
189,The Flash (TV 2014),TV Shows,30,31
293,The Flash (TV 2014),TV Shows,31,32
190,The Flash (TV 2014),TV Shows,32,33
188,The Flash (TV 2014),TV Shows,33,34
159,The Flash (TV 2014),TV Shows,34,35
164,The Flash (TV 2014),TV Shows,35,36
316,The Walking Dead (TV),TV Shows,0,1
223,The Walking Dead (TV),TV Shows,1,2
233,The Walking Dead (TV),TV Shows,2,3
146,The Walking Dead (TV),TV Shows,3,4
196,The Walking Dead (TV),TV Shows,4,5
204,The Walking Dead (TV),TV Shows,5,6
208,The Walking Dead (TV),TV Shows,6,7
208,The Walking Dead (TV),TV Shows,7,8
245,The Walking Dead (TV),TV Shows,8,9
256,The Walking Dead (TV),TV Shows,9,10
255,The Walking Dead (TV),TV Shows,10,11
245,The Walking Dead (TV),TV Shows,11,12
411,The Walking Dead (TV),TV Shows,12,13
300,The Walking Dead (TV),TV Shows,13,14
258,The Walking Dead (TV),TV Shows,14,15
150,The Walking Dead (TV),TV Shows,15,16
202,The Walking Dead (TV),TV Shows,16,17
164,The Walking Dead (TV),TV Shows,17,18
189,The Walking Dead (TV),TV Shows,18,19
207,The Walking Dead (TV),TV Shows,19,20
249,The Walking Dead (TV),TV Shows,20,21
372,The Walking Dead (TV),TV Shows,21,22
253,The Walking Dead (TV),TV Shows,22,23
260,The Walking Dead (TV),TV Shows,23,24
251,The Walking Dead (TV),TV Shows,24,25
263,The Walking Dead (TV),TV Shows,25,26
238,The Walking Dead (TV),TV Shows,26,27
173,The Walking Dead (TV),TV Shows,27,28
219,The Walking Dead (TV),TV Shows,28,29
187,The Walking Dead (TV),TV Shows,29,30
172,The Walking Dead (TV),TV Shows,30,31
194,The Walking Dead (TV),TV Shows,31,32
233,The Walking Dead (TV),TV Shows,32,33
333,The Walking Dead (TV),TV Shows,33,34
234,The Walking Dead (TV),TV Shows,34,35
219,The Walking Dead (TV),TV Shows,35,36
799,Supergirl (TV 2015),TV Shows,0,1
468,Supergirl (TV 2015),TV Shows,1,2
451,Supergirl (TV 2015),TV Shows,2,3
354,Supergirl (TV 2015),TV Shows,3,4
476,Supergirl (TV 2015),TV Shows,4,5
561,Supergirl (TV 2015),TV Shows,5,6
641,Supergirl (TV 2015),TV Shows,6,7
696,Supergirl (TV 2015),TV Shows,7,8
680,Supergirl (TV 2015),TV Shows,8,9
745,Supergirl (TV 2015),TV Shows,9,10
908,Supergirl (TV 2015),TV Shows,10,11
867,Supergirl (TV 2015),TV Shows,11,12
892,Supergirl (TV 2015),TV Shows,12,13
668,Supergirl (TV 2015),TV Shows,13,14
290,Supergirl (TV 2015),TV Shows,14,15
163,Supergirl (TV 2015),TV Shows,15,16
220,Supergirl (TV 2015),TV Shows,16,17
216,Supergirl (TV 2015),TV Shows,17,18
179,Supergirl (TV 2015),TV Shows,18,19
263,Supergirl (TV 2015),TV Shows,19,20
273,Supergirl (TV 2015),TV Shows,20,21
226,Supergirl (TV 2015),TV Shows,21,22
182,Supergirl (TV 2015),TV Shows,22,23
179,Supergirl (TV 2015),TV Shows,23,24
115,Supergirl (TV 2015),TV Shows,24,25
33,Supergirl (TV 2015),TV Shows,25,26
2,Supergirl (TV 2015),TV Shows,26,27
0,Supergirl (TV 2015),TV Shows,27,28
1,Supergirl (TV 2015),TV Shows,28,29
0,Supergirl (TV 2015),TV Shows,29,30
1,Supergirl (TV 2015),TV Shows,30,31
2,Supergirl (TV 2015),TV Shows,31,32
0,Supergirl (TV 2015),TV Shows,32,33
0,Supergirl (TV 2015),TV Shows,33,34
0,Supergirl (TV 2015),TV Shows,34,35
0,Supergirl (TV 2015),TV Shows,35,36
765,Shadowhunters (TV),TV Shows,0,1
495,Shadowhunters (TV),TV Shows,1,2
583,Shadowhunters (TV),TV Shows,2,3
756,Shadowhunters (TV),TV Shows,3,4
1141,Shadowhunters (TV),TV Shows,4,5
746,Shadowhunters (TV),TV Shows,5,6
666,Shadowhunters (TV),TV Shows,6,7
511,Shadowhunters (TV),TV Shows,7,8
455,Shadowhunters (TV),TV Shows,8,9
620,Shadowhunters (TV),TV Shows,9,10
706,Shadowhunters (TV),TV Shows,10,11
501,Shadowhunters (TV),TV Shows,11,12
396,Shadowhunters (TV),TV Shows,12,13
219,Shadowhunters (TV),TV Shows,13,14
330,Shadowhunters (TV),TV Shows,14,15
269,Shadowhunters (TV),TV Shows,15,16
375,Shadowhunters (TV),TV Shows,16,17
324,Shadowhunters (TV),TV Shows,17,18
414,Shadowhunters (TV),TV Shows,18,19
640,Shadowhunters (TV),TV Shows,19,20
780,Shadowhunters (TV),TV Shows,20,21
416,Shadowhunters (TV),TV Shows,21,22
139,Shadowhunters (TV),TV Shows,22,23
32,Shadowhunters (TV),TV Shows,23,24
18,Shadowhunters (TV),TV Shows,24,25
10,Shadowhunters (TV),TV Shows,25,26
5,Shadowhunters (TV),TV Shows,26,27
2,Shadowhunters (TV),TV Shows,27,28
2,Shadowhunters (TV),TV Shows,28,29
1,Shadowhunters (TV),TV Shows,29,30
0,Shadowhunters (TV),TV Shows,30,31
1,Shadowhunters (TV),TV Shows,31,32
0,Shadowhunters (TV),TV Shows,32,33
3,Shadowhunters (TV),TV Shows,33,34
1,Shadowhunters (TV),TV Shows,34,35
0,Shadowhunters (TV),TV Shows,35,36
222,Criminal Minds (US TV),TV Shows,0,1
143,Criminal Minds (US TV),TV Shows,1,2
174,Criminal Minds (US TV),TV Shows,2,3
148,Criminal Minds (US TV),TV Shows,3,4
176,Criminal Minds (US TV),TV Shows,4,5
237,Criminal Minds (US TV),TV Shows,5,6
151,Criminal Minds (US TV),TV Shows,6,7
211,Criminal Minds (US TV),TV Shows,7,8
215,Criminal Minds (US TV),TV Shows,8,9
197,Criminal Minds (US TV),TV Shows,9,10
236,Criminal Minds (US TV),TV Shows,10,11
274,Criminal Minds (US TV),TV Shows,11,12
227,Criminal Minds (US TV),TV Shows,12,13
158,Criminal Minds (US TV),TV Shows,13,14
175,Criminal Minds (US TV),TV Shows,14,15
126,Criminal Minds (US TV),TV Shows,15,16
184,Criminal Minds (US TV),TV Shows,16,17
168,Criminal Minds (US TV),TV Shows,17,18
148,Criminal Minds (US TV),TV Shows,18,19
178,Criminal Minds (US TV),TV Shows,19,20
101,Criminal Minds (US TV),TV Shows,20,21
147,Criminal Minds (US TV),TV Shows,21,22
165,Criminal Minds (US TV),TV Shows,22,23
198,Criminal Minds (US TV),TV Shows,23,24
195,Criminal Minds (US TV),TV Shows,24,25
141,Criminal Minds (US TV),TV Shows,25,26
168,Criminal Minds (US TV),TV Shows,26,27
160,Criminal Minds (US TV),TV Shows,27,28
204,Criminal Minds (US TV),TV Shows,28,29
147,Criminal Minds (US TV),TV Shows,29,30
183,Criminal Minds (US TV),TV Shows,30,31
129,Criminal Minds (US TV),TV Shows,31,32
111,Criminal Minds (US TV),TV Shows,32,33
105,Criminal Minds (US TV),TV Shows,33,34
132,Criminal Minds (US TV),TV Shows,34,35
177,Criminal Minds (US TV),TV Shows,35,36
67,Torchwood,TV Shows,0,1
54,Torchwood,TV Shows,1,2
63,Torchwood,TV Shows,2,3
76,Torchwood,TV Shows,3,4
70,Torchwood,TV Shows,4,5
65,Torchwood,TV Shows,5,6
59,Torchwood,TV Shows,6,7
74,Torchwood,TV Shows,7,8
93,Torchwood,TV Shows,8,9
55,Torchwood,TV Shows,9,10
102,Torchwood,TV Shows,10,11
74,Torchwood,TV Shows,11,12
79,Torchwood,TV Shows,12,13
67,Torchwood,TV Shows,13,14
116,Torchwood,TV Shows,14,15
68,Torchwood,TV Shows,15,16
99,Torchwood,TV Shows,16,17
164,Torchwood,TV Shows,17,18
68,Torchwood,TV Shows,18,19
59,Torchwood,TV Shows,19,20
121,Torchwood,TV Shows,20,21
104,Torchwood,TV Shows,21,22
83,Torchwood,TV Shows,22,23
59,Torchwood,TV Shows,23,24
125,Torchwood,TV Shows,24,25
94,Torchwood,TV Shows,25,26
75,Torchwood,TV Shows,26,27
91,Torchwood,TV Shows,27,28
107,Torchwood,TV Shows,28,29
136,Torchwood,TV Shows,29,30
103,Torchwood,TV Shows,30,31
96,Torchwood,TV Shows,31,32
76,Torchwood,TV Shows,32,33
82,Torchwood,TV Shows,33,34
76,Torchwood,TV Shows,34,35
125,Torchwood,TV Shows,35,36
162,Hawaii Five-0 (2010),TV Shows,0,1
118,Hawaii Five-0 (2010),TV Shows,1,2
129,Hawaii Five-0 (2010),TV Shows,2,3
103,Hawaii Five-0 (2010),TV Shows,3,4
95,Hawaii Five-0 (2010),TV Shows,4,5
114,Hawaii Five-0 (2010),TV Shows,5,6
110,Hawaii Five-0 (2010),TV Shows,6,7
151,Hawaii Five-0 (2010),TV Shows,7,8
139,Hawaii Five-0 (2010),TV Shows,8,9
105,Hawaii Five-0 (2010),TV Shows,9,10
133,Hawaii Five-0 (2010),TV Shows,10,11
174,Hawaii Five-0 (2010),TV Shows,11,12
125,Hawaii Five-0 (2010),TV Shows,12,13
135,Hawaii Five-0 (2010),TV Shows,13,14
139,Hawaii Five-0 (2010),TV Shows,14,15
161,Hawaii Five-0 (2010),TV Shows,15,16
120,Hawaii Five-0 (2010),TV Shows,16,17
91,Hawaii Five-0 (2010),TV Shows,17,18
103,Hawaii Five-0 (2010),TV Shows,18,19
119,Hawaii Five-0 (2010),TV Shows,19,20
99,Hawaii Five-0 (2010),TV Shows,20,21
100,Hawaii Five-0 (2010),TV Shows,21,22
92,Hawaii Five-0 (2010),TV Shows,22,23
124,Hawaii Five-0 (2010),TV Shows,23,24
102,Hawaii Five-0 (2010),TV Shows,24,25
80,Hawaii Five-0 (2010),TV Shows,25,26
82,Hawaii Five-0 (2010),TV Shows,26,27
65,Hawaii Five-0 (2010),TV Shows,27,28
81,Hawaii Five-0 (2010),TV Shows,28,29
91,Hawaii Five-0 (2010),TV Shows,29,30
78,Hawaii Five-0 (2010),TV Shows,30,31
79,Hawaii Five-0 (2010),TV Shows,31,32
99,Hawaii Five-0 (2010),TV Shows,32,33
96,Hawaii Five-0 (2010),TV Shows,33,34
69,Hawaii Five-0 (2010),TV Shows,34,35
74,Hawaii Five-0 (2010),TV Shows,35,36
40,due South,TV Shows,0,1
15,due South,TV Shows,1,2
19,due South,TV Shows,2,3
25,due South,TV Shows,3,4
37,due South,TV Shows,4,5
24,due South,TV Shows,5,6
39,due South,TV Shows,6,7
20,due South,TV Shows,7,8
15,due South,TV Shows,8,9
23,due South,TV Shows,9,10
29,due South,TV Shows,10,11
36,due South,TV Shows,11,12
62,due South,TV Shows,12,13
22,due South,TV Shows,13,14
44,due South,TV Shows,14,15
29,due South,TV Shows,15,16
23,due South,TV Shows,16,17
25,due South,TV Shows,17,18
15,due South,TV Shows,18,19
6,due South,TV Shows,19,20
37,due South,TV Shows,20,21
39,due South,TV Shows,21,22
31,due South,TV Shows,22,23
31,due South,TV Shows,23,24
57,due South,TV Shows,24,25
20,due South,TV Shows,25,26
48,due South,TV Shows,26,27
55,due South,TV Shows,27,28
32,due South,TV Shows,28,29
40,due South,TV Shows,29,30
29,due South,TV Shows,30,31
36,due South,TV Shows,31,32
36,due South,TV Shows,32,33
50,due South,TV Shows,33,34
33,due South,TV Shows,34,35
38,due South,TV Shows,35,36
238,NCIS,TV Shows,0,1
104,NCIS,TV Shows,1,2
143,NCIS,TV Shows,2,3
61,NCIS,TV Shows,3,4
74,NCIS,TV Shows,4,5
188,NCIS,TV Shows,5,6
175,NCIS,TV Shows,6,7
183,NCIS,TV Shows,7,8
162,NCIS,TV Shows,8,9
205,NCIS,TV Shows,9,10
171,NCIS,TV Shows,10,11
129,NCIS,TV Shows,11,12
149,NCIS,TV Shows,12,13
124,NCIS,TV Shows,13,14
136,NCIS,TV Shows,14,15
110,NCIS,TV Shows,15,16
128,NCIS,TV Shows,16,17
138,NCIS,TV Shows,17,18
110,NCIS,TV Shows,18,19
186,NCIS,TV Shows,19,20
124,NCIS,TV Shows,20,21
118,NCIS,TV Shows,21,22
122,NCIS,TV Shows,22,23
103,NCIS,TV Shows,23,24
94,NCIS,TV Shows,24,25
100,NCIS,TV Shows,25,26
95,NCIS,TV Shows,26,27
69,NCIS,TV Shows,27,28
81,NCIS,TV Shows,28,29
130,NCIS,TV Shows,29,30
67,NCIS,TV Shows,30,31
99,NCIS,TV Shows,31,32
72,NCIS,TV Shows,32,33
85,NCIS,TV Shows,33,34
107,NCIS,TV Shows,34,35
88,NCIS,TV Shows,35,36
113,Shameless (US),TV Shows,0,1
82,Shameless (US),TV Shows,1,2
111,Shameless (US),TV Shows,2,3
120,Shameless (US),TV Shows,3,4
126,Shameless (US),TV Shows,4,5
111,Shameless (US),TV Shows,5,6
176,Shameless (US),TV Shows,6,7
205,Shameless (US),TV Shows,7,8
170,Shameless (US),TV Shows,8,9
197,Shameless (US),TV Shows,9,10
76,Shameless (US),TV Shows,10,11
124,Shameless (US),TV Shows,11,12
166,Shameless (US),TV Shows,12,13
123,Shameless (US),TV Shows,13,14
201,Shameless (US),TV Shows,14,15
99,Shameless (US),TV Shows,15,16
99,Shameless (US),TV Shows,16,17
126,Shameless (US),TV Shows,17,18
61,Shameless (US),TV Shows,18,19
77,Shameless (US),TV Shows,19,20
77,Shameless (US),TV Shows,20,21
66,Shameless (US),TV Shows,21,22
83,Shameless (US),TV Shows,22,23
109,Shameless (US),TV Shows,23,24
134,Shameless (US),TV Shows,24,25
110,Shameless (US),TV Shows,25,26
101,Shameless (US),TV Shows,26,27
126,Shameless (US),TV Shows,27,28
128,Shameless (US),TV Shows,28,29
127,Shameless (US),TV Shows,29,30
181,Shameless (US),TV Shows,30,31
188,Shameless (US),TV Shows,31,32
335,Shameless (US),TV Shows,32,33
246,Shameless (US),TV Shows,33,34
289,Shameless (US),TV Shows,34,35
202,Shameless (US),TV Shows,35,36
42,The Sentinel,TV Shows,0,1
32,The Sentinel,TV Shows,1,2
22,The Sentinel,TV Shows,2,3
12,The Sentinel,TV Shows,3,4
21,The Sentinel,TV Shows,4,5
21,The Sentinel,TV Shows,5,6
27,The Sentinel,TV Shows,6,7
18,The Sentinel,TV Shows,7,8
8,The Sentinel,TV Shows,8,9
15,The Sentinel,TV Shows,9,10
23,The Sentinel,TV Shows,10,11
58,The Sentinel,TV Shows,11,12
47,The Sentinel,TV Shows,12,13
67,The Sentinel,TV Shows,13,14
34,The Sentinel,TV Shows,14,15
36,The Sentinel,TV Shows,15,16
38,The Sentinel,TV Shows,16,17
23,The Sentinel,TV Shows,17,18
71,The Sentinel,TV Shows,18,19
20,The Sentinel,TV Shows,19,20
21,The Sentinel,TV Shows,20,21
33,The Sentinel,TV Shows,21,22
20,The Sentinel,TV Shows,22,23
46,The Sentinel,TV Shows,23,24
50,The Sentinel,TV Shows,24,25
8,The Sentinel,TV Shows,25,26
29,The Sentinel,TV Shows,26,27
23,The Sentinel,TV Shows,27,28
40,The Sentinel,TV Shows,28,29
36,The Sentinel,TV Shows,29,30
61,The Sentinel,TV Shows,30,31
39,The Sentinel,TV Shows,31,32
19,The Sentinel,TV Shows,32,33
34,The Sentinel,TV Shows,33,34
48,The Sentinel,TV Shows,34,35
32,The Sentinel,TV Shows,35,36
35,Smallville,TV Shows,0,1
23,Smallville,TV Shows,1,2
16,Smallville,TV Shows,2,3
23,Smallville,TV Shows,3,4
69,Smallville,TV Shows,4,5
26,Smallville,TV Shows,5,6
24,Smallville,TV Shows,6,7
31,Smallville,TV Shows,7,8
54,Smallville,TV Shows,8,9
42,Smallville,TV Shows,9,10
35,Smallville,TV Shows,10,11
40,Smallville,TV Shows,11,12
20,Smallville,TV Shows,12,13
14,Smallville,TV Shows,13,14
26,Smallville,TV Shows,14,15
51,Smallville,TV Shows,15,16
23,Smallville,TV Shows,16,17
20,Smallville,TV Shows,17,18
22,Smallville,TV Shows,18,19
28,Smallville,TV Shows,19,20
37,Smallville,TV Shows,20,21
31,Smallville,TV Shows,21,22
18,Smallville,TV Shows,22,23
67,Smallville,TV Shows,23,24
27,Smallville,TV Shows,24,25
32,Smallville,TV Shows,25,26
26,Smallville,TV Shows,26,27
37,Smallville,TV Shows,27,28
33,Smallville,TV Shows,28,29
89,Smallville,TV Shows,29,30
39,Smallville,TV Shows,30,31
23,Smallville,TV Shows,31,32
30,Smallville,TV Shows,32,33
31,Smallville,TV Shows,33,34
69,Smallville,TV Shows,34,35
91,Smallville,TV Shows,35,36
87,The Vampire Diaries & Related Fandoms,TV Shows,0,1
81,The Vampire Diaries & Related Fandoms,TV Shows,1,2
102,The Vampire Diaries & Related Fandoms,TV Shows,2,3
54,The Vampire Diaries & Related Fandoms,TV Shows,3,4
123,The Vampire Diaries & Related Fandoms,TV Shows,4,5
120,The Vampire Diaries & Related Fandoms,TV Shows,5,6
90,The Vampire Diaries & Related Fandoms,TV Shows,6,7
75,The Vampire Diaries & Related Fandoms,TV Shows,7,8
91,The Vampire Diaries & Related Fandoms,TV Shows,8,9
127,The Vampire Diaries & Related Fandoms,TV Shows,9,10
102,The Vampire Diaries & Related Fandoms,TV Shows,10,11
77,The Vampire Diaries & Related Fandoms,TV Shows,11,12
156,The Vampire Diaries & Related Fandoms,TV Shows,12,13
84,The Vampire Diaries & Related Fandoms,TV Shows,13,14
79,The Vampire Diaries & Related Fandoms,TV Shows,14,15
45,The Vampire Diaries & Related Fandoms,TV Shows,15,16
99,The Vampire Diaries & Related Fandoms,TV Shows,16,17
62,The Vampire Diaries & Related Fandoms,TV Shows,17,18
70,The Vampire Diaries & Related Fandoms,TV Shows,18,19
108,The Vampire Diaries & Related Fandoms,TV Shows,19,20
80,The Vampire Diaries & Related Fandoms,TV Shows,20,21
95,The Vampire Diaries & Related Fandoms,TV Shows,21,22
105,The Vampire Diaries & Related Fandoms,TV Shows,22,23
99,The Vampire Diaries & Related Fandoms,TV Shows,23,24
162,The Vampire Diaries & Related Fandoms,TV Shows,24,25
81,The Vampire Diaries & Related Fandoms,TV Shows,25,26
82,The Vampire Diaries & Related Fandoms,TV Shows,26,27
97,The Vampire Diaries & Related Fandoms,TV Shows,27,28
122,The Vampire Diaries & Related Fandoms,TV Shows,28,29
93,The Vampire Diaries & Related Fandoms,TV Shows,29,30
82,The Vampire Diaries & Related Fandoms,TV Shows,30,31
77,The Vampire Diaries & Related Fandoms,TV Shows,31,32
101,The Vampire Diaries & Related Fandoms,TV Shows,32,33
134,The Vampire Diaries & Related Fandoms,TV Shows,33,34
103,The Vampire Diaries & Related Fandoms,TV Shows,34,35
102,The Vampire Diaries & Related Fandoms,TV Shows,35,36
21,Angel: the Series,TV Shows,0,1
19,Angel: the Series,TV Shows,1,2
26,Angel: the Series,TV Shows,2,3
15,Angel: the Series,TV Shows,3,4
21,Angel: the Series,TV Shows,4,5
27,Angel: the Series,TV Shows,5,6
30,Angel: the Series,TV Shows,6,7
53,Angel: the Series,TV Shows,7,8
28,Angel: the Series,TV Shows,8,9
16,Angel: the Series,TV Shows,9,10
26,Angel: the Series,TV Shows,10,11
55,Angel: the Series,TV Shows,11,12
56,Angel: the Series,TV Shows,12,13
44,Angel: the Series,TV Shows,13,14
54,Angel: the Series,TV Shows,14,15
31,Angel: the Series,TV Shows,15,16
45,Angel: the Series,TV Shows,16,17
26,Angel: the Series,TV Shows,17,18
39,Angel: the Series,TV Shows,18,19
52,Angel: the Series,TV Shows,19,20
17,Angel: the Series,TV Shows,20,21
29,Angel: the Series,TV Shows,21,22
139,Angel: the Series,TV Shows,22,23
45,Angel: the Series,TV Shows,23,24
51,Angel: the Series,TV Shows,24,25
29,Angel: the Series,TV Shows,25,26
145,Angel: the Series,TV Shows,26,27
36,Angel: the Series,TV Shows,27,28
72,Angel: the Series,TV Shows,28,29
97,Angel: the Series,TV Shows,29,30
40,Angel: the Series,TV Shows,30,31
32,Angel: the Series,TV Shows,31,32
32,Angel: the Series,TV Shows,32,33
41,Angel: the Series,TV Shows,33,34
43,Angel: the Series,TV Shows,34,35
53,Angel: the Series,TV Shows,35,36
197,The X-Files,TV Shows,0,1
113,The X-Files,TV Shows,1,2
185,The X-Files,TV Shows,2,3
140,The X-Files,TV Shows,3,4
114,The X-Files,TV Shows,4,5
103,The X-Files,TV Shows,5,6
110,The X-Files,TV Shows,6,7
128,The X-Files,TV Shows,7,8
157,The X-Files,TV Shows,8,9
141,The X-Files,TV Shows,9,10
153,The X-Files,TV Shows,10,11
141,The X-Files,TV Shows,11,12
171,The X-Files,TV Shows,12,13
112,The X-Files,TV Shows,13,14
231,The X-Files,TV Shows,14,15
98,The X-Files,TV Shows,15,16
57,The X-Files,TV Shows,16,17
121,The X-Files,TV Shows,17,18
102,The X-Files,TV Shows,18,19
107,The X-Files,TV Shows,19,20
121,The X-Files,TV Shows,20,21
158,The X-Files,TV Shows,21,22
224,The X-Files,TV Shows,22,23
177,The X-Files,TV Shows,23,24
169,The X-Files,TV Shows,24,25
149,The X-Files,TV Shows,25,26
198,The X-Files,TV Shows,26,27
163,The X-Files,TV Shows,27,28
139,The X-Files,TV Shows,28,29
108,The X-Files,TV Shows,29,30
51,The X-Files,TV Shows,30,31
79,The X-Files,TV Shows,31,32
134,The X-Files,TV Shows,32,33
68,The X-Files,TV Shows,33,34
65,The X-Files,TV Shows,34,35
62,The X-Files,TV Shows,35,36
