2749,Star Wars - All Media Types,Video Games,0,1
1370,Star Wars - All Media Types,Video Games,1,2
1202,Star Wars - All Media Types,Video Games,2,3
1153,Star Wars - All Media Types,Video Games,3,4
1267,Star Wars - All Media Types,Video Games,4,5
1334,Star Wars - All Media Types,Video Games,5,6
1189,Star Wars - All Media Types,Video Games,6,7
1637,Star Wars - All Media Types,Video Games,7,8
1601,Star Wars - All Media Types,Video Games,8,9
1387,Star Wars - All Media Types,Video Games,9,10
1679,Star Wars - All Media Types,Video Games,10,11
2090,Star Wars - All Media Types,Video Games,11,12
2225,Star Wars - All Media Types,Video Games,12,13
1301,Star Wars - All Media Types,Video Games,13,14
1382,Star Wars - All Media Types,Video Games,14,15
1091,Star Wars - All Media Types,Video Games,15,16
1276,Star Wars - All Media Types,Video Games,16,17
1379,Star Wars - All Media Types,Video Games,17,18
1447,Star Wars - All Media Types,Video Games,18,19
1818,Star Wars - All Media Types,Video Games,19,20
1939,Star Wars - All Media Types,Video Games,20,21
1936,Star Wars - All Media Types,Video Games,21,22
2343,Star Wars - All Media Types,Video Games,22,23
3239,Star Wars - All Media Types,Video Games,23,24
1431,Star Wars - All Media Types,Video Games,24,25
240,Star Wars - All Media Types,Video Games,25,26
181,Star Wars - All Media Types,Video Games,26,27
142,Star Wars - All Media Types,Video Games,27,28
186,Star Wars - All Media Types,Video Games,28,29
159,Star Wars - All Media Types,Video Games,29,30
207,Star Wars - All Media Types,Video Games,30,31
209,Star Wars - All Media Types,Video Games,31,32
171,Star Wars - All Media Types,Video Games,32,33
207,Star Wars - All Media Types,Video Games,33,34
195,Star Wars - All Media Types,Video Games,34,35
161,Star Wars - All Media Types,Video Games,35,36
642,Dragon Age - All Media Types,Video Games,0,1
701,Dragon Age - All Media Types,Video Games,1,2
584,Dragon Age - All Media Types,Video Games,2,3
538,Dragon Age - All Media Types,Video Games,3,4
530,Dragon Age - All Media Types,Video Games,4,5
589,Dragon Age - All Media Types,Video Games,5,6
529,Dragon Age - All Media Types,Video Games,6,7
537,Dragon Age - All Media Types,Video Games,7,8
460,Dragon Age - All Media Types,Video Games,8,9
536,Dragon Age - All Media Types,Video Games,9,10
537,Dragon Age - All Media Types,Video Games,10,11
662,Dragon Age - All Media Types,Video Games,11,12
639,Dragon Age - All Media Types,Video Games,12,13
624,Dragon Age - All Media Types,Video Games,13,14
547,Dragon Age - All Media Types,Video Games,14,15
662,Dragon Age - All Media Types,Video Games,15,16
711,Dragon Age - All Media Types,Video Games,16,17
690,Dragon Age - All Media Types,Video Games,17,18
648,Dragon Age - All Media Types,Video Games,18,19
746,Dragon Age - All Media Types,Video Games,19,20
793,Dragon Age - All Media Types,Video Games,20,21
970,Dragon Age - All Media Types,Video Games,21,22
901,Dragon Age - All Media Types,Video Games,22,23
1155,Dragon Age - All Media Types,Video Games,23,24
1242,Dragon Age - All Media Types,Video Games,24,25
1118,Dragon Age - All Media Types,Video Games,25,26
1314,Dragon Age - All Media Types,Video Games,26,27
1539,Dragon Age - All Media Types,Video Games,27,28
1181,Dragon Age - All Media Types,Video Games,28,29
1295,Dragon Age - All Media Types,Video Games,29,30
1024,Dragon Age - All Media Types,Video Games,30,31
1267,Dragon Age - All Media Types,Video Games,31,32
1312,Dragon Age - All Media Types,Video Games,32,33
1496,Dragon Age - All Media Types,Video Games,33,34
1264,Dragon Age - All Media Types,Video Games,34,35
1241,Dragon Age - All Media Types,Video Games,35,36
618,Dragon Age (Video Games),Video Games,0,1
668,Dragon Age (Video Games),Video Games,1,2
564,Dragon Age (Video Games),Video Games,2,3
524,Dragon Age (Video Games),Video Games,3,4
519,Dragon Age (Video Games),Video Games,4,5
572,Dragon Age (Video Games),Video Games,5,6
510,Dragon Age (Video Games),Video Games,6,7
517,Dragon Age (Video Games),Video Games,7,8
440,Dragon Age (Video Games),Video Games,8,9
505,Dragon Age (Video Games),Video Games,9,10
518,Dragon Age (Video Games),Video Games,10,11
624,Dragon Age (Video Games),Video Games,11,12
612,Dragon Age (Video Games),Video Games,12,13
605,Dragon Age (Video Games),Video Games,13,14
522,Dragon Age (Video Games),Video Games,14,15
618,Dragon Age (Video Games),Video Games,15,16
684,Dragon Age (Video Games),Video Games,16,17
661,Dragon Age (Video Games),Video Games,17,18
607,Dragon Age (Video Games),Video Games,18,19
696,Dragon Age (Video Games),Video Games,19,20
752,Dragon Age (Video Games),Video Games,20,21
921,Dragon Age (Video Games),Video Games,21,22
855,Dragon Age (Video Games),Video Games,22,23
1097,Dragon Age (Video Games),Video Games,23,24
1194,Dragon Age (Video Games),Video Games,24,25
1085,Dragon Age (Video Games),Video Games,25,26
1286,Dragon Age (Video Games),Video Games,26,27
1512,Dragon Age (Video Games),Video Games,27,28
1149,Dragon Age (Video Games),Video Games,28,29
1253,Dragon Age (Video Games),Video Games,29,30
972,Dragon Age (Video Games),Video Games,30,31
1210,Dragon Age (Video Games),Video Games,31,32
1271,Dragon Age (Video Games),Video Games,32,33
1428,Dragon Age (Video Games),Video Games,33,34
1242,Dragon Age (Video Games),Video Games,34,35
1214,Dragon Age (Video Games),Video Games,35,36
341,Dragon Age: Inquisition,Video Games,0,1
414,Dragon Age: Inquisition,Video Games,1,2
293,Dragon Age: Inquisition,Video Games,2,3
335,Dragon Age: Inquisition,Video Games,3,4
277,Dragon Age: Inquisition,Video Games,4,5
319,Dragon Age: Inquisition,Video Games,5,6
289,Dragon Age: Inquisition,Video Games,6,7
285,Dragon Age: Inquisition,Video Games,7,8
242,Dragon Age: Inquisition,Video Games,8,9
298,Dragon Age: Inquisition,Video Games,9,10
313,Dragon Age: Inquisition,Video Games,10,11
368,Dragon Age: Inquisition,Video Games,11,12
364,Dragon Age: Inquisition,Video Games,12,13
329,Dragon Age: Inquisition,Video Games,13,14
315,Dragon Age: Inquisition,Video Games,14,15
382,Dragon Age: Inquisition,Video Games,15,16
391,Dragon Age: Inquisition,Video Games,16,17
420,Dragon Age: Inquisition,Video Games,17,18
378,Dragon Age: Inquisition,Video Games,18,19
444,Dragon Age: Inquisition,Video Games,19,20
432,Dragon Age: Inquisition,Video Games,20,21
602,Dragon Age: Inquisition,Video Games,21,22
538,Dragon Age: Inquisition,Video Games,22,23
768,Dragon Age: Inquisition,Video Games,23,24
789,Dragon Age: Inquisition,Video Games,24,25
770,Dragon Age: Inquisition,Video Games,25,26
898,Dragon Age: Inquisition,Video Games,26,27
1061,Dragon Age: Inquisition,Video Games,27,28
735,Dragon Age: Inquisition,Video Games,28,29
793,Dragon Age: Inquisition,Video Games,29,30
632,Dragon Age: Inquisition,Video Games,30,31
828,Dragon Age: Inquisition,Video Games,31,32
914,Dragon Age: Inquisition,Video Games,32,33
1038,Dragon Age: Inquisition,Video Games,33,34
908,Dragon Age: Inquisition,Video Games,34,35
957,Dragon Age: Inquisition,Video Games,35,36
1278,Final Fantasy,Video Games,0,1
714,Final Fantasy,Video Games,1,2
867,Final Fantasy,Video Games,2,3
759,Final Fantasy,Video Games,3,4
868,Final Fantasy,Video Games,4,5
981,Final Fantasy,Video Games,5,6
743,Final Fantasy,Video Games,6,7
680,Final Fantasy,Video Games,7,8
717,Final Fantasy,Video Games,8,9
786,Final Fantasy,Video Games,9,10
725,Final Fantasy,Video Games,10,11
711,Final Fantasy,Video Games,11,12
435,Final Fantasy,Video Games,12,13
137,Final Fantasy,Video Games,13,14
151,Final Fantasy,Video Games,14,15
164,Final Fantasy,Video Games,15,16
169,Final Fantasy,Video Games,16,17
203,Final Fantasy,Video Games,17,18
151,Final Fantasy,Video Games,18,19
163,Final Fantasy,Video Games,19,20
126,Final Fantasy,Video Games,20,21
144,Final Fantasy,Video Games,21,22
196,Final Fantasy,Video Games,22,23
243,Final Fantasy,Video Games,23,24
196,Final Fantasy,Video Games,24,25
127,Final Fantasy,Video Games,25,26
124,Final Fantasy,Video Games,26,27
115,Final Fantasy,Video Games,27,28
145,Final Fantasy,Video Games,28,29
150,Final Fantasy,Video Games,29,30
125,Final Fantasy,Video Games,30,31
118,Final Fantasy,Video Games,31,32
104,Final Fantasy,Video Games,32,33
117,Final Fantasy,Video Games,33,34
118,Final Fantasy,Video Games,34,35
140,Final Fantasy,Video Games,35,36
980,Overwatch (Video Game),Video Games,0,1
722,Overwatch (Video Game),Video Games,1,2
805,Overwatch (Video Game),Video Games,2,3
609,Overwatch (Video Game),Video Games,3,4
678,Overwatch (Video Game),Video Games,4,5
860,Overwatch (Video Game),Video Games,5,6
852,Overwatch (Video Game),Video Games,6,7
734,Overwatch (Video Game),Video Games,7,8
743,Overwatch (Video Game),Video Games,8,9
708,Overwatch (Video Game),Video Games,9,10
858,Overwatch (Video Game),Video Games,10,11
998,Overwatch (Video Game),Video Games,11,12
1059,Overwatch (Video Game),Video Games,12,13
833,Overwatch (Video Game),Video Games,13,14
941,Overwatch (Video Game),Video Games,14,15
732,Overwatch (Video Game),Video Games,15,16
813,Overwatch (Video Game),Video Games,16,17
873,Overwatch (Video Game),Video Games,17,18
607,Overwatch (Video Game),Video Games,18,19
154,Overwatch (Video Game),Video Games,19,20
8,Overwatch (Video Game),Video Games,20,21
4,Overwatch (Video Game),Video Games,21,22
0,Overwatch (Video Game),Video Games,22,23
0,Overwatch (Video Game),Video Games,23,24
1,Overwatch (Video Game),Video Games,24,25
5,Overwatch (Video Game),Video Games,25,26
0,Overwatch (Video Game),Video Games,26,27
0,Overwatch (Video Game),Video Games,27,28
0,Overwatch (Video Game),Video Games,28,29
2,Overwatch (Video Game),Video Games,29,30
0,Overwatch (Video Game),Video Games,30,31
0,Overwatch (Video Game),Video Games,31,32
0,Overwatch (Video Game),Video Games,32,33
1,Overwatch (Video Game),Video Games,33,34
1,Overwatch (Video Game),Video Games,34,35
0,Overwatch (Video Game),Video Games,35,36
419,Undertale (Video Game),Video Games,0,1
316,Undertale (Video Game),Video Games,1,2
352,Undertale (Video Game),Video Games,2,3
334,Undertale (Video Game),Video Games,3,4
379,Undertale (Video Game),Video Games,4,5
387,Undertale (Video Game),Video Games,5,6
324,Undertale (Video Game),Video Games,6,7
318,Undertale (Video Game),Video Games,7,8
349,Undertale (Video Game),Video Games,8,9
349,Undertale (Video Game),Video Games,9,10
381,Undertale (Video Game),Video Games,10,11
434,Undertale (Video Game),Video Games,11,12
379,Undertale (Video Game),Video Games,12,13
362,Undertale (Video Game),Video Games,13,14
406,Undertale (Video Game),Video Games,14,15
414,Undertale (Video Game),Video Games,15,16
511,Undertale (Video Game),Video Games,16,17
519,Undertale (Video Game),Video Games,17,18
482,Undertale (Video Game),Video Games,18,19
491,Undertale (Video Game),Video Games,19,20
505,Undertale (Video Game),Video Games,20,21
463,Undertale (Video Game),Video Games,21,22
545,Undertale (Video Game),Video Games,22,23
555,Undertale (Video Game),Video Games,23,24
716,Undertale (Video Game),Video Games,24,25
794,Undertale (Video Game),Video Games,25,26
349,Undertale (Video Game),Video Games,26,27
18,Undertale (Video Game),Video Games,27,28
0,Undertale (Video Game),Video Games,28,29
0,Undertale (Video Game),Video Games,29,30
0,Undertale (Video Game),Video Games,30,31
0,Undertale (Video Game),Video Games,31,32
0,Undertale (Video Game),Video Games,32,33
0,Undertale (Video Game),Video Games,33,34
0,Undertale (Video Game),Video Games,34,35
0,Undertale (Video Game),Video Games,35,36
358,The Walking Dead & Related Fandoms,Video Games,0,1
248,The Walking Dead & Related Fandoms,Video Games,1,2
277,The Walking Dead & Related Fandoms,Video Games,2,3
178,The Walking Dead & Related Fandoms,Video Games,3,4
215,The Walking Dead & Related Fandoms,Video Games,4,5
246,The Walking Dead & Related Fandoms,Video Games,5,6
246,The Walking Dead & Related Fandoms,Video Games,6,7
229,The Walking Dead & Related Fandoms,Video Games,7,8
268,The Walking Dead & Related Fandoms,Video Games,8,9
280,The Walking Dead & Related Fandoms,Video Games,9,10
276,The Walking Dead & Related Fandoms,Video Games,10,11
266,The Walking Dead & Related Fandoms,Video Games,11,12
434,The Walking Dead & Related Fandoms,Video Games,12,13
325,The Walking Dead & Related Fandoms,Video Games,13,14
268,The Walking Dead & Related Fandoms,Video Games,14,15
165,The Walking Dead & Related Fandoms,Video Games,15,16
218,The Walking Dead & Related Fandoms,Video Games,16,17
181,The Walking Dead & Related Fandoms,Video Games,17,18
209,The Walking Dead & Related Fandoms,Video Games,18,19
240,The Walking Dead & Related Fandoms,Video Games,19,20
295,The Walking Dead & Related Fandoms,Video Games,20,21
434,The Walking Dead & Related Fandoms,Video Games,21,22
259,The Walking Dead & Related Fandoms,Video Games,22,23
267,The Walking Dead & Related Fandoms,Video Games,23,24
268,The Walking Dead & Related Fandoms,Video Games,24,25
275,The Walking Dead & Related Fandoms,Video Games,25,26
263,The Walking Dead & Related Fandoms,Video Games,26,27
204,The Walking Dead & Related Fandoms,Video Games,27,28
239,The Walking Dead & Related Fandoms,Video Games,28,29
201,The Walking Dead & Related Fandoms,Video Games,29,30
179,The Walking Dead & Related Fandoms,Video Games,30,31
205,The Walking Dead & Related Fandoms,Video Games,31,32
248,The Walking Dead & Related Fandoms,Video Games,32,33
355,The Walking Dead & Related Fandoms,Video Games,33,34
241,The Walking Dead & Related Fandoms,Video Games,34,35
238,The Walking Dead & Related Fandoms,Video Games,35,36
238,Mass Effect - All Media Types,Video Games,0,1
231,Mass Effect - All Media Types,Video Games,1,2
269,Mass Effect - All Media Types,Video Games,2,3
269,Mass Effect - All Media Types,Video Games,3,4
569,Mass Effect - All Media Types,Video Games,4,5
381,Mass Effect - All Media Types,Video Games,5,6
348,Mass Effect - All Media Types,Video Games,6,7
451,Mass Effect - All Media Types,Video Games,7,8
669,Mass Effect - All Media Types,Video Games,8,9
291,Mass Effect - All Media Types,Video Games,9,10
191,Mass Effect - All Media Types,Video Games,10,11
237,Mass Effect - All Media Types,Video Games,11,12
220,Mass Effect - All Media Types,Video Games,12,13
210,Mass Effect - All Media Types,Video Games,13,14
224,Mass Effect - All Media Types,Video Games,14,15
158,Mass Effect - All Media Types,Video Games,15,16
173,Mass Effect - All Media Types,Video Games,16,17
199,Mass Effect - All Media Types,Video Games,17,18
216,Mass Effect - All Media Types,Video Games,18,19
207,Mass Effect - All Media Types,Video Games,19,20
224,Mass Effect - All Media Types,Video Games,20,21
244,Mass Effect - All Media Types,Video Games,21,22
203,Mass Effect - All Media Types,Video Games,22,23
215,Mass Effect - All Media Types,Video Games,23,24
206,Mass Effect - All Media Types,Video Games,24,25
177,Mass Effect - All Media Types,Video Games,25,26
180,Mass Effect - All Media Types,Video Games,26,27
184,Mass Effect - All Media Types,Video Games,27,28
178,Mass Effect - All Media Types,Video Games,28,29
133,Mass Effect - All Media Types,Video Games,29,30
133,Mass Effect - All Media Types,Video Games,30,31
167,Mass Effect - All Media Types,Video Games,31,32
172,Mass Effect - All Media Types,Video Games,32,33
146,Mass Effect - All Media Types,Video Games,33,34
146,Mass Effect - All Media Types,Video Games,34,35
148,Mass Effect - All Media Types,Video Games,35,36
161,Mass Effect Trilogy,Video Games,0,1
187,Mass Effect Trilogy,Video Games,1,2
196,Mass Effect Trilogy,Video Games,2,3
165,Mass Effect Trilogy,Video Games,3,4
386,Mass Effect Trilogy,Video Games,4,5
202,Mass Effect Trilogy,Video Games,5,6
181,Mass Effect Trilogy,Video Games,6,7
177,Mass Effect Trilogy,Video Games,7,8
338,Mass Effect Trilogy,Video Games,8,9
218,Mass Effect Trilogy,Video Games,9,10
187,Mass Effect Trilogy,Video Games,10,11
234,Mass Effect Trilogy,Video Games,11,12
220,Mass Effect Trilogy,Video Games,12,13
210,Mass Effect Trilogy,Video Games,13,14
223,Mass Effect Trilogy,Video Games,14,15
158,Mass Effect Trilogy,Video Games,15,16
173,Mass Effect Trilogy,Video Games,16,17
199,Mass Effect Trilogy,Video Games,17,18
216,Mass Effect Trilogy,Video Games,18,19
207,Mass Effect Trilogy,Video Games,19,20
224,Mass Effect Trilogy,Video Games,20,21
244,Mass Effect Trilogy,Video Games,21,22
202,Mass Effect Trilogy,Video Games,22,23
215,Mass Effect Trilogy,Video Games,23,24
206,Mass Effect Trilogy,Video Games,24,25
177,Mass Effect Trilogy,Video Games,25,26
180,Mass Effect Trilogy,Video Games,26,27
184,Mass Effect Trilogy,Video Games,27,28
178,Mass Effect Trilogy,Video Games,28,29
133,Mass Effect Trilogy,Video Games,29,30
133,Mass Effect Trilogy,Video Games,30,31
167,Mass Effect Trilogy,Video Games,31,32
172,Mass Effect Trilogy,Video Games,32,33
146,Mass Effect Trilogy,Video Games,33,34
146,Mass Effect Trilogy,Video Games,34,35
148,Mass Effect Trilogy,Video Games,35,36
369,Fire Emblem Series,Video Games,0,1
238,Fire Emblem Series,Video Games,1,2
287,Fire Emblem Series,Video Games,2,3
263,Fire Emblem Series,Video Games,3,4
326,Fire Emblem Series,Video Games,4,5
304,Fire Emblem Series,Video Games,5,6
325,Fire Emblem Series,Video Games,6,7
284,Fire Emblem Series,Video Games,7,8
316,Fire Emblem Series,Video Games,8,9
335,Fire Emblem Series,Video Games,9,10
330,Fire Emblem Series,Video Games,10,11
210,Fire Emblem Series,Video Games,11,12
217,Fire Emblem Series,Video Games,12,13
161,Fire Emblem Series,Video Games,13,14
327,Fire Emblem Series,Video Games,14,15
308,Fire Emblem Series,Video Games,15,16
356,Fire Emblem Series,Video Games,16,17
285,Fire Emblem Series,Video Games,17,18
341,Fire Emblem Series,Video Games,18,19
447,Fire Emblem Series,Video Games,19,20
372,Fire Emblem Series,Video Games,20,21
395,Fire Emblem Series,Video Games,21,22
177,Fire Emblem Series,Video Games,22,23
179,Fire Emblem Series,Video Games,23,24
194,Fire Emblem Series,Video Games,24,25
144,Fire Emblem Series,Video Games,25,26
156,Fire Emblem Series,Video Games,26,27
109,Fire Emblem Series,Video Games,27,28
136,Fire Emblem Series,Video Games,28,29
131,Fire Emblem Series,Video Games,29,30
100,Fire Emblem Series,Video Games,30,31
92,Fire Emblem Series,Video Games,31,32
96,Fire Emblem Series,Video Games,32,33
91,Fire Emblem Series,Video Games,33,34
120,Fire Emblem Series,Video Games,34,35
73,Fire Emblem Series,Video Games,35,36
175,Dragon Age II,Video Games,0,1
149,Dragon Age II,Video Games,1,2
167,Dragon Age II,Video Games,2,3
113,Dragon Age II,Video Games,3,4
135,Dragon Age II,Video Games,4,5
173,Dragon Age II,Video Games,5,6
138,Dragon Age II,Video Games,6,7
133,Dragon Age II,Video Games,7,8
118,Dragon Age II,Video Games,8,9
140,Dragon Age II,Video Games,9,10
142,Dragon Age II,Video Games,10,11
182,Dragon Age II,Video Games,11,12
181,Dragon Age II,Video Games,12,13
178,Dragon Age II,Video Games,13,14
124,Dragon Age II,Video Games,14,15
147,Dragon Age II,Video Games,15,16
159,Dragon Age II,Video Games,16,17
134,Dragon Age II,Video Games,17,18
142,Dragon Age II,Video Games,18,19
173,Dragon Age II,Video Games,19,20
177,Dragon Age II,Video Games,20,21
213,Dragon Age II,Video Games,21,22
213,Dragon Age II,Video Games,22,23
207,Dragon Age II,Video Games,23,24
265,Dragon Age II,Video Games,24,25
209,Dragon Age II,Video Games,25,26
221,Dragon Age II,Video Games,26,27
228,Dragon Age II,Video Games,27,28
295,Dragon Age II,Video Games,28,29
311,Dragon Age II,Video Games,29,30
213,Dragon Age II,Video Games,30,31
268,Dragon Age II,Video Games,31,32
186,Dragon Age II,Video Games,32,33
229,Dragon Age II,Video Games,33,34
206,Dragon Age II,Video Games,34,35
130,Dragon Age II,Video Games,35,36
1030,Final Fantasy XV,Video Games,0,1
549,Final Fantasy XV,Video Games,1,2
677,Final Fantasy XV,Video Games,2,3
608,Final Fantasy XV,Video Games,3,4
703,Final Fantasy XV,Video Games,4,5
763,Final Fantasy XV,Video Games,5,6
569,Final Fantasy XV,Video Games,6,7
524,Final Fantasy XV,Video Games,7,8
617,Final Fantasy XV,Video Games,8,9
646,Final Fantasy XV,Video Games,9,10
604,Final Fantasy XV,Video Games,10,11
602,Final Fantasy XV,Video Games,11,12
307,Final Fantasy XV,Video Games,12,13
38,Final Fantasy XV,Video Games,13,14
28,Final Fantasy XV,Video Games,14,15
36,Final Fantasy XV,Video Games,15,16
18,Final Fantasy XV,Video Games,16,17
31,Final Fantasy XV,Video Games,17,18
21,Final Fantasy XV,Video Games,18,19
17,Final Fantasy XV,Video Games,19,20
14,Final Fantasy XV,Video Games,20,21
12,Final Fantasy XV,Video Games,21,22
3,Final Fantasy XV,Video Games,22,23
6,Final Fantasy XV,Video Games,23,24
3,Final Fantasy XV,Video Games,24,25
5,Final Fantasy XV,Video Games,25,26
4,Final Fantasy XV,Video Games,26,27
10,Final Fantasy XV,Video Games,27,28
7,Final Fantasy XV,Video Games,28,29
4,Final Fantasy XV,Video Games,29,30
10,Final Fantasy XV,Video Games,30,31
7,Final Fantasy XV,Video Games,31,32
29,Final Fantasy XV,Video Games,32,33
15,Final Fantasy XV,Video Games,33,34
9,Final Fantasy XV,Video Games,34,35
5,Final Fantasy XV,Video Games,35,36
211,Pocket Monsters | Pokemon - All Media Types,Video Games,0,1
186,Pocket Monsters | Pokemon - All Media Types,Video Games,1,2
155,Pocket Monsters | Pokemon - All Media Types,Video Games,2,3
154,Pocket Monsters | Pokemon - All Media Types,Video Games,3,4
175,Pocket Monsters | Pokemon - All Media Types,Video Games,4,5
169,Pocket Monsters | Pokemon - All Media Types,Video Games,5,6
175,Pocket Monsters | Pokemon - All Media Types,Video Games,6,7
173,Pocket Monsters | Pokemon - All Media Types,Video Games,7,8
181,Pocket Monsters | Pokemon - All Media Types,Video Games,8,9
176,Pocket Monsters | Pokemon - All Media Types,Video Games,9,10
207,Pocket Monsters | Pokemon - All Media Types,Video Games,10,11
250,Pocket Monsters | Pokemon - All Media Types,Video Games,11,12
365,Pocket Monsters | Pokemon - All Media Types,Video Games,12,13
267,Pocket Monsters | Pokemon - All Media Types,Video Games,13,14
226,Pocket Monsters | Pokemon - All Media Types,Video Games,14,15
163,Pocket Monsters | Pokemon - All Media Types,Video Games,15,16
151,Pocket Monsters | Pokemon - All Media Types,Video Games,16,17
175,Pocket Monsters | Pokemon - All Media Types,Video Games,17,18
73,Pocket Monsters | Pokemon - All Media Types,Video Games,18,19
84,Pocket Monsters | Pokemon - All Media Types,Video Games,19,20
97,Pocket Monsters | Pokemon - All Media Types,Video Games,20,21
124,Pocket Monsters | Pokemon - All Media Types,Video Games,21,22
92,Pocket Monsters | Pokemon - All Media Types,Video Games,22,23
72,Pocket Monsters | Pokemon - All Media Types,Video Games,23,24
101,Pocket Monsters | Pokemon - All Media Types,Video Games,24,25
92,Pocket Monsters | Pokemon - All Media Types,Video Games,25,26
85,Pocket Monsters | Pokemon - All Media Types,Video Games,26,27
99,Pocket Monsters | Pokemon - All Media Types,Video Games,27,28
81,Pocket Monsters | Pokemon - All Media Types,Video Games,28,29
82,Pocket Monsters | Pokemon - All Media Types,Video Games,29,30
62,Pocket Monsters | Pokemon - All Media Types,Video Games,30,31
75,Pocket Monsters | Pokemon - All Media Types,Video Games,31,32
75,Pocket Monsters | Pokemon - All Media Types,Video Games,32,33
101,Pocket Monsters | Pokemon - All Media Types,Video Games,33,34
102,Pocket Monsters | Pokemon - All Media Types,Video Games,34,35
95,Pocket Monsters | Pokemon - All Media Types,Video Games,35,36
450,Dangan Ronpa - All Media Types,Video Games,0,1
316,Dangan Ronpa - All Media Types,Video Games,1,2
371,Dangan Ronpa - All Media Types,Video Games,2,3
188,Dangan Ronpa - All Media Types,Video Games,3,4
217,Dangan Ronpa - All Media Types,Video Games,4,5
260,Dangan Ronpa - All Media Types,Video Games,5,6
208,Dangan Ronpa - All Media Types,Video Games,6,7
203,Dangan Ronpa - All Media Types,Video Games,7,8
238,Dangan Ronpa - All Media Types,Video Games,8,9
265,Dangan Ronpa - All Media Types,Video Games,9,10
258,Dangan Ronpa - All Media Types,Video Games,10,11
250,Dangan Ronpa - All Media Types,Video Games,11,12
227,Dangan Ronpa - All Media Types,Video Games,12,13
170,Dangan Ronpa - All Media Types,Video Games,13,14
231,Dangan Ronpa - All Media Types,Video Games,14,15
280,Dangan Ronpa - All Media Types,Video Games,15,16
206,Dangan Ronpa - All Media Types,Video Games,16,17
193,Dangan Ronpa - All Media Types,Video Games,17,18
84,Dangan Ronpa - All Media Types,Video Games,18,19
67,Dangan Ronpa - All Media Types,Video Games,19,20
77,Dangan Ronpa - All Media Types,Video Games,20,21
65,Dangan Ronpa - All Media Types,Video Games,21,22
75,Dangan Ronpa - All Media Types,Video Games,22,23
55,Dangan Ronpa - All Media Types,Video Games,23,24
64,Dangan Ronpa - All Media Types,Video Games,24,25
37,Dangan Ronpa - All Media Types,Video Games,25,26
44,Dangan Ronpa - All Media Types,Video Games,26,27
61,Dangan Ronpa - All Media Types,Video Games,27,28
94,Dangan Ronpa - All Media Types,Video Games,28,29
81,Dangan Ronpa - All Media Types,Video Games,29,30
46,Dangan Ronpa - All Media Types,Video Games,30,31
53,Dangan Ronpa - All Media Types,Video Games,31,32
65,Dangan Ronpa - All Media Types,Video Games,32,33
116,Dangan Ronpa - All Media Types,Video Games,33,34
84,Dangan Ronpa - All Media Types,Video Games,34,35
67,Dangan Ronpa - All Media Types,Video Games,35,36
179,Fallout (Video Games),Video Games,0,1
137,Fallout (Video Games),Video Games,1,2
211,Fallout (Video Games),Video Games,2,3
189,Fallout (Video Games),Video Games,3,4
220,Fallout (Video Games),Video Games,4,5
202,Fallout (Video Games),Video Games,5,6
156,Fallout (Video Games),Video Games,6,7
128,Fallout (Video Games),Video Games,7,8
160,Fallout (Video Games),Video Games,8,9
141,Fallout (Video Games),Video Games,9,10
147,Fallout (Video Games),Video Games,10,11
190,Fallout (Video Games),Video Games,11,12
151,Fallout (Video Games),Video Games,12,13
130,Fallout (Video Games),Video Games,13,14
161,Fallout (Video Games),Video Games,14,15
177,Fallout (Video Games),Video Games,15,16
191,Fallout (Video Games),Video Games,16,17
212,Fallout (Video Games),Video Games,17,18
215,Fallout (Video Games),Video Games,18,19
303,Fallout (Video Games),Video Games,19,20
278,Fallout (Video Games),Video Games,20,21
338,Fallout (Video Games),Video Games,21,22
354,Fallout (Video Games),Video Games,22,23
466,Fallout (Video Games),Video Games,23,24
480,Fallout (Video Games),Video Games,24,25
200,Fallout (Video Games),Video Games,25,26
39,Fallout (Video Games),Video Games,26,27
31,Fallout (Video Games),Video Games,27,28
53,Fallout (Video Games),Video Games,28,29
108,Fallout (Video Games),Video Games,29,30
75,Fallout (Video Games),Video Games,30,31
20,Fallout (Video Games),Video Games,31,32
29,Fallout (Video Games),Video Games,32,33
18,Fallout (Video Games),Video Games,33,34
12,Fallout (Video Games),Video Games,34,35
17,Fallout (Video Games),Video Games,35,36
329,Shin Megami Tensei Series,Video Games,0,1
217,Shin Megami Tensei Series,Video Games,1,2
275,Shin Megami Tensei Series,Video Games,2,3
323,Shin Megami Tensei Series,Video Games,3,4
321,Shin Megami Tensei Series,Video Games,4,5
383,Shin Megami Tensei Series,Video Games,5,6
438,Shin Megami Tensei Series,Video Games,6,7
448,Shin Megami Tensei Series,Video Games,7,8
186,Shin Megami Tensei Series,Video Games,8,9
59,Shin Megami Tensei Series,Video Games,9,10
64,Shin Megami Tensei Series,Video Games,10,11
64,Shin Megami Tensei Series,Video Games,11,12
74,Shin Megami Tensei Series,Video Games,12,13
67,Shin Megami Tensei Series,Video Games,13,14
81,Shin Megami Tensei Series,Video Games,14,15
57,Shin Megami Tensei Series,Video Games,15,16
56,Shin Megami Tensei Series,Video Games,16,17
66,Shin Megami Tensei Series,Video Games,17,18
78,Shin Megami Tensei Series,Video Games,18,19
69,Shin Megami Tensei Series,Video Games,19,20
72,Shin Megami Tensei Series,Video Games,20,21
66,Shin Megami Tensei Series,Video Games,21,22
71,Shin Megami Tensei Series,Video Games,22,23
63,Shin Megami Tensei Series,Video Games,23,24
69,Shin Megami Tensei Series,Video Games,24,25
70,Shin Megami Tensei Series,Video Games,25,26
97,Shin Megami Tensei Series,Video Games,26,27
75,Shin Megami Tensei Series,Video Games,27,28
90,Shin Megami Tensei Series,Video Games,28,29
78,Shin Megami Tensei Series,Video Games,29,30
68,Shin Megami Tensei Series,Video Games,30,31
65,Shin Megami Tensei Series,Video Games,31,32
66,Shin Megami Tensei Series,Video Games,32,33
61,Shin Megami Tensei Series,Video Games,33,34
76,Shin Megami Tensei Series,Video Games,34,35
65,Shin Megami Tensei Series,Video Games,35,36
126,Dragon Age: Origins,Video Games,0,1
132,Dragon Age: Origins,Video Games,1,2
95,Dragon Age: Origins,Video Games,2,3
104,Dragon Age: Origins,Video Games,3,4
104,Dragon Age: Origins,Video Games,4,5
94,Dragon Age: Origins,Video Games,5,6
95,Dragon Age: Origins,Video Games,6,7
111,Dragon Age: Origins,Video Games,7,8
89,Dragon Age: Origins,Video Games,8,9
80,Dragon Age: Origins,Video Games,9,10
83,Dragon Age: Origins,Video Games,10,11
102,Dragon Age: Origins,Video Games,11,12
95,Dragon Age: Origins,Video Games,12,13
116,Dragon Age: Origins,Video Games,13,14
97,Dragon Age: Origins,Video Games,14,15
110,Dragon Age: Origins,Video Games,15,16
137,Dragon Age: Origins,Video Games,16,17
115,Dragon Age: Origins,Video Games,17,18
111,Dragon Age: Origins,Video Games,18,19
98,Dragon Age: Origins,Video Games,19,20
181,Dragon Age: Origins,Video Games,20,21
136,Dragon Age: Origins,Video Games,21,22
120,Dragon Age: Origins,Video Games,22,23
138,Dragon Age: Origins,Video Games,23,24
167,Dragon Age: Origins,Video Games,24,25
137,Dragon Age: Origins,Video Games,25,26
183,Dragon Age: Origins,Video Games,26,27
225,Dragon Age: Origins,Video Games,27,28
161,Dragon Age: Origins,Video Games,28,29
188,Dragon Age: Origins,Video Games,29,30
139,Dragon Age: Origins,Video Games,30,31
140,Dragon Age: Origins,Video Games,31,32
183,Dragon Age: Origins,Video Games,32,33
208,Dragon Age: Origins,Video Games,33,34
141,Dragon Age: Origins,Video Games,34,35
150,Dragon Age: Origins,Video Games,35,36
316,Persona Series,Video Games,0,1
206,Persona Series,Video Games,1,2
249,Persona Series,Video Games,2,3
313,Persona Series,Video Games,3,4
311,Persona Series,Video Games,4,5
359,Persona Series,Video Games,5,6
427,Persona Series,Video Games,6,7
428,Persona Series,Video Games,7,8
182,Persona Series,Video Games,8,9
51,Persona Series,Video Games,9,10
58,Persona Series,Video Games,10,11
45,Persona Series,Video Games,11,12
63,Persona Series,Video Games,12,13
47,Persona Series,Video Games,13,14
55,Persona Series,Video Games,14,15
46,Persona Series,Video Games,15,16
50,Persona Series,Video Games,16,17
55,Persona Series,Video Games,17,18
70,Persona Series,Video Games,18,19
59,Persona Series,Video Games,19,20
66,Persona Series,Video Games,20,21
57,Persona Series,Video Games,21,22
61,Persona Series,Video Games,22,23
53,Persona Series,Video Games,23,24
62,Persona Series,Video Games,24,25
57,Persona Series,Video Games,25,26
92,Persona Series,Video Games,26,27
65,Persona Series,Video Games,27,28
82,Persona Series,Video Games,28,29
74,Persona Series,Video Games,29,30
61,Persona Series,Video Games,30,31
58,Persona Series,Video Games,31,32
60,Persona Series,Video Games,32,33
56,Persona Series,Video Games,33,34
69,Persona Series,Video Games,34,35
58,Persona Series,Video Games,35,36
113,Compilation of Final Fantasy VII,Video Games,0,1
70,Compilation of Final Fantasy VII,Video Games,1,2
73,Compilation of Final Fantasy VII,Video Games,2,3
82,Compilation of Final Fantasy VII,Video Games,3,4
92,Compilation of Final Fantasy VII,Video Games,4,5
137,Compilation of Final Fantasy VII,Video Games,5,6
98,Compilation of Final Fantasy VII,Video Games,6,7
90,Compilation of Final Fantasy VII,Video Games,7,8
62,Compilation of Final Fantasy VII,Video Games,8,9
91,Compilation of Final Fantasy VII,Video Games,9,10
77,Compilation of Final Fantasy VII,Video Games,10,11
52,Compilation of Final Fantasy VII,Video Games,11,12
71,Compilation of Final Fantasy VII,Video Games,12,13
57,Compilation of Final Fantasy VII,Video Games,13,14
52,Compilation of Final Fantasy VII,Video Games,14,15
75,Compilation of Final Fantasy VII,Video Games,15,16
91,Compilation of Final Fantasy VII,Video Games,16,17
101,Compilation of Final Fantasy VII,Video Games,17,18
58,Compilation of Final Fantasy VII,Video Games,18,19
63,Compilation of Final Fantasy VII,Video Games,19,20
65,Compilation of Final Fantasy VII,Video Games,20,21
71,Compilation of Final Fantasy VII,Video Games,21,22
104,Compilation of Final Fantasy VII,Video Games,22,23
137,Compilation of Final Fantasy VII,Video Games,23,24
112,Compilation of Final Fantasy VII,Video Games,24,25
63,Compilation of Final Fantasy VII,Video Games,25,26
54,Compilation of Final Fantasy VII,Video Games,26,27
43,Compilation of Final Fantasy VII,Video Games,27,28
68,Compilation of Final Fantasy VII,Video Games,28,29
87,Compilation of Final Fantasy VII,Video Games,29,30
70,Compilation of Final Fantasy VII,Video Games,30,31
68,Compilation of Final Fantasy VII,Video Games,31,32
42,Compilation of Final Fantasy VII,Video Games,32,33
64,Compilation of Final Fantasy VII,Video Games,33,34
64,Compilation of Final Fantasy VII,Video Games,34,35
79,Compilation of Final Fantasy VII,Video Games,35,36
86,Kingdom Hearts,Video Games,0,1
72,Kingdom Hearts,Video Games,1,2
88,Kingdom Hearts,Video Games,2,3
95,Kingdom Hearts,Video Games,3,4
114,Kingdom Hearts,Video Games,4,5
80,Kingdom Hearts,Video Games,5,6
93,Kingdom Hearts,Video Games,6,7
73,Kingdom Hearts,Video Games,7,8
65,Kingdom Hearts,Video Games,8,9
51,Kingdom Hearts,Video Games,9,10
100,Kingdom Hearts,Video Games,10,11
71,Kingdom Hearts,Video Games,11,12
95,Kingdom Hearts,Video Games,12,13
66,Kingdom Hearts,Video Games,13,14
55,Kingdom Hearts,Video Games,14,15
78,Kingdom Hearts,Video Games,15,16
133,Kingdom Hearts,Video Games,16,17
84,Kingdom Hearts,Video Games,17,18
62,Kingdom Hearts,Video Games,18,19
63,Kingdom Hearts,Video Games,19,20
45,Kingdom Hearts,Video Games,20,21
70,Kingdom Hearts,Video Games,21,22
58,Kingdom Hearts,Video Games,22,23
74,Kingdom Hearts,Video Games,23,24
108,Kingdom Hearts,Video Games,24,25
66,Kingdom Hearts,Video Games,25,26
78,Kingdom Hearts,Video Games,26,27
85,Kingdom Hearts,Video Games,27,28
86,Kingdom Hearts,Video Games,28,29
103,Kingdom Hearts,Video Games,29,30
61,Kingdom Hearts,Video Games,30,31
72,Kingdom Hearts,Video Games,31,32
98,Kingdom Hearts,Video Games,32,33
93,Kingdom Hearts,Video Games,33,34
97,Kingdom Hearts,Video Games,34,35
108,Kingdom Hearts,Video Games,35,36
81,逆転裁判 | Gyakuten Saiban | Ace Attorney,Video Games,0,1
57,逆転裁判 | Gyakuten Saiban | Ace Attorney,Video Games,1,2
85,逆転裁判 | Gyakuten Saiban | Ace Attorney,Video Games,2,3
75,逆転裁判 | Gyakuten Saiban | Ace Attorney,Video Games,3,4
66,逆転裁判 | Gyakuten Saiban | Ace Attorney,Video Games,4,5
111,逆転裁判 | Gyakuten Saiban | Ace Attorney,Video Games,5,6
86,逆転裁判 | Gyakuten Saiban | Ace Attorney,Video Games,6,7
100,逆転裁判 | Gyakuten Saiban | Ace Attorney,Video Games,7,8
95,逆転裁判 | Gyakuten Saiban | Ace Attorney,Video Games,8,9
98,逆転裁判 | Gyakuten Saiban | Ace Attorney,Video Games,9,10
126,逆転裁判 | Gyakuten Saiban | Ace Attorney,Video Games,10,11
155,逆転裁判 | Gyakuten Saiban | Ace Attorney,Video Games,11,12
166,逆転裁判 | Gyakuten Saiban | Ace Attorney,Video Games,12,13
142,逆転裁判 | Gyakuten Saiban | Ace Attorney,Video Games,13,14
152,逆転裁判 | Gyakuten Saiban | Ace Attorney,Video Games,14,15
140,逆転裁判 | Gyakuten Saiban | Ace Attorney,Video Games,15,16
106,逆転裁判 | Gyakuten Saiban | Ace Attorney,Video Games,16,17
123,逆転裁判 | Gyakuten Saiban | Ace Attorney,Video Games,17,18
104,逆転裁判 | Gyakuten Saiban | Ace Attorney,Video Games,18,19
90,逆転裁判 | Gyakuten Saiban | Ace Attorney,Video Games,19,20
106,逆転裁判 | Gyakuten Saiban | Ace Attorney,Video Games,20,21
79,逆転裁判 | Gyakuten Saiban | Ace Attorney,Video Games,21,22
65,逆転裁判 | Gyakuten Saiban | Ace Attorney,Video Games,22,23
76,逆転裁判 | Gyakuten Saiban | Ace Attorney,Video Games,23,24
123,逆転裁判 | Gyakuten Saiban | Ace Attorney,Video Games,24,25
71,逆転裁判 | Gyakuten Saiban | Ace Attorney,Video Games,25,26
86,逆転裁判 | Gyakuten Saiban | Ace Attorney,Video Games,26,27
81,逆転裁判 | Gyakuten Saiban | Ace Attorney,Video Games,27,28
109,逆転裁判 | Gyakuten Saiban | Ace Attorney,Video Games,28,29
72,逆転裁判 | Gyakuten Saiban | Ace Attorney,Video Games,29,30
87,逆転裁判 | Gyakuten Saiban | Ace Attorney,Video Games,30,31
112,逆転裁判 | Gyakuten Saiban | Ace Attorney,Video Games,31,32
64,逆転裁判 | Gyakuten Saiban | Ace Attorney,Video Games,32,33
58,逆転裁判 | Gyakuten Saiban | Ace Attorney,Video Games,33,34
100,逆転裁判 | Gyakuten Saiban | Ace Attorney,Video Games,34,35
83,逆転裁判 | Gyakuten Saiban | Ace Attorney,Video Games,35,36
115,Fallout 4,Video Games,0,1
94,Fallout 4,Video Games,1,2
161,Fallout 4,Video Games,2,3
146,Fallout 4,Video Games,3,4
149,Fallout 4,Video Games,4,5
155,Fallout 4,Video Games,5,6
118,Fallout 4,Video Games,6,7
106,Fallout 4,Video Games,7,8
114,Fallout 4,Video Games,8,9
103,Fallout 4,Video Games,9,10
115,Fallout 4,Video Games,10,11
116,Fallout 4,Video Games,11,12
118,Fallout 4,Video Games,12,13
102,Fallout 4,Video Games,13,14
126,Fallout 4,Video Games,14,15
139,Fallout 4,Video Games,15,16
152,Fallout 4,Video Games,16,17
175,Fallout 4,Video Games,17,18
174,Fallout 4,Video Games,18,19
250,Fallout 4,Video Games,19,20
239,Fallout 4,Video Games,20,21
277,Fallout 4,Video Games,21,22
307,Fallout 4,Video Games,22,23
414,Fallout 4,Video Games,23,24
416,Fallout 4,Video Games,24,25
138,Fallout 4,Video Games,25,26
1,Fallout 4,Video Games,26,27
0,Fallout 4,Video Games,27,28
0,Fallout 4,Video Games,28,29
1,Fallout 4,Video Games,29,30
2,Fallout 4,Video Games,30,31
0,Fallout 4,Video Games,31,32
0,Fallout 4,Video Games,32,33
0,Fallout 4,Video Games,33,34
0,Fallout 4,Video Games,34,35
0,Fallout 4,Video Games,35,36
75,Assassin's Creed - All Media Types,Video Games,0,1
96,Assassin's Creed - All Media Types,Video Games,1,2
69,Assassin's Creed - All Media Types,Video Games,2,3
55,Assassin's Creed - All Media Types,Video Games,3,4
70,Assassin's Creed - All Media Types,Video Games,4,5
112,Assassin's Creed - All Media Types,Video Games,5,6
71,Assassin's Creed - All Media Types,Video Games,6,7
68,Assassin's Creed - All Media Types,Video Games,7,8
81,Assassin's Creed - All Media Types,Video Games,8,9
68,Assassin's Creed - All Media Types,Video Games,9,10
59,Assassin's Creed - All Media Types,Video Games,10,11
112,Assassin's Creed - All Media Types,Video Games,11,12
58,Assassin's Creed - All Media Types,Video Games,12,13
37,Assassin's Creed - All Media Types,Video Games,13,14
68,Assassin's Creed - All Media Types,Video Games,14,15
58,Assassin's Creed - All Media Types,Video Games,15,16
58,Assassin's Creed - All Media Types,Video Games,16,17
80,Assassin's Creed - All Media Types,Video Games,17,18
71,Assassin's Creed - All Media Types,Video Games,18,19
70,Assassin's Creed - All Media Types,Video Games,19,20
84,Assassin's Creed - All Media Types,Video Games,20,21
95,Assassin's Creed - All Media Types,Video Games,21,22
91,Assassin's Creed - All Media Types,Video Games,22,23
109,Assassin's Creed - All Media Types,Video Games,23,24
154,Assassin's Creed - All Media Types,Video Games,24,25
69,Assassin's Creed - All Media Types,Video Games,25,26
63,Assassin's Creed - All Media Types,Video Games,26,27
53,Assassin's Creed - All Media Types,Video Games,27,28
70,Assassin's Creed - All Media Types,Video Games,28,29
68,Assassin's Creed - All Media Types,Video Games,29,30
70,Assassin's Creed - All Media Types,Video Games,30,31
65,Assassin's Creed - All Media Types,Video Games,31,32
41,Assassin's Creed - All Media Types,Video Games,32,33
57,Assassin's Creed - All Media Types,Video Games,33,34
54,Assassin's Creed - All Media Types,Video Games,34,35
89,Assassin's Creed - All Media Types,Video Games,35,36
89,Final Fantasy VII,Video Games,0,1
56,Final Fantasy VII,Video Games,1,2
65,Final Fantasy VII,Video Games,2,3
65,Final Fantasy VII,Video Games,3,4
81,Final Fantasy VII,Video Games,4,5
101,Final Fantasy VII,Video Games,5,6
77,Final Fantasy VII,Video Games,6,7
76,Final Fantasy VII,Video Games,7,8
49,Final Fantasy VII,Video Games,8,9
83,Final Fantasy VII,Video Games,9,10
62,Final Fantasy VII,Video Games,10,11
45,Final Fantasy VII,Video Games,11,12
59,Final Fantasy VII,Video Games,12,13
50,Final Fantasy VII,Video Games,13,14
47,Final Fantasy VII,Video Games,14,15
65,Final Fantasy VII,Video Games,15,16
87,Final Fantasy VII,Video Games,16,17
64,Final Fantasy VII,Video Games,17,18
42,Final Fantasy VII,Video Games,18,19
53,Final Fantasy VII,Video Games,19,20
54,Final Fantasy VII,Video Games,20,21
58,Final Fantasy VII,Video Games,21,22
96,Final Fantasy VII,Video Games,22,23
113,Final Fantasy VII,Video Games,23,24
86,Final Fantasy VII,Video Games,24,25
49,Final Fantasy VII,Video Games,25,26
46,Final Fantasy VII,Video Games,26,27
33,Final Fantasy VII,Video Games,27,28
49,Final Fantasy VII,Video Games,28,29
63,Final Fantasy VII,Video Games,29,30
61,Final Fantasy VII,Video Games,30,31
49,Final Fantasy VII,Video Games,31,32
37,Final Fantasy VII,Video Games,32,33
46,Final Fantasy VII,Video Games,33,34
53,Final Fantasy VII,Video Games,34,35
53,Final Fantasy VII,Video Games,35,36
107,Pocket Monsters | Pokemon (Main Video Game Series),Video Games,0,1
99,Pocket Monsters | Pokemon (Main Video Game Series),Video Games,1,2
91,Pocket Monsters | Pokemon (Main Video Game Series),Video Games,2,3
68,Pocket Monsters | Pokemon (Main Video Game Series),Video Games,3,4
79,Pocket Monsters | Pokemon (Main Video Game Series),Video Games,4,5
90,Pocket Monsters | Pokemon (Main Video Game Series),Video Games,5,6
100,Pocket Monsters | Pokemon (Main Video Game Series),Video Games,6,7
84,Pocket Monsters | Pokemon (Main Video Game Series),Video Games,7,8
104,Pocket Monsters | Pokemon (Main Video Game Series),Video Games,8,9
92,Pocket Monsters | Pokemon (Main Video Game Series),Video Games,9,10
133,Pocket Monsters | Pokemon (Main Video Game Series),Video Games,10,11
176,Pocket Monsters | Pokemon (Main Video Game Series),Video Games,11,12
258,Pocket Monsters | Pokemon (Main Video Game Series),Video Games,12,13
157,Pocket Monsters | Pokemon (Main Video Game Series),Video Games,13,14
108,Pocket Monsters | Pokemon (Main Video Game Series),Video Games,14,15
72,Pocket Monsters | Pokemon (Main Video Game Series),Video Games,15,16
51,Pocket Monsters | Pokemon (Main Video Game Series),Video Games,16,17
61,Pocket Monsters | Pokemon (Main Video Game Series),Video Games,17,18
49,Pocket Monsters | Pokemon (Main Video Game Series),Video Games,18,19
51,Pocket Monsters | Pokemon (Main Video Game Series),Video Games,19,20
52,Pocket Monsters | Pokemon (Main Video Game Series),Video Games,20,21
46,Pocket Monsters | Pokemon (Main Video Game Series),Video Games,21,22
64,Pocket Monsters | Pokemon (Main Video Game Series),Video Games,22,23
36,Pocket Monsters | Pokemon (Main Video Game Series),Video Games,23,24
51,Pocket Monsters | Pokemon (Main Video Game Series),Video Games,24,25
52,Pocket Monsters | Pokemon (Main Video Game Series),Video Games,25,26
51,Pocket Monsters | Pokemon (Main Video Game Series),Video Games,26,27
50,Pocket Monsters | Pokemon (Main Video Game Series),Video Games,27,28
45,Pocket Monsters | Pokemon (Main Video Game Series),Video Games,28,29
50,Pocket Monsters | Pokemon (Main Video Game Series),Video Games,29,30
46,Pocket Monsters | Pokemon (Main Video Game Series),Video Games,30,31
39,Pocket Monsters | Pokemon (Main Video Game Series),Video Games,31,32
44,Pocket Monsters | Pokemon (Main Video Game Series),Video Games,32,33
76,Pocket Monsters | Pokemon (Main Video Game Series),Video Games,33,34
73,Pocket Monsters | Pokemon (Main Video Game Series),Video Games,34,35
84,Pocket Monsters | Pokemon (Main Video Game Series),Video Games,35,36
118,Fire Emblem: If | Fire Emblem: Fates,Video Games,0,1
89,Fire Emblem: If | Fire Emblem: Fates,Video Games,1,2
109,Fire Emblem: If | Fire Emblem: Fates,Video Games,2,3
101,Fire Emblem: If | Fire Emblem: Fates,Video Games,3,4
137,Fire Emblem: If | Fire Emblem: Fates,Video Games,4,5
119,Fire Emblem: If | Fire Emblem: Fates,Video Games,5,6
125,Fire Emblem: If | Fire Emblem: Fates,Video Games,6,7
127,Fire Emblem: If | Fire Emblem: Fates,Video Games,7,8
192,Fire Emblem: If | Fire Emblem: Fates,Video Games,8,9
185,Fire Emblem: If | Fire Emblem: Fates,Video Games,9,10
202,Fire Emblem: If | Fire Emblem: Fates,Video Games,10,11
132,Fire Emblem: If | Fire Emblem: Fates,Video Games,11,12
147,Fire Emblem: If | Fire Emblem: Fates,Video Games,12,13
102,Fire Emblem: If | Fire Emblem: Fates,Video Games,13,14
205,Fire Emblem: If | Fire Emblem: Fates,Video Games,14,15
184,Fire Emblem: If | Fire Emblem: Fates,Video Games,15,16
245,Fire Emblem: If | Fire Emblem: Fates,Video Games,16,17
199,Fire Emblem: If | Fire Emblem: Fates,Video Games,17,18
260,Fire Emblem: If | Fire Emblem: Fates,Video Games,18,19
341,Fire Emblem: If | Fire Emblem: Fates,Video Games,19,20
292,Fire Emblem: If | Fire Emblem: Fates,Video Games,20,21
289,Fire Emblem: If | Fire Emblem: Fates,Video Games,21,22
73,Fire Emblem: If | Fire Emblem: Fates,Video Games,22,23
50,Fire Emblem: If | Fire Emblem: Fates,Video Games,23,24
42,Fire Emblem: If | Fire Emblem: Fates,Video Games,24,25
23,Fire Emblem: If | Fire Emblem: Fates,Video Games,25,26
38,Fire Emblem: If | Fire Emblem: Fates,Video Games,26,27
21,Fire Emblem: If | Fire Emblem: Fates,Video Games,27,28
29,Fire Emblem: If | Fire Emblem: Fates,Video Games,28,29
34,Fire Emblem: If | Fire Emblem: Fates,Video Games,29,30
11,Fire Emblem: If | Fire Emblem: Fates,Video Games,30,31
1,Fire Emblem: If | Fire Emblem: Fates,Video Games,31,32
1,Fire Emblem: If | Fire Emblem: Fates,Video Games,32,33
0,Fire Emblem: If | Fire Emblem: Fates,Video Games,33,34
0,Fire Emblem: If | Fire Emblem: Fates,Video Games,34,35
0,Fire Emblem: If | Fire Emblem: Fates,Video Games,35,36
196,Star Wars Original Trilogy,Video Games,0,1
122,Star Wars Original Trilogy,Video Games,1,2
101,Star Wars Original Trilogy,Video Games,2,3
97,Star Wars Original Trilogy,Video Games,3,4
113,Star Wars Original Trilogy,Video Games,4,5
102,Star Wars Original Trilogy,Video Games,5,6
94,Star Wars Original Trilogy,Video Games,6,7
163,Star Wars Original Trilogy,Video Games,7,8
120,Star Wars Original Trilogy,Video Games,8,9
109,Star Wars Original Trilogy,Video Games,9,10
144,Star Wars Original Trilogy,Video Games,10,11
129,Star Wars Original Trilogy,Video Games,11,12
151,Star Wars Original Trilogy,Video Games,12,13
101,Star Wars Original Trilogy,Video Games,13,14
68,Star Wars Original Trilogy,Video Games,14,15
62,Star Wars Original Trilogy,Video Games,15,16
98,Star Wars Original Trilogy,Video Games,16,17
125,Star Wars Original Trilogy,Video Games,17,18
100,Star Wars Original Trilogy,Video Games,18,19
123,Star Wars Original Trilogy,Video Games,19,20
158,Star Wars Original Trilogy,Video Games,20,21
155,Star Wars Original Trilogy,Video Games,21,22
240,Star Wars Original Trilogy,Video Games,22,23
230,Star Wars Original Trilogy,Video Games,23,24
107,Star Wars Original Trilogy,Video Games,24,25
42,Star Wars Original Trilogy,Video Games,25,26
25,Star Wars Original Trilogy,Video Games,26,27
31,Star Wars Original Trilogy,Video Games,27,28
50,Star Wars Original Trilogy,Video Games,28,29
29,Star Wars Original Trilogy,Video Games,29,30
29,Star Wars Original Trilogy,Video Games,30,31
34,Star Wars Original Trilogy,Video Games,31,32
47,Star Wars Original Trilogy,Video Games,32,33
52,Star Wars Original Trilogy,Video Games,33,34
39,Star Wars Original Trilogy,Video Games,34,35
28,Star Wars Original Trilogy,Video Games,35,36
62,Dangan Ronpa: Trigger Happy Havoc,Video Games,0,1
54,Dangan Ronpa: Trigger Happy Havoc,Video Games,1,2
55,Dangan Ronpa: Trigger Happy Havoc,Video Games,2,3
37,Dangan Ronpa: Trigger Happy Havoc,Video Games,3,4
52,Dangan Ronpa: Trigger Happy Havoc,Video Games,4,5
60,Dangan Ronpa: Trigger Happy Havoc,Video Games,5,6
44,Dangan Ronpa: Trigger Happy Havoc,Video Games,6,7
48,Dangan Ronpa: Trigger Happy Havoc,Video Games,7,8
66,Dangan Ronpa: Trigger Happy Havoc,Video Games,8,9
87,Dangan Ronpa: Trigger Happy Havoc,Video Games,9,10
132,Dangan Ronpa: Trigger Happy Havoc,Video Games,10,11
112,Dangan Ronpa: Trigger Happy Havoc,Video Games,11,12
144,Dangan Ronpa: Trigger Happy Havoc,Video Games,12,13
85,Dangan Ronpa: Trigger Happy Havoc,Video Games,13,14
115,Dangan Ronpa: Trigger Happy Havoc,Video Games,14,15
151,Dangan Ronpa: Trigger Happy Havoc,Video Games,15,16
92,Dangan Ronpa: Trigger Happy Havoc,Video Games,16,17
97,Dangan Ronpa: Trigger Happy Havoc,Video Games,17,18
36,Dangan Ronpa: Trigger Happy Havoc,Video Games,18,19
45,Dangan Ronpa: Trigger Happy Havoc,Video Games,19,20
46,Dangan Ronpa: Trigger Happy Havoc,Video Games,20,21
38,Dangan Ronpa: Trigger Happy Havoc,Video Games,21,22
44,Dangan Ronpa: Trigger Happy Havoc,Video Games,22,23
38,Dangan Ronpa: Trigger Happy Havoc,Video Games,23,24
44,Dangan Ronpa: Trigger Happy Havoc,Video Games,24,25
21,Dangan Ronpa: Trigger Happy Havoc,Video Games,25,26
31,Dangan Ronpa: Trigger Happy Havoc,Video Games,26,27
40,Dangan Ronpa: Trigger Happy Havoc,Video Games,27,28
55,Dangan Ronpa: Trigger Happy Havoc,Video Games,28,29
59,Dangan Ronpa: Trigger Happy Havoc,Video Games,29,30
23,Dangan Ronpa: Trigger Happy Havoc,Video Games,30,31
28,Dangan Ronpa: Trigger Happy Havoc,Video Games,31,32
27,Dangan Ronpa: Trigger Happy Havoc,Video Games,32,33
76,Dangan Ronpa: Trigger Happy Havoc,Video Games,33,34
55,Dangan Ronpa: Trigger Happy Havoc,Video Games,34,35
40,Dangan Ronpa: Trigger Happy Havoc,Video Games,35,36
82,Elder Scrolls,Video Games,0,1
69,Elder Scrolls,Video Games,1,2
75,Elder Scrolls,Video Games,2,3
40,Elder Scrolls,Video Games,3,4
58,Elder Scrolls,Video Games,4,5
62,Elder Scrolls,Video Games,5,6
57,Elder Scrolls,Video Games,6,7
54,Elder Scrolls,Video Games,7,8
66,Elder Scrolls,Video Games,8,9
64,Elder Scrolls,Video Games,9,10
59,Elder Scrolls,Video Games,10,11
48,Elder Scrolls,Video Games,11,12
63,Elder Scrolls,Video Games,12,13
72,Elder Scrolls,Video Games,13,14
64,Elder Scrolls,Video Games,14,15
62,Elder Scrolls,Video Games,15,16
77,Elder Scrolls,Video Games,16,17
74,Elder Scrolls,Video Games,17,18
64,Elder Scrolls,Video Games,18,19
79,Elder Scrolls,Video Games,19,20
54,Elder Scrolls,Video Games,20,21
31,Elder Scrolls,Video Games,21,22
53,Elder Scrolls,Video Games,22,23
39,Elder Scrolls,Video Games,23,24
55,Elder Scrolls,Video Games,24,25
44,Elder Scrolls,Video Games,25,26
54,Elder Scrolls,Video Games,26,27
36,Elder Scrolls,Video Games,27,28
44,Elder Scrolls,Video Games,28,29
39,Elder Scrolls,Video Games,29,30
60,Elder Scrolls,Video Games,30,31
51,Elder Scrolls,Video Games,31,32
53,Elder Scrolls,Video Games,32,33
67,Elder Scrolls,Video Games,33,34
70,Elder Scrolls,Video Games,34,35
37,Elder Scrolls,Video Games,35,36
155,The Legend of Zelda & Related Fandoms,Video Games,0,1
75,The Legend of Zelda & Related Fandoms,Video Games,1,2
102,The Legend of Zelda & Related Fandoms,Video Games,2,3
71,The Legend of Zelda & Related Fandoms,Video Games,3,4
109,The Legend of Zelda & Related Fandoms,Video Games,4,5
154,The Legend of Zelda & Related Fandoms,Video Games,5,6
131,The Legend of Zelda & Related Fandoms,Video Games,6,7
173,The Legend of Zelda & Related Fandoms,Video Games,7,8
201,The Legend of Zelda & Related Fandoms,Video Games,8,9
152,The Legend of Zelda & Related Fandoms,Video Games,9,10
48,The Legend of Zelda & Related Fandoms,Video Games,10,11
48,The Legend of Zelda & Related Fandoms,Video Games,11,12
53,The Legend of Zelda & Related Fandoms,Video Games,12,13
33,The Legend of Zelda & Related Fandoms,Video Games,13,14
42,The Legend of Zelda & Related Fandoms,Video Games,14,15
42,The Legend of Zelda & Related Fandoms,Video Games,15,16
50,The Legend of Zelda & Related Fandoms,Video Games,16,17
44,The Legend of Zelda & Related Fandoms,Video Games,17,18
45,The Legend of Zelda & Related Fandoms,Video Games,18,19
53,The Legend of Zelda & Related Fandoms,Video Games,19,20
47,The Legend of Zelda & Related Fandoms,Video Games,20,21
56,The Legend of Zelda & Related Fandoms,Video Games,21,22
48,The Legend of Zelda & Related Fandoms,Video Games,22,23
40,The Legend of Zelda & Related Fandoms,Video Games,23,24
47,The Legend of Zelda & Related Fandoms,Video Games,24,25
47,The Legend of Zelda & Related Fandoms,Video Games,25,26
41,The Legend of Zelda & Related Fandoms,Video Games,26,27
40,The Legend of Zelda & Related Fandoms,Video Games,27,28
79,The Legend of Zelda & Related Fandoms,Video Games,28,29
35,The Legend of Zelda & Related Fandoms,Video Games,29,30
34,The Legend of Zelda & Related Fandoms,Video Games,30,31
45,The Legend of Zelda & Related Fandoms,Video Games,31,32
39,The Legend of Zelda & Related Fandoms,Video Games,32,33
41,The Legend of Zelda & Related Fandoms,Video Games,33,34
44,The Legend of Zelda & Related Fandoms,Video Games,34,35
26,The Legend of Zelda & Related Fandoms,Video Games,35,36
119,Tales of Series,Video Games,0,1
68,Tales of Series,Video Games,1,2
73,Tales of Series,Video Games,2,3
49,Tales of Series,Video Games,3,4
77,Tales of Series,Video Games,4,5
155,Tales of Series,Video Games,5,6
76,Tales of Series,Video Games,6,7
62,Tales of Series,Video Games,7,8
90,Tales of Series,Video Games,8,9
94,Tales of Series,Video Games,9,10
97,Tales of Series,Video Games,10,11
60,Tales of Series,Video Games,11,12
109,Tales of Series,Video Games,12,13
45,Tales of Series,Video Games,13,14
74,Tales of Series,Video Games,14,15
120,Tales of Series,Video Games,15,16
129,Tales of Series,Video Games,16,17
78,Tales of Series,Video Games,17,18
50,Tales of Series,Video Games,18,19
77,Tales of Series,Video Games,19,20
61,Tales of Series,Video Games,20,21
67,Tales of Series,Video Games,21,22
44,Tales of Series,Video Games,22,23
65,Tales of Series,Video Games,23,24
101,Tales of Series,Video Games,24,25
76,Tales of Series,Video Games,25,26
33,Tales of Series,Video Games,26,27
60,Tales of Series,Video Games,27,28
33,Tales of Series,Video Games,28,29
63,Tales of Series,Video Games,29,30
50,Tales of Series,Video Games,30,31
50,Tales of Series,Video Games,31,32
61,Tales of Series,Video Games,32,33
85,Tales of Series,Video Games,33,34
53,Tales of Series,Video Games,34,35
47,Tales of Series,Video Games,35,36
186,Star Wars: The Clone Wars (2008) - All Media Types,Video Games,0,1
166,Star Wars: The Clone Wars (2008) - All Media Types,Video Games,1,2
121,Star Wars: The Clone Wars (2008) - All Media Types,Video Games,2,3
176,Star Wars: The Clone Wars (2008) - All Media Types,Video Games,3,4
142,Star Wars: The Clone Wars (2008) - All Media Types,Video Games,4,5
156,Star Wars: The Clone Wars (2008) - All Media Types,Video Games,5,6
111,Star Wars: The Clone Wars (2008) - All Media Types,Video Games,6,7
141,Star Wars: The Clone Wars (2008) - All Media Types,Video Games,7,8
106,Star Wars: The Clone Wars (2008) - All Media Types,Video Games,8,9
108,Star Wars: The Clone Wars (2008) - All Media Types,Video Games,9,10
121,Star Wars: The Clone Wars (2008) - All Media Types,Video Games,10,11
165,Star Wars: The Clone Wars (2008) - All Media Types,Video Games,11,12
126,Star Wars: The Clone Wars (2008) - All Media Types,Video Games,12,13
172,Star Wars: The Clone Wars (2008) - All Media Types,Video Games,13,14
154,Star Wars: The Clone Wars (2008) - All Media Types,Video Games,14,15
92,Star Wars: The Clone Wars (2008) - All Media Types,Video Games,15,16
106,Star Wars: The Clone Wars (2008) - All Media Types,Video Games,16,17
111,Star Wars: The Clone Wars (2008) - All Media Types,Video Games,17,18
143,Star Wars: The Clone Wars (2008) - All Media Types,Video Games,18,19
137,Star Wars: The Clone Wars (2008) - All Media Types,Video Games,19,20
115,Star Wars: The Clone Wars (2008) - All Media Types,Video Games,20,21
82,Star Wars: The Clone Wars (2008) - All Media Types,Video Games,21,22
64,Star Wars: The Clone Wars (2008) - All Media Types,Video Games,22,23
53,Star Wars: The Clone Wars (2008) - All Media Types,Video Games,23,24
30,Star Wars: The Clone Wars (2008) - All Media Types,Video Games,24,25
22,Star Wars: The Clone Wars (2008) - All Media Types,Video Games,25,26
27,Star Wars: The Clone Wars (2008) - All Media Types,Video Games,26,27
20,Star Wars: The Clone Wars (2008) - All Media Types,Video Games,27,28
18,Star Wars: The Clone Wars (2008) - All Media Types,Video Games,28,29
17,Star Wars: The Clone Wars (2008) - All Media Types,Video Games,29,30
14,Star Wars: The Clone Wars (2008) - All Media Types,Video Games,30,31
25,Star Wars: The Clone Wars (2008) - All Media Types,Video Games,31,32
24,Star Wars: The Clone Wars (2008) - All Media Types,Video Games,32,33
35,Star Wars: The Clone Wars (2008) - All Media Types,Video Games,33,34
18,Star Wars: The Clone Wars (2008) - All Media Types,Video Games,34,35
28,Star Wars: The Clone Wars (2008) - All Media Types,Video Games,35,36
195,Dungeons & Dragons - All Media Types,Video Games,0,1
73,Dungeons & Dragons - All Media Types,Video Games,1,2
143,Dungeons & Dragons - All Media Types,Video Games,2,3
132,Dungeons & Dragons - All Media Types,Video Games,3,4
115,Dungeons & Dragons - All Media Types,Video Games,4,5
107,Dungeons & Dragons - All Media Types,Video Games,5,6
148,Dungeons & Dragons - All Media Types,Video Games,6,7
102,Dungeons & Dragons - All Media Types,Video Games,7,8
112,Dungeons & Dragons - All Media Types,Video Games,8,9
148,Dungeons & Dragons - All Media Types,Video Games,9,10
272,Dungeons & Dragons - All Media Types,Video Games,10,11
196,Dungeons & Dragons - All Media Types,Video Games,11,12
222,Dungeons & Dragons - All Media Types,Video Games,12,13
166,Dungeons & Dragons - All Media Types,Video Games,13,14
168,Dungeons & Dragons - All Media Types,Video Games,14,15
164,Dungeons & Dragons - All Media Types,Video Games,15,16
146,Dungeons & Dragons - All Media Types,Video Games,16,17
141,Dungeons & Dragons - All Media Types,Video Games,17,18
77,Dungeons & Dragons - All Media Types,Video Games,18,19
61,Dungeons & Dragons - All Media Types,Video Games,19,20
63,Dungeons & Dragons - All Media Types,Video Games,20,21
65,Dungeons & Dragons - All Media Types,Video Games,21,22
46,Dungeons & Dragons - All Media Types,Video Games,22,23
23,Dungeons & Dragons - All Media Types,Video Games,23,24
37,Dungeons & Dragons - All Media Types,Video Games,24,25
29,Dungeons & Dragons - All Media Types,Video Games,25,26
18,Dungeons & Dragons - All Media Types,Video Games,26,27
13,Dungeons & Dragons - All Media Types,Video Games,27,28
8,Dungeons & Dragons - All Media Types,Video Games,28,29
9,Dungeons & Dragons - All Media Types,Video Games,29,30
13,Dungeons & Dragons - All Media Types,Video Games,30,31
17,Dungeons & Dragons - All Media Types,Video Games,31,32
8,Dungeons & Dragons - All Media Types,Video Games,32,33
7,Dungeons & Dragons - All Media Types,Video Games,33,34
8,Dungeons & Dragons - All Media Types,Video Games,34,35
9,Dungeons & Dragons - All Media Types,Video Games,35,36
147,Mystic Messenger (Video Game),Video Games,0,1
129,Mystic Messenger (Video Game),Video Games,1,2
144,Mystic Messenger (Video Game),Video Games,2,3
159,Mystic Messenger (Video Game),Video Games,3,4
126,Mystic Messenger (Video Game),Video Games,4,5
141,Mystic Messenger (Video Game),Video Games,5,6
135,Mystic Messenger (Video Game),Video Games,6,7
112,Mystic Messenger (Video Game),Video Games,7,8
157,Mystic Messenger (Video Game),Video Games,8,9
159,Mystic Messenger (Video Game),Video Games,9,10
191,Mystic Messenger (Video Game),Video Games,10,11
243,Mystic Messenger (Video Game),Video Games,11,12
271,Mystic Messenger (Video Game),Video Games,12,13
351,Mystic Messenger (Video Game),Video Games,13,14
404,Mystic Messenger (Video Game),Video Games,14,15
338,Mystic Messenger (Video Game),Video Games,15,16
33,Mystic Messenger (Video Game),Video Games,16,17
10,Mystic Messenger (Video Game),Video Games,17,18
0,Mystic Messenger (Video Game),Video Games,18,19
0,Mystic Messenger (Video Game),Video Games,19,20
0,Mystic Messenger (Video Game),Video Games,20,21
0,Mystic Messenger (Video Game),Video Games,21,22
0,Mystic Messenger (Video Game),Video Games,22,23
0,Mystic Messenger (Video Game),Video Games,23,24
0,Mystic Messenger (Video Game),Video Games,24,25
0,Mystic Messenger (Video Game),Video Games,25,26
0,Mystic Messenger (Video Game),Video Games,26,27
0,Mystic Messenger (Video Game),Video Games,27,28
0,Mystic Messenger (Video Game),Video Games,28,29
0,Mystic Messenger (Video Game),Video Games,29,30
0,Mystic Messenger (Video Game),Video Games,30,31
0,Mystic Messenger (Video Game),Video Games,31,32
0,Mystic Messenger (Video Game),Video Games,32,33
0,Mystic Messenger (Video Game),Video Games,33,34
0,Mystic Messenger (Video Game),Video Games,34,35
0,Mystic Messenger (Video Game),Video Games,35,36
108,Fire Emblem: Kakusei | Fire Emblem: Awakening,Video Games,0,1
59,Fire Emblem: Kakusei | Fire Emblem: Awakening,Video Games,1,2
72,Fire Emblem: Kakusei | Fire Emblem: Awakening,Video Games,2,3
81,Fire Emblem: Kakusei | Fire Emblem: Awakening,Video Games,3,4
69,Fire Emblem: Kakusei | Fire Emblem: Awakening,Video Games,4,5
67,Fire Emblem: Kakusei | Fire Emblem: Awakening,Video Games,5,6
68,Fire Emblem: Kakusei | Fire Emblem: Awakening,Video Games,6,7
65,Fire Emblem: Kakusei | Fire Emblem: Awakening,Video Games,7,8
73,Fire Emblem: Kakusei | Fire Emblem: Awakening,Video Games,8,9
81,Fire Emblem: Kakusei | Fire Emblem: Awakening,Video Games,9,10
97,Fire Emblem: Kakusei | Fire Emblem: Awakening,Video Games,10,11
63,Fire Emblem: Kakusei | Fire Emblem: Awakening,Video Games,11,12
51,Fire Emblem: Kakusei | Fire Emblem: Awakening,Video Games,12,13
48,Fire Emblem: Kakusei | Fire Emblem: Awakening,Video Games,13,14
98,Fire Emblem: Kakusei | Fire Emblem: Awakening,Video Games,14,15
95,Fire Emblem: Kakusei | Fire Emblem: Awakening,Video Games,15,16
88,Fire Emblem: Kakusei | Fire Emblem: Awakening,Video Games,16,17
73,Fire Emblem: Kakusei | Fire Emblem: Awakening,Video Games,17,18
65,Fire Emblem: Kakusei | Fire Emblem: Awakening,Video Games,18,19
94,Fire Emblem: Kakusei | Fire Emblem: Awakening,Video Games,19,20
76,Fire Emblem: Kakusei | Fire Emblem: Awakening,Video Games,20,21
89,Fire Emblem: Kakusei | Fire Emblem: Awakening,Video Games,21,22
79,Fire Emblem: Kakusei | Fire Emblem: Awakening,Video Games,22,23
88,Fire Emblem: Kakusei | Fire Emblem: Awakening,Video Games,23,24
137,Fire Emblem: Kakusei | Fire Emblem: Awakening,Video Games,24,25
105,Fire Emblem: Kakusei | Fire Emblem: Awakening,Video Games,25,26
87,Fire Emblem: Kakusei | Fire Emblem: Awakening,Video Games,26,27
76,Fire Emblem: Kakusei | Fire Emblem: Awakening,Video Games,27,28
88,Fire Emblem: Kakusei | Fire Emblem: Awakening,Video Games,28,29
88,Fire Emblem: Kakusei | Fire Emblem: Awakening,Video Games,29,30
74,Fire Emblem: Kakusei | Fire Emblem: Awakening,Video Games,30,31
77,Fire Emblem: Kakusei | Fire Emblem: Awakening,Video Games,31,32
78,Fire Emblem: Kakusei | Fire Emblem: Awakening,Video Games,32,33
79,Fire Emblem: Kakusei | Fire Emblem: Awakening,Video Games,33,34
101,Fire Emblem: Kakusei | Fire Emblem: Awakening,Video Games,34,35
60,Fire Emblem: Kakusei | Fire Emblem: Awakening,Video Games,35,36
72,Elder Scrolls V: Skyrim,Video Games,0,1
49,Elder Scrolls V: Skyrim,Video Games,1,2
48,Elder Scrolls V: Skyrim,Video Games,2,3
30,Elder Scrolls V: Skyrim,Video Games,3,4
49,Elder Scrolls V: Skyrim,Video Games,4,5
53,Elder Scrolls V: Skyrim,Video Games,5,6
49,Elder Scrolls V: Skyrim,Video Games,6,7
42,Elder Scrolls V: Skyrim,Video Games,7,8
53,Elder Scrolls V: Skyrim,Video Games,8,9
51,Elder Scrolls V: Skyrim,Video Games,9,10
52,Elder Scrolls V: Skyrim,Video Games,10,11
39,Elder Scrolls V: Skyrim,Video Games,11,12
53,Elder Scrolls V: Skyrim,Video Games,12,13
52,Elder Scrolls V: Skyrim,Video Games,13,14
53,Elder Scrolls V: Skyrim,Video Games,14,15
47,Elder Scrolls V: Skyrim,Video Games,15,16
68,Elder Scrolls V: Skyrim,Video Games,16,17
52,Elder Scrolls V: Skyrim,Video Games,17,18
52,Elder Scrolls V: Skyrim,Video Games,18,19
61,Elder Scrolls V: Skyrim,Video Games,19,20
47,Elder Scrolls V: Skyrim,Video Games,20,21
28,Elder Scrolls V: Skyrim,Video Games,21,22
46,Elder Scrolls V: Skyrim,Video Games,22,23
34,Elder Scrolls V: Skyrim,Video Games,23,24
47,Elder Scrolls V: Skyrim,Video Games,24,25
40,Elder Scrolls V: Skyrim,Video Games,25,26
51,Elder Scrolls V: Skyrim,Video Games,26,27
34,Elder Scrolls V: Skyrim,Video Games,27,28
29,Elder Scrolls V: Skyrim,Video Games,28,29
32,Elder Scrolls V: Skyrim,Video Games,29,30
39,Elder Scrolls V: Skyrim,Video Games,30,31
47,Elder Scrolls V: Skyrim,Video Games,31,32
47,Elder Scrolls V: Skyrim,Video Games,32,33
61,Elder Scrolls V: Skyrim,Video Games,33,34
69,Elder Scrolls V: Skyrim,Video Games,34,35
34,Elder Scrolls V: Skyrim,Video Games,35,36
12,DRAMAtical Murder - All Media Types,Video Games,0,1
5,DRAMAtical Murder - All Media Types,Video Games,1,2
16,DRAMAtical Murder - All Media Types,Video Games,2,3
12,DRAMAtical Murder - All Media Types,Video Games,3,4
15,DRAMAtical Murder - All Media Types,Video Games,4,5
17,DRAMAtical Murder - All Media Types,Video Games,5,6
12,DRAMAtical Murder - All Media Types,Video Games,6,7
19,DRAMAtical Murder - All Media Types,Video Games,7,8
18,DRAMAtical Murder - All Media Types,Video Games,8,9
18,DRAMAtical Murder - All Media Types,Video Games,9,10
15,DRAMAtical Murder - All Media Types,Video Games,10,11
15,DRAMAtical Murder - All Media Types,Video Games,11,12
30,DRAMAtical Murder - All Media Types,Video Games,12,13
15,DRAMAtical Murder - All Media Types,Video Games,13,14
15,DRAMAtical Murder - All Media Types,Video Games,14,15
37,DRAMAtical Murder - All Media Types,Video Games,15,16
36,DRAMAtical Murder - All Media Types,Video Games,16,17
26,DRAMAtical Murder - All Media Types,Video Games,17,18
27,DRAMAtical Murder - All Media Types,Video Games,18,19
32,DRAMAtical Murder - All Media Types,Video Games,19,20
33,DRAMAtical Murder - All Media Types,Video Games,20,21
34,DRAMAtical Murder - All Media Types,Video Games,21,22
70,DRAMAtical Murder - All Media Types,Video Games,22,23
56,DRAMAtical Murder - All Media Types,Video Games,23,24
54,DRAMAtical Murder - All Media Types,Video Games,24,25
36,DRAMAtical Murder - All Media Types,Video Games,25,26
73,DRAMAtical Murder - All Media Types,Video Games,26,27
63,DRAMAtical Murder - All Media Types,Video Games,27,28
86,DRAMAtical Murder - All Media Types,Video Games,28,29
66,DRAMAtical Murder - All Media Types,Video Games,29,30
104,DRAMAtical Murder - All Media Types,Video Games,30,31
106,DRAMAtical Murder - All Media Types,Video Games,31,32
116,DRAMAtical Murder - All Media Types,Video Games,32,33
84,DRAMAtical Murder - All Media Types,Video Games,33,34
119,DRAMAtical Murder - All Media Types,Video Games,34,35
105,DRAMAtical Murder - All Media Types,Video Games,35,36
57,Durarara!!,Video Games,0,1
46,Durarara!!,Video Games,1,2
48,Durarara!!,Video Games,2,3
35,Durarara!!,Video Games,3,4
36,Durarara!!,Video Games,4,5
59,Durarara!!,Video Games,5,6
52,Durarara!!,Video Games,6,7
67,Durarara!!,Video Games,7,8
49,Durarara!!,Video Games,8,9
42,Durarara!!,Video Games,9,10
67,Durarara!!,Video Games,10,11
45,Durarara!!,Video Games,11,12
94,Durarara!!,Video Games,12,13
57,Durarara!!,Video Games,13,14
62,Durarara!!,Video Games,14,15
71,Durarara!!,Video Games,15,16
63,Durarara!!,Video Games,16,17
65,Durarara!!,Video Games,17,18
63,Durarara!!,Video Games,18,19
71,Durarara!!,Video Games,19,20
72,Durarara!!,Video Games,20,21
70,Durarara!!,Video Games,21,22
65,Durarara!!,Video Games,22,23
36,Durarara!!,Video Games,23,24
58,Durarara!!,Video Games,24,25
45,Durarara!!,Video Games,25,26
61,Durarara!!,Video Games,26,27
49,Durarara!!,Video Games,27,28
51,Durarara!!,Video Games,28,29
53,Durarara!!,Video Games,29,30
43,Durarara!!,Video Games,30,31
43,Durarara!!,Video Games,31,32
44,Durarara!!,Video Games,32,33
61,Durarara!!,Video Games,33,34
57,Durarara!!,Video Games,34,35
55,Durarara!!,Video Games,35,36
83,Super Dangan Ronpa 2,Video Games,0,1
52,Super Dangan Ronpa 2,Video Games,1,2
77,Super Dangan Ronpa 2,Video Games,2,3
41,Super Dangan Ronpa 2,Video Games,3,4
69,Super Dangan Ronpa 2,Video Games,4,5
84,Super Dangan Ronpa 2,Video Games,5,6
65,Super Dangan Ronpa 2,Video Games,6,7
48,Super Dangan Ronpa 2,Video Games,7,8
70,Super Dangan Ronpa 2,Video Games,8,9
68,Super Dangan Ronpa 2,Video Games,9,10
72,Super Dangan Ronpa 2,Video Games,10,11
54,Super Dangan Ronpa 2,Video Games,11,12
63,Super Dangan Ronpa 2,Video Games,12,13
56,Super Dangan Ronpa 2,Video Games,13,14
85,Super Dangan Ronpa 2,Video Games,14,15
107,Super Dangan Ronpa 2,Video Games,15,16
99,Super Dangan Ronpa 2,Video Games,16,17
96,Super Dangan Ronpa 2,Video Games,17,18
51,Super Dangan Ronpa 2,Video Games,18,19
27,Super Dangan Ronpa 2,Video Games,19,20
44,Super Dangan Ronpa 2,Video Games,20,21
39,Super Dangan Ronpa 2,Video Games,21,22
40,Super Dangan Ronpa 2,Video Games,22,23
33,Super Dangan Ronpa 2,Video Games,23,24
32,Super Dangan Ronpa 2,Video Games,24,25
17,Super Dangan Ronpa 2,Video Games,25,26
19,Super Dangan Ronpa 2,Video Games,26,27
32,Super Dangan Ronpa 2,Video Games,27,28
59,Super Dangan Ronpa 2,Video Games,28,29
32,Super Dangan Ronpa 2,Video Games,29,30
25,Super Dangan Ronpa 2,Video Games,30,31
38,Super Dangan Ronpa 2,Video Games,31,32
35,Super Dangan Ronpa 2,Video Games,32,33
47,Super Dangan Ronpa 2,Video Games,33,34
37,Super Dangan Ronpa 2,Video Games,34,35
38,Super Dangan Ronpa 2,Video Games,35,36
127,Warcraft - All Media Types,Video Games,0,1
73,Warcraft - All Media Types,Video Games,1,2
59,Warcraft - All Media Types,Video Games,2,3
46,Warcraft - All Media Types,Video Games,3,4
75,Warcraft - All Media Types,Video Games,4,5
77,Warcraft - All Media Types,Video Games,5,6
66,Warcraft - All Media Types,Video Games,6,7
78,Warcraft - All Media Types,Video Games,7,8
53,Warcraft - All Media Types,Video Games,8,9
45,Warcraft - All Media Types,Video Games,9,10
52,Warcraft - All Media Types,Video Games,10,11
48,Warcraft - All Media Types,Video Games,11,12
57,Warcraft - All Media Types,Video Games,12,13
49,Warcraft - All Media Types,Video Games,13,14
92,Warcraft - All Media Types,Video Games,14,15
71,Warcraft - All Media Types,Video Games,15,16
111,Warcraft - All Media Types,Video Games,16,17
170,Warcraft - All Media Types,Video Games,17,18
130,Warcraft - All Media Types,Video Games,18,19
27,Warcraft - All Media Types,Video Games,19,20
26,Warcraft - All Media Types,Video Games,20,21
25,Warcraft - All Media Types,Video Games,21,22
19,Warcraft - All Media Types,Video Games,22,23
30,Warcraft - All Media Types,Video Games,23,24
39,Warcraft - All Media Types,Video Games,24,25
52,Warcraft - All Media Types,Video Games,25,26
25,Warcraft - All Media Types,Video Games,26,27
19,Warcraft - All Media Types,Video Games,27,28
14,Warcraft - All Media Types,Video Games,28,29
34,Warcraft - All Media Types,Video Games,29,30
11,Warcraft - All Media Types,Video Games,30,31
20,Warcraft - All Media Types,Video Games,31,32
26,Warcraft - All Media Types,Video Games,32,33
27,Warcraft - All Media Types,Video Games,33,34
16,Warcraft - All Media Types,Video Games,34,35
24,Warcraft - All Media Types,Video Games,35,36
75,Borderlands (Video Games),Video Games,0,1
36,Borderlands (Video Games),Video Games,1,2
112,Borderlands (Video Games),Video Games,2,3
40,Borderlands (Video Games),Video Games,3,4
70,Borderlands (Video Games),Video Games,4,5
76,Borderlands (Video Games),Video Games,5,6
65,Borderlands (Video Games),Video Games,6,7
82,Borderlands (Video Games),Video Games,7,8
43,Borderlands (Video Games),Video Games,8,9
62,Borderlands (Video Games),Video Games,9,10
58,Borderlands (Video Games),Video Games,10,11
47,Borderlands (Video Games),Video Games,11,12
62,Borderlands (Video Games),Video Games,12,13
61,Borderlands (Video Games),Video Games,13,14
67,Borderlands (Video Games),Video Games,14,15
80,Borderlands (Video Games),Video Games,15,16
70,Borderlands (Video Games),Video Games,16,17
54,Borderlands (Video Games),Video Games,17,18
94,Borderlands (Video Games),Video Games,18,19
118,Borderlands (Video Games),Video Games,19,20
133,Borderlands (Video Games),Video Games,20,21
133,Borderlands (Video Games),Video Games,21,22
97,Borderlands (Video Games),Video Games,22,23
108,Borderlands (Video Games),Video Games,23,24
88,Borderlands (Video Games),Video Games,24,25
89,Borderlands (Video Games),Video Games,25,26
60,Borderlands (Video Games),Video Games,26,27
58,Borderlands (Video Games),Video Games,27,28
99,Borderlands (Video Games),Video Games,28,29
55,Borderlands (Video Games),Video Games,29,30
30,Borderlands (Video Games),Video Games,30,31
26,Borderlands (Video Games),Video Games,31,32
22,Borderlands (Video Games),Video Games,32,33
15,Borderlands (Video Games),Video Games,33,34
11,Borderlands (Video Games),Video Games,34,35
20,Borderlands (Video Games),Video Games,35,36
54,Team Fortress 2,Video Games,0,1
34,Team Fortress 2,Video Games,1,2
57,Team Fortress 2,Video Games,2,3
32,Team Fortress 2,Video Games,3,4
40,Team Fortress 2,Video Games,4,5
33,Team Fortress 2,Video Games,5,6
38,Team Fortress 2,Video Games,6,7
31,Team Fortress 2,Video Games,7,8
25,Team Fortress 2,Video Games,8,9
19,Team Fortress 2,Video Games,9,10
25,Team Fortress 2,Video Games,10,11
39,Team Fortress 2,Video Games,11,12
27,Team Fortress 2,Video Games,12,13
87,Team Fortress 2,Video Games,13,14
47,Team Fortress 2,Video Games,14,15
26,Team Fortress 2,Video Games,15,16
23,Team Fortress 2,Video Games,16,17
30,Team Fortress 2,Video Games,17,18
25,Team Fortress 2,Video Games,18,19
62,Team Fortress 2,Video Games,19,20
21,Team Fortress 2,Video Games,20,21
28,Team Fortress 2,Video Games,21,22
51,Team Fortress 2,Video Games,22,23
49,Team Fortress 2,Video Games,23,24
70,Team Fortress 2,Video Games,24,25
47,Team Fortress 2,Video Games,25,26
73,Team Fortress 2,Video Games,26,27
58,Team Fortress 2,Video Games,27,28
50,Team Fortress 2,Video Games,28,29
49,Team Fortress 2,Video Games,29,30
41,Team Fortress 2,Video Games,30,31
48,Team Fortress 2,Video Games,31,32
65,Team Fortress 2,Video Games,32,33
48,Team Fortress 2,Video Games,33,34
99,Team Fortress 2,Video Games,34,35
61,Team Fortress 2,Video Games,35,36
45,Persona 4,Video Games,0,1
37,Persona 4,Video Games,1,2
38,Persona 4,Video Games,2,3
35,Persona 4,Video Games,3,4
31,Persona 4,Video Games,4,5
32,Persona 4,Video Games,5,6
38,Persona 4,Video Games,6,7
29,Persona 4,Video Games,7,8
19,Persona 4,Video Games,8,9
36,Persona 4,Video Games,9,10
32,Persona 4,Video Games,10,11
30,Persona 4,Video Games,11,12
34,Persona 4,Video Games,12,13
31,Persona 4,Video Games,13,14
30,Persona 4,Video Games,14,15
27,Persona 4,Video Games,15,16
28,Persona 4,Video Games,16,17
36,Persona 4,Video Games,17,18
55,Persona 4,Video Games,18,19
38,Persona 4,Video Games,19,20
53,Persona 4,Video Games,20,21
47,Persona 4,Video Games,21,22
40,Persona 4,Video Games,22,23
36,Persona 4,Video Games,23,24
40,Persona 4,Video Games,24,25
40,Persona 4,Video Games,25,26
71,Persona 4,Video Games,26,27
48,Persona 4,Video Games,27,28
61,Persona 4,Video Games,28,29
58,Persona 4,Video Games,29,30
52,Persona 4,Video Games,30,31
45,Persona 4,Video Games,31,32
44,Persona 4,Video Games,32,33
37,Persona 4,Video Games,33,34
48,Persona 4,Video Games,34,35
35,Persona 4,Video Games,35,36
232,Persona 5,Video Games,0,1
152,Persona 5,Video Games,1,2
195,Persona 5,Video Games,2,3
253,Persona 5,Video Games,3,4
253,Persona 5,Video Games,4,5
308,Persona 5,Video Games,5,6
368,Persona 5,Video Games,6,7
376,Persona 5,Video Games,7,8
151,Persona 5,Video Games,8,9
3,Persona 5,Video Games,9,10
14,Persona 5,Video Games,10,11
5,Persona 5,Video Games,11,12
15,Persona 5,Video Games,12,13
7,Persona 5,Video Games,13,14
11,Persona 5,Video Games,14,15
7,Persona 5,Video Games,15,16
3,Persona 5,Video Games,16,17
5,Persona 5,Video Games,17,18
5,Persona 5,Video Games,18,19
2,Persona 5,Video Games,19,20
2,Persona 5,Video Games,20,21
1,Persona 5,Video Games,21,22
2,Persona 5,Video Games,22,23
5,Persona 5,Video Games,23,24
1,Persona 5,Video Games,24,25
1,Persona 5,Video Games,25,26
1,Persona 5,Video Games,26,27
3,Persona 5,Video Games,27,28
2,Persona 5,Video Games,28,29
0,Persona 5,Video Games,29,30
4,Persona 5,Video Games,30,31
0,Persona 5,Video Games,31,32
1,Persona 5,Video Games,32,33
4,Persona 5,Video Games,33,34
3,Persona 5,Video Games,34,35
0,Persona 5,Video Games,35,36
118,Life Is Strange (Video Game),Video Games,0,1
63,Life Is Strange (Video Game),Video Games,1,2
65,Life Is Strange (Video Game),Video Games,2,3
67,Life Is Strange (Video Game),Video Games,3,4
53,Life Is Strange (Video Game),Video Games,4,5
38,Life Is Strange (Video Game),Video Games,5,6
48,Life Is Strange (Video Game),Video Games,6,7
46,Life Is Strange (Video Game),Video Games,7,8
41,Life Is Strange (Video Game),Video Games,8,9
40,Life Is Strange (Video Game),Video Games,9,10
44,Life Is Strange (Video Game),Video Games,10,11
39,Life Is Strange (Video Game),Video Games,11,12
45,Life Is Strange (Video Game),Video Games,12,13
30,Life Is Strange (Video Game),Video Games,13,14
50,Life Is Strange (Video Game),Video Games,14,15
50,Life Is Strange (Video Game),Video Games,15,16
60,Life Is Strange (Video Game),Video Games,16,17
52,Life Is Strange (Video Game),Video Games,17,18
36,Life Is Strange (Video Game),Video Games,18,19
55,Life Is Strange (Video Game),Video Games,19,20
72,Life Is Strange (Video Game),Video Games,20,21
61,Life Is Strange (Video Game),Video Games,21,22
92,Life Is Strange (Video Game),Video Games,22,23
79,Life Is Strange (Video Game),Video Games,23,24
102,Life Is Strange (Video Game),Video Games,24,25
119,Life Is Strange (Video Game),Video Games,25,26
148,Life Is Strange (Video Game),Video Games,26,27
112,Life Is Strange (Video Game),Video Games,27,28
135,Life Is Strange (Video Game),Video Games,28,29
46,Life Is Strange (Video Game),Video Games,29,30
33,Life Is Strange (Video Game),Video Games,30,31
27,Life Is Strange (Video Game),Video Games,31,32
33,Life Is Strange (Video Game),Video Games,32,33
20,Life Is Strange (Video Game),Video Games,33,34
13,Life Is Strange (Video Game),Video Games,34,35
1,Life Is Strange (Video Game),Video Games,35,36
115,Star Wars Legends: Sith Era - All Media Types,Video Games,0,1
82,Star Wars Legends: Sith Era - All Media Types,Video Games,1,2
55,Star Wars Legends: Sith Era - All Media Types,Video Games,2,3
58,Star Wars Legends: Sith Era - All Media Types,Video Games,3,4
82,Star Wars Legends: Sith Era - All Media Types,Video Games,4,5
42,Star Wars Legends: Sith Era - All Media Types,Video Games,5,6
26,Star Wars Legends: Sith Era - All Media Types,Video Games,6,7
65,Star Wars Legends: Sith Era - All Media Types,Video Games,7,8
71,Star Wars Legends: Sith Era - All Media Types,Video Games,8,9
69,Star Wars Legends: Sith Era - All Media Types,Video Games,9,10
45,Star Wars Legends: Sith Era - All Media Types,Video Games,10,11
52,Star Wars Legends: Sith Era - All Media Types,Video Games,11,12
72,Star Wars Legends: Sith Era - All Media Types,Video Games,12,13
61,Star Wars Legends: Sith Era - All Media Types,Video Games,13,14
50,Star Wars Legends: Sith Era - All Media Types,Video Games,14,15
61,Star Wars Legends: Sith Era - All Media Types,Video Games,15,16
79,Star Wars Legends: Sith Era - All Media Types,Video Games,16,17
49,Star Wars Legends: Sith Era - All Media Types,Video Games,17,18
49,Star Wars Legends: Sith Era - All Media Types,Video Games,18,19
40,Star Wars Legends: Sith Era - All Media Types,Video Games,19,20
61,Star Wars Legends: Sith Era - All Media Types,Video Games,20,21
77,Star Wars Legends: Sith Era - All Media Types,Video Games,21,22
69,Star Wars Legends: Sith Era - All Media Types,Video Games,22,23
58,Star Wars Legends: Sith Era - All Media Types,Video Games,23,24
63,Star Wars Legends: Sith Era - All Media Types,Video Games,24,25
39,Star Wars Legends: Sith Era - All Media Types,Video Games,25,26
24,Star Wars Legends: Sith Era - All Media Types,Video Games,26,27
26,Star Wars Legends: Sith Era - All Media Types,Video Games,27,28
31,Star Wars Legends: Sith Era - All Media Types,Video Games,28,29
18,Star Wars Legends: Sith Era - All Media Types,Video Games,29,30
16,Star Wars Legends: Sith Era - All Media Types,Video Games,30,31
20,Star Wars Legends: Sith Era - All Media Types,Video Games,31,32
15,Star Wars Legends: Sith Era - All Media Types,Video Games,32,33
11,Star Wars Legends: Sith Era - All Media Types,Video Games,33,34
13,Star Wars Legends: Sith Era - All Media Types,Video Games,34,35
17,Star Wars Legends: Sith Era - All Media Types,Video Games,35,36
113,World of Warcraft,Video Games,0,1
63,World of Warcraft,Video Games,1,2
49,World of Warcraft,Video Games,2,3
41,World of Warcraft,Video Games,3,4
71,World of Warcraft,Video Games,4,5
55,World of Warcraft,Video Games,5,6
40,World of Warcraft,Video Games,6,7
72,World of Warcraft,Video Games,7,8
49,World of Warcraft,Video Games,8,9
38,World of Warcraft,Video Games,9,10
44,World of Warcraft,Video Games,10,11
37,World of Warcraft,Video Games,11,12
40,World of Warcraft,Video Games,12,13
28,World of Warcraft,Video Games,13,14
52,World of Warcraft,Video Games,14,15
39,World of Warcraft,Video Games,15,16
63,World of Warcraft,Video Games,16,17
65,World of Warcraft,Video Games,17,18
45,World of Warcraft,Video Games,18,19
25,World of Warcraft,Video Games,19,20
24,World of Warcraft,Video Games,20,21
25,World of Warcraft,Video Games,21,22
19,World of Warcraft,Video Games,22,23
29,World of Warcraft,Video Games,23,24
33,World of Warcraft,Video Games,24,25
49,World of Warcraft,Video Games,25,26
23,World of Warcraft,Video Games,26,27
18,World of Warcraft,Video Games,27,28
13,World of Warcraft,Video Games,28,29
28,World of Warcraft,Video Games,29,30
11,World of Warcraft,Video Games,30,31
18,World of Warcraft,Video Games,31,32
26,World of Warcraft,Video Games,32,33
26,World of Warcraft,Video Games,33,34
16,World of Warcraft,Video Games,34,35
23,World of Warcraft,Video Games,35,36
63,Mass Effect: Andromeda,Video Games,0,1
39,Mass Effect: Andromeda,Video Games,1,2
74,Mass Effect: Andromeda,Video Games,2,3
114,Mass Effect: Andromeda,Video Games,3,4
196,Mass Effect: Andromeda,Video Games,4,5
193,Mass Effect: Andromeda,Video Games,5,6
178,Mass Effect: Andromeda,Video Games,6,7
295,Mass Effect: Andromeda,Video Games,7,8
484,Mass Effect: Andromeda,Video Games,8,9
123,Mass Effect: Andromeda,Video Games,9,10
4,Mass Effect: Andromeda,Video Games,10,11
3,Mass Effect: Andromeda,Video Games,11,12
0,Mass Effect: Andromeda,Video Games,12,13
0,Mass Effect: Andromeda,Video Games,13,14
1,Mass Effect: Andromeda,Video Games,14,15
0,Mass Effect: Andromeda,Video Games,15,16
1,Mass Effect: Andromeda,Video Games,16,17
1,Mass Effect: Andromeda,Video Games,17,18
0,Mass Effect: Andromeda,Video Games,18,19
0,Mass Effect: Andromeda,Video Games,19,20
0,Mass Effect: Andromeda,Video Games,20,21
0,Mass Effect: Andromeda,Video Games,21,22
0,Mass Effect: Andromeda,Video Games,22,23
0,Mass Effect: Andromeda,Video Games,23,24
0,Mass Effect: Andromeda,Video Games,24,25
0,Mass Effect: Andromeda,Video Games,25,26
0,Mass Effect: Andromeda,Video Games,26,27
0,Mass Effect: Andromeda,Video Games,27,28
0,Mass Effect: Andromeda,Video Games,28,29
0,Mass Effect: Andromeda,Video Games,29,30
0,Mass Effect: Andromeda,Video Games,30,31
0,Mass Effect: Andromeda,Video Games,31,32
0,Mass Effect: Andromeda,Video Games,32,33
0,Mass Effect: Andromeda,Video Games,33,34
0,Mass Effect: Andromeda,Video Games,34,35
0,Mass Effect: Andromeda,Video Games,35,36
87,Star Wars Legends: The Old Republic,Video Games,0,1
69,Star Wars Legends: The Old Republic,Video Games,1,2
47,Star Wars Legends: The Old Republic,Video Games,2,3
48,Star Wars Legends: The Old Republic,Video Games,3,4
80,Star Wars Legends: The Old Republic,Video Games,4,5
33,Star Wars Legends: The Old Republic,Video Games,5,6
22,Star Wars Legends: The Old Republic,Video Games,6,7
52,Star Wars Legends: The Old Republic,Video Games,7,8
57,Star Wars Legends: The Old Republic,Video Games,8,9
53,Star Wars Legends: The Old Republic,Video Games,9,10
33,Star Wars Legends: The Old Republic,Video Games,10,11
43,Star Wars Legends: The Old Republic,Video Games,11,12
46,Star Wars Legends: The Old Republic,Video Games,12,13
45,Star Wars Legends: The Old Republic,Video Games,13,14
44,Star Wars Legends: The Old Republic,Video Games,14,15
49,Star Wars Legends: The Old Republic,Video Games,15,16
74,Star Wars Legends: The Old Republic,Video Games,16,17
38,Star Wars Legends: The Old Republic,Video Games,17,18
43,Star Wars Legends: The Old Republic,Video Games,18,19
31,Star Wars Legends: The Old Republic,Video Games,19,20
48,Star Wars Legends: The Old Republic,Video Games,20,21
61,Star Wars Legends: The Old Republic,Video Games,21,22
50,Star Wars Legends: The Old Republic,Video Games,22,23
45,Star Wars Legends: The Old Republic,Video Games,23,24
44,Star Wars Legends: The Old Republic,Video Games,24,25
36,Star Wars Legends: The Old Republic,Video Games,25,26
20,Star Wars Legends: The Old Republic,Video Games,26,27
14,Star Wars Legends: The Old Republic,Video Games,27,28
22,Star Wars Legends: The Old Republic,Video Games,28,29
15,Star Wars Legends: The Old Republic,Video Games,29,30
12,Star Wars Legends: The Old Republic,Video Games,30,31
15,Star Wars Legends: The Old Republic,Video Games,31,32
8,Star Wars Legends: The Old Republic,Video Games,32,33
7,Star Wars Legends: The Old Republic,Video Games,33,34
10,Star Wars Legends: The Old Republic,Video Games,34,35
13,Star Wars Legends: The Old Republic,Video Games,35,36
